review_id,anchor_buyer_name_raw,candidate_buyer_name_raw,anchor_buyer_region,candidate_buyer_region,anchor_episode_origin_date,candidate_episode_origin_date,gap_days,anchor_main_cpv,candidate_main_cpv,anchor_all_cpvs_json,candidate_all_cpvs_json,anchor_framework_flag,anchor_duration_months,anchor_duration_quality,anchor_episode_text,candidate_episode_text,reviewer_id,same_legal_buyer_Y_N_UNCERTAIN,relationship_label,observable_successor_Y_N_UNCERTAIN,confidence_HIGH_MEDIUM_LOW,review_notes,review_date
R001,METROPOLE EUROPEENNE DE LILLE,METROPOLE EUROPEENNE DE LILLE,,,2021-05-13,2021-09-05,115,71300000,71300000,"[""71300000""]","[""71300000""]",True,,unresolved,Design des politiques publiques - Centrale d'Achat Métropolitaine - Accord cadre à marchés subséquents Design des politiques publiques - Centrale d'Achat Mé-tropolitaine - Accord cadre à marchés subséquents,Design des politiques publiques - Centrale d'Achat Métropolitaine - Accord cadre à marchés subséquents Design des politiques publiques - Centrale d'Achat Mé-tropolitaine - Accord cadre à marchés subséquents,,,,,,,
R002,CHU Amiens Picardie,CHU AMIENS PICARDIE,,,2025-03-20,2025-06-29,101,33000000,38434540,"[""33000000"",""33158400"",""33184420"",""33196100"",""33196200"",""33700000"",""33750000""]","[""38434540""]",False,,unresolved,"Fourniture d'équipements thérapeutiques, matériels et produits d'hygiène et de soins liés au confort du patient. Lot1 - Winncare FRANCE Lot 2 - Diffusion Médicale Hospitalière Lot 3 - DLM GUICHARD Lot 4 -DISSOL - JDF Lot 5 - Kohlas SAS Lot 8 - ELITE MEDICALE Lot 9 et 10 - SARL SOS OXYGENE NORD JOLY MEDICAL CHU Amiens Picardie Tribunal Administratif d'Amiens Winncare FRANCE Diffusion Médicale Hospitalière DLM GUICHARD DISSOL - JDF Kohlas SAS ELITE MEDICALE SARL SOS OXYGENE NORD JOLY MEDICAL buyer-categories Matelas anti-escarres non dynamiques et housses associées Dispositifs d'aide au positionnement dans les unités de soins Matériels en vue d'un repas thérapeutique Produits d'hygiène et de soins (de pédiatrie à gériatrie) Dispositifs d'aide au positionnement au bloc opératoire Prothèses mammaires transitoire en mousse Matériels lestés Produits de massage pour kinésithérapie Dispositifs d'aide au positionnement destinés à la pédiatrie Chaussures thérapeutiques Critère prix : 500 points Critère 2 : Valeur technique : 400 points Sous-critère 1 : Qualité des produits proposés au regard de la fiche technique - 200 points - Sous-sous critère 1 : Composition sur 100 points - Sous-sous critère 2 : Adaptabilité sur 100 points Sous-critère 2 : Délais de livraison - 100 points Sous-critère 3 : Organisation dédié à l'exécution du marché - 100 points - Sous-sous critère 1 : Modalités de passation des commandes sur 30 points - Sous-sous critère 2 : Modalités relatives aux demande de devis sur 20 points - Sous-sous critère 3 : Moyens humains dédiés à la prestation sur 20 points - Sous-sous critère 4 : Modalités de retour et d'échange des produits non-conformes sur 30 points Critère 3 : Développement durable dans le cadre de l'exécution du marché : 100 points Sous-critère 1 : Transport - 50 points Sous-critère 2 : Conditionnement et déchets - 50 points - Sous-sous critère 1 : Emballage sur 20 points - Sous-sous critère 2 : Réduction des déchets sur 30 points Les voies de recours ouvertes aux candidats sont les suivantes : - Référé précontractuel prévu aux articles L.551-1 à L.551-12 du Code de justice administrative (CJA), et pouvant être exercé avant la signature du contrat. - Référé contractuel prévu aux articles L.551-13 à L.551-23 du CJA, et pouvant être exercé dans les délais prévus à l'article R. 551-7 du CJA. - Recours pour excès de pouvoir prévu aux articles R421-1 à R421-7 du CJA contre les clauses réglementaires du contrat et pouvant être exercé dans un délai de deux mois suivant la date à laquelle la conclusion du marché est rendue publique CE 10 juillet 1996 Cayzeele. - Recours de pleine juridiction ouvert aux concurrents évincés, et pouvant être exercé dans les deux mois suivant la date à laquelle la conclusion du contrat est rendue publique. Le tribunal administratif peut être saisi par l'application ""Télérecours citoyen"" accessible par le site https://www.telerecours.fr/ Critère 2 : Valeur technique : 400 points Sous-critère 1 :Qualité des produits proposés au regard de la fiche technique - 200 points - Sous-sous critère 1 : Composition sur 100 points - Sous-sous critère 2 : Adaptabilité sur 100 points Sous-critère 2 : Délais de livraison - 100 points Sous-critère 3 : Organisation dédié à l'exécution du marché - 100 points - Sous-sous critère 1 : Modalités de passation des commandes sur 30 points - Sous-sous critère 2 : Modalités relatives aux demande de devis sur 20 points - Sous-sous critère 3 : Moyens humains dédiés à la prestation sur 20 points - Sous-sous critère 4 : Modalités de retour et d'échange des produits non-conformes sur 30 points Développement durable dans le cadre de l'exécution du marché : 100 points Sous-critère 1 : Transport - 50 points Sous-critère 2 : Conditionnement et déchets - 50 points - Sous-sous critère 1 : Emballage sur 20 points - Sous-sous critère 2 : Réduction des déchets sur 30 points Critère 2 : Valeur technique : 400 points Sous-critère 1 : Etendue de la gamme - 150 points Sous-critère 2 : Délais de livraison - 100 points Sous-critère 3 : Organisation dédié à l'exécution du marché - 150 points - Sous-sous critère 1 : Modalités de passation des commandes sur 50 points - Sous-sous critère 2 : Modalités relatives aux demande de devis sur 35 points - Sous-sous critère 3 : Moyens humains dédiés à la prestation sur 30 points - Sous-sous critère 4 : Modalités de retour et d'échange des produits non-conformes sur 35 points","FOURNITURE D'ACCESSOIRES, PIÈCES DÉTACHÉES, CONSOMMABLES ET PRESTATIONS ASSOCIÉES NÉCESSAIRES À LA MAINTENANCE DES ÉQUIPEMENTS BIOMÉDICAUX DU GHT SOMME LITTORAL SUD DLM GUICHARD SANTELEC EFILTEC SOLUTIONS CHU AMIENS PICARDIE tribunal administratif d'Amiens prix qualité buyer-categories Filtres pré-traitement pour centrale d'eau Délais de livraison Pièces détachées pour régulateurs de vide, débitmétrie, aspiration médicales et matériels d'oxygénothérapie Durée de validité du produit Tuyaux et flexibles d'alimentation O2/N2O/AIR/VIDE Pièces détachées et accessoires informatiques pour dépannage de matériels médicaux et ancien lot 2 Composants électroniques et petits outillages pour atelier En application des articles R.2162-1 à R.2162-6 et R.2162-13 à R.2162-14 du Code de la commande publique, il s'agit d'un accord-cadre mono-attributaire à émission de bons de commande conclu sans montant minimum et avec des montants maximums selon les lots par établissements et pour la durée totale de l'accord-cadre: - Lot 1 : CHU Amiens Picardie 60 000 euros HT - Lot 2 : CHU Amiens Picardie 100 000 euros HT - Lot 3 : CHU Amiens Picardie 40 000 euros HT, CH Corbie 40 000 euros HT - Lot 4 : CHU Amiens Picardie 20 000 euros HT, CHA Montreuil-sur-mer 20 000 euros HT, CH Corbie 20 000 euros HT, CHI Baie de Somme 20 000 euros HT - Lot 5 : CHU Amiens Picardie 600 000 euros HT, CHA Montreuil-sur-mer 600 000 euros HT. L'accord-cadre est conclu pour une durée initiale de 12 mois à compter de la date de notification jusqu'au 30/09/2025. Il pourra être reconduit tacitement 3 fois 12 mois. Des échantillons sont attendus concernant le lot 1 (voir article 6.3 du RC) Les montants de la valeur de l'offre indiqués correspond au montant DQE HT. il a été décidé de déclarer sans suite le lot 2 pour motif d'infructuosité tenant à l'absence d'offre, conformément aux articles R.2185-1 et R.2185-2 du Code de la commande publique. Ce lot a fait l'objet d'une relance en marché sans publicité ni mise en concurrence. CH CORBIE CHI de la Baie de Somme CH de l'arrondissement de Montreuil sur Mer prix des prestations, évalué sur le montant DQE en euros HT du BPU. Le candidat dont l'offre est la moins onéreuse se voit affecter le nombre de point maximal du critère. Les offres des candidats seront comparées à prix unitaires déconditionné afin de réaliser l'analyse à périmètre égal Qualité technique, évalué sur essais et fiches techniques. Eléments appréciés lors des essais et sur fiches techniques : mise en place du filtre, qualité du maintien, altération du produit pendant l'essai, mesure de l'efficacité de filtration avant osmoseur jugé sur la rétention physique et l'absorption en surface. les candidats disposent des voies de recours suivantes : - Le Référé pré-contractuel (articles L. 551-1 à L. 551-12 du Code de justice administrative) avant la signature du contrat. - Le Référé contractuel (articles L. 551-13 à L. 551-23 du Code de justice administrative) après la signature du contrat, dans les conditions prévues à l'article R. 551-7 du CJA. - Le Recours de pleine juridiction en contestation de la validité du contrat, ouvert aux tiers justifiant d'un intérêt lésé, et pouvant être exercé dans les 2 mois suivant la date à laquelle l'acheteur a effectué les mesures de publicité du contrat. - Le Recours pour excès de pouvoir, contre des clauses réglementaires du contrat ou contre une décision de l'acheteur, dans les 2 mois à compter de la notification ou de la publication de la décision attaquée. Prix des prestations (90 points) évalué sur le montant DQE en euros HT du BPU. Le candidat dont l'offre est la moins onéreuse se voit affecter le nombre de point maximal du critère. Les offres des candidats seront comparées à prix unitaires déconditionné afin de réaliser l'analyse à périmètre égal Le candidat doit indiquer dans le bordereau des prix unitaires le délai de livraison en jours ouvrés. Si une fourchette est proposée, la durée la plus longue sera prise en compte CH Corbie Prix des prestations (80 points) évalué sur le montant DQE en euros HT du BPU. Le candidat dont l'offre est la moins onéreuse se voit affecter le nombre de point maximal du critère. Les autres candidats se voient ensuite attribuer une note inférieure selon la formule suivante : Prix = ((Prix « moins disant ») / (Prix du candidat)) x le coefficient Le candidat doit indiquer dans la colonne « durée de validité en mois entre la date de fabrication et la date de péremption du flexible » du bordereau des prix unitaires. L'offre sera jugée irrégulière si l'information n'est pas communiquée dans la colonne prévue à cet effet. Ce critère évalue la durée de validité du produit, c'est-à-dire la durée comprise entre sa date de fabrication et sa date de péremption. Le candidat dont la durée de validité est la plus longue en nombre de mois, se voit affecter le nombre de points maximal du critère de validité du produit, soit 20 points (dans l'hypothèse où le(s) candidat(s) a/ont remis une offre conforme). Si une fourchette de délai est indiquée au BPU, le délai le plus long sera pris en compte. Si les délais sont différents parmi les références de flexibles, une moyenne des délais sera réalisée et prise en compte pour l'analyse CHI Baie de Somme CHA Montreuil-sur mer Le candidat doit indiquer dans le bordereau des prix unitaires le délai de livraison en jours ouvrés. Si une fourchette est proposée, la durée la plus longue sera prise en compte. Composants électroniques et petits outillages pour atelier",,,,,,,
R003,CG des Alpes-Maritimes - Direction de la Construction et du Patrimoine (06),CG des Alpes-Maritimes - Direction de la Construction et du Patrimoine (06),,,2024-03-20,2024-11-25,250,45262660,45262660,"[""45262660""]","[""45262660""]",False,4.0,typed_consensus,"2024M0039 - Travaux de dépollution amiante des combles préalables aux travaux de rénovation énergétique - Collège Auguste Blanqui à Puget-Théniers - 2024M0039 - Travaux de dépollution amiante préalables aux travaux de rénovation énergétique - Collège Auguste Blanqui à Puget-Théniers Combles Le présent marché a pour objet ""Travaux de dépollution amiante préalables aux travaux de rénovation énergétique - Collège Auguste Blanqui à Puget-Théniers Combles""","2024M0039 - Travaux de dépollution amiante des combles préalables aux travaux de rénovation énergétique - Collège Auguste Blanqui à Puget-Théniers - 2024M0039 - Travaux de dépollution amiante préalables aux travaux de rénovation énergétique - Collège Auguste Blanqui à Puget-Théniers Combles Le présent marché a pour objet ""Travaux de dépollution amiante préalables aux travaux de rénovation énergétique - Collège Auguste Blanqui à Puget-Théniers Combles""",,,,,,,
R004,Département de la Charente,Département de la Charente,,,2018-09-02,2020-10-01,760,90911200,30163100,"[""90911200""]","[""09132100"",""09134200"",""30163100""]",True,,unresolved,Prestations de nettoyage de différents locaux administratifs et pédagogiques des collèges du Département de la Charente La présente consultation porte sur des prestations de nettoyage de différents locaux administratifs et pédagogiques de 11 collèges du Département. D'autres collèges pourront être intégrés en cours d'exécution.La consultation donnera lieu à un accord-cadre à bons de commande sans minimum ni maximum passé en application de l'article 78.Ii.3° du décret no 2016-360 du 25 mars 2016 relatif aux marchés publics,"Fourniture de carburants à la pompe (cartes accréditives) pour les véhicules du Département de la Charente Accord-cadre à bon de commande sans minimum ni maximum. A titre indicatif, les quantités de carburant commandées les années précédentes sont :Type de carburant20182019Supercarburant sans plomb 95 : 8 000 L(2018); 7 000 L (2019)Supercarburant sans plomb 98 : 8 000 L(2018) ; 8 000 L (2019)Gazole : 40 000 L (2018) ; 35 000 L (2019)E85 : 100 L (2018) ; 200 L (2019)E10 : 10 000 L (2018);20 000 L (2019)",,,,,,,
R005,Ville de Marseille,Ville de Marseille,,,2017-06-09,2021-04-18,1409,16000000,34928500,"[""16000000""]","[""31320000"",""31527260"",""34928500""]",False,,unresolved,"Fourniture et livraison de matériels électriques et électroportatifs pour la ville de Marseille Fourniture et livraison de matériels électriques et électroportatifs nécessaires à l'entretien des espaces verts et naturels de la Ville de MarseilleLes bons de commandes seront émis dans les conditions et limites suivantes :Les valeurs données ci-après sont données par période annuelle :- Montant minimum annuel HT : 25 000 euro(s)- Montant maximum annuel HT : 50 000 euro(s)
A completer
Fourniture et livraison de matériels électriques et électroportatifs pour la ville de Marseille","Fourniiture et livraison de matériels pour le réseau d'éclairage public géré par la Ville de Marseille Systèmes d'éclairage Supports et ensembles Câbles Systèmes de commandes Acquisition de systèmes d'éclairage dédiés à l'éclairage public et aux mises en lumière : lanternes, projecteurs et appareillages dédiés.Le volume suivant des prestations est donné pour chaque période annuelle :MONTANT MINIMUM ANNUEL : 200 000 euro(s) HT SANS MONTANT MAXIMUM.Pour information, les consommations annuelles en moyenne pour les précédents marchés sont les suivantes: Lot 1 - Systèmes d'éclairage : 600 000 euro(s) H.T. Acquisition de supports et ensembles dédiés à l'éclairage public et aux mises en lumière : mâts, supports, consoles, crosses, candélabres et candélabres équipés de luminaires (ensembles).Le volume suivant des prestations est donné pour chaque période annuelle : MONTANT MINIMUM ANNUEL : 140 000 euro(s) HT SANS MONTANT MAXIMUM.Pour information, les consommations annuelles en moyenne pour les précédents marchés sont les suivantes: Lot 2 - Supports et ensembles : 340 000 euro(s) H.T. Acquisition de tout type de câbles de distribution d'énergie et de commandes. Le volume suivant des prestations est donné pour chaque période annuelle : MONTANT MINIMUM ANNUEL : 10 000 euro(s) HT SANS MONTANT MAXIMUM.Pour information, les consommations annuelles en moyenne pour les précédents marchés sont les suivantes : Lot 3 - Câbles : 24 000 euro(s) H.T. Acquisition de coffrets de coupure, de coffrets de commandes, d'armoires d'alimentation et de systèmes de commandes et d'économie d'énergie pour l'éclairage public. Le volume suivant des prestations est donné pour chaque période annuelle : MONTANT MINIMUM ANNUEL : 5 000 euro(s) HT SANS MONTANT MAXIMUM.Pour information, les consommations annuelles en moyenne pour les précédents marchés sont les suivantes : Lot 4 - Systèmes de commandes : 11 000 euro(s) H.T.
Fourniiture et livraison de matériels pour le réseau d'éclairage public géré par la Ville de Marseille Systèmes d'éclairage Supports et ensembles Câbles Systèmes de commandes",,,,,,,
R006,Ville de Tourcoing,Mairie de Tourcoing,,,2016-10-13,2024-09-15,2894,50118110,50111100,"[""34100000"",""50118110"",""50190000"",""79713000""]","[""50111100"",""50118110"",""50190000"",""63727100""]",True,,unresolved,"Enlèvement, mise en fourrière, gardiennage des véhicules en infraction avec le code de la route. Expertise, destruction des véhicules menaçant la sécurité ou troublant l'ordre public Enlèvement de véhicules, exploitation de fourrière et gardiennage Expertise Démolition ou Destruction de véhicules menaçant la sécurité ou troublant l'ordre public Le présent accord-cadre est passé à prix révisables, qui ne peuvent, en aucun cas, excéder les montants maximums légaux stipulés par l'arrêté ministériel du 10 juillet 2015 fixant les tarifs maxima des frais de fourrière pour automobiles.Lors de son exécution, l'accord-cadre donne lieu à des bons de commande, conformément à l'article 78 du Décret no 2016-360 du 25 mars 2016 et de l'article 4 de l'Ordonnance no 2015-899 du 23 juillet 2015 dont les montants minimum et maximum sont les suivants : Montant minimum annuel 40 000 euros H.T. ; Montant maximum annuel : 75 000 euros H.T. Le présent marché est passé à prix révisables, qui ne peuvent, en aucun cas, excéder les montants maximums légaux stipulés par l'arrêté ministériel du 10 juillet 2015 fixant les tarifs maxima des frais de fourrière pour automobiles.Lors de son exécution, l'accord-cadre donne lieu à des bons de commande, conformément à l'article 78 du Décret no 2016-360 du 25 mars 2016 et de l'article 4 de l'Ordonnance no 2015-899 du 23 juillet 2015 dont les montants minimum et maximum sont les suivants : Montant minimum annuel : 10 000 euros H.T. ; Montant maximum annuel : 40 000 euros H.T. Le présent marché est passé à prix fermes.Lors de son exécution, l'accord-cadre donne lieu à des bons de commande, conformément à l'article 78 du Décret no 2016-360 du 25 mars 2016 et de l'article 4 de l'Ordonnance no 2015-899 du 23 juillet 2015 dont les montants sont les suivants : Montant minimal requis par catégorie de véhicules ; Pas de montant maximal.
Enlèvement, mise en fourrière, gardiennage des véhicules en infraction avec le code de la route. Expertise, destruction des véhicules menaçant la sécurité ou troublant l'ordre public Enlèvement de véhicules, exploitation de fourrière et gardiennage Expertise Démolition ou Destruction de véhicules menaçant la sécurité ou troublant l'ordre public Expertise véhicules déposés en fourrière Le présent accord-cadre est passé à prix révisables, qui ne peuvent, en aucun cas, excéder les montants maximums légaux stipulés par l'arrêté ministériel du 10 juillet 2015 fixant les tarifs maxima des frais de fourrière pour automobiles.Lors de son exécution, l'accord-cadre donne lieu à des bons de commande, conformément à l'article 78 du Décret no 2016-360 du 25 mars 2016 et de l'article 4 de l'Ordonnance no 2015-899 du 23 juillet 2015 dont les montants minimum et maximum sont les suivants : Montant minimum annuel 40 000 euros H.T. ; Montant maximum annuel : 75 000 euros H.T. Le présent marché est passé à prix révisables, qui ne peuvent, en aucun cas, excéder les montants maximums légaux stipulés par l'arrêté ministériel du 10 juillet 2015 fixant les tarifs maxima des frais de fourrière pour automobiles.Lors de son exécution, l'accord-cadre donne lieu à des bons de commande, conformément à l'article 78 du Décret no 2016-360 du 25 mars 2016 et de l'article 4 de l'Ordonnance no 2015-899 du 23 juillet 2015 dont les montants minimum et maximum sont les suivants : Montant minimum annuel : 10 000 euros H.T. ; Montant maximum annuel : 40 000 euros H.T. Le présent marché est passé à prix fermes.Lors de son exécution, l'accord-cadre donne lieu à des bons de commande, conformément à l'article 78 du Décret no 2016-360 du 25 mars 2016 et de l'article 4 de l'Ordonnance no 2015-899 du 23 juillet 2015 dont les montants sont les suivants : Montant minimal requis par catégorie de véhicules ; Pas de montant maximal.","Enlèvement, mise en fourrière, gardiennage et destruction des véhicules en infraction avec le code de la route sur le territoire de la ville de Tourcoing Mairie de Tourcoing service commande publique TRIBUNAL ADMINISTRATIF DE LILLE Tribunal Administratif de Lille Lettre de candidature ou DC1 complété Déclaration sur l'honneur visée à l'article R. 2143-3 du Code de la commande publique ou règle d'effet équivalent pour les candidats établis à l'étranger Déclaration concernant le chiffre d'affaire global et le chiffre d'affaires du domaine d'activité faisant l'objet du marché portant sur les 3 derniers exercices disponibles Déclaration indiquant les effectifs moyens annuels du candidat , Agrément préfectoral en cours de validité, ou justificatif du dépôt d'une demande d'agrément. Pour le lot 1 : agrément relatif à la fourrière Pour le lot 2 : agrément permettant la démolition ou la destruction de véhicules PRIX valeur technique Enlèvement de véhicules, exploitation de fourrière et gardiennage prix Valeur technique Destruction de véhicules menaçant la sécurité ou troublant l'ordre public Se référer aux documents de la consultation enlèvement, mise en fourrière, gardiennage des véhicules en infraction avec le code de la route, et destruction des véhicules menaçant la sécurité ou troublant l'ordre public. Ce critère sera apprécié sur la base des prix unitaires indiqués dans le bordereau des prix unitaires appliqués aux quantités reprises dans le détail quantitatif estimatif Moyens humains et matériels/capacité de stockage et site de la fourrière / méthodologie et modalités d'intervention https://lille.tribunal-administratif.fr l'enlèvement, la mise en fourrière et le gardiennage des véhicules en infraction avec le code de la route ainsi que la destruction des véhicules menaçant la sécurité ou troublant l'ordre public. Le titulaire est chargé d'assurer notamment l'enlèvement des véhicules en infraction au code de la route et ce, à chaque demande de l'Officier de police judiciaire ou des agents de police judiciaire ainsi que des agents de police judiciaire adjoints mentionnés au 2° de l'article 21 du code de procédure pénale. moyens humains et matériels / protection de l'environnement de la destruction quel que soit leur état, des véhicules réputés abandonnés à la fourrière désignée par la ville expertisé dans le SI d'une valeur marchande inférieure au montant fixé par l'arrêté interministériel prévu par l'article L325-7 du Code de la Route et déclarés hors d'état de circuler dans des conditions normales de sécurité. - de la destruction des véhicules remis au Service des Domaines, en vue de leur aliénation, qu'il estime invendables et ceux qui ont fait l'objet d'une tentative de vente infructueuse. - de la destruction des véhicules épaves, identifiables ou non identifiables, abandonnés volontairement par leur propriétaire ou laissés en déshérence sur le domaine public ou cédés gracieusement à la ville par leur propriétaire.
Enlèvement, mise en fourrière, gardiennage et destruction des véhicules en infraction avec le code de la route sur le territoire de la ville de Tourcoing Mairie de Tourcoing service commande publique TRIBUNAL ADMINISTRATIF DE LILLE Tribunal Administratif de Lille DEPANORD DEPANNAGE ROLLIN GARAGE DELMAERE SOLUVAL PRIX valeur technique Enlèvement de véhicules, exploitation de fourrière et gardiennage prix Valeur technique Destruction de véhicules menaçant la sécurité ou troublant l'ordre public enlèvement, mise en fourrière, gardiennage des véhicules en infraction avec le code de la route, et destruction des véhicules menaçant la sécurité ou troublant l'ordre public. Ce critère sera apprécié sur la base des prix unitaires indiqués dans le bordereau des prix unitaires appliqués aux quantités reprises dans le détail quantitatif estimatif Moyens humains et matériels/capacité de stockage et site de la fourrière / méthodologie et modalités d'intervention https://lille.tribunal-administratif.fr l'enlèvement, la mise en fourrière et le gardiennage des véhicules en infraction avec le code de la route. Le titulaire est chargé d'assurer notamment l'enlèvement des véhicules en infraction au code de la route et ce, à chaque demande de l'Officier de police judiciaire ou des agents de police judiciaire ainsi que des agents de police judiciaire adjoints mentionnés au 2° de l'article 21 du code de procédure pénale. moyens humains et matériels / protection de l'environnement destruction quel que soit leur état, des véhicules réputés abandonnés à la fourrière désignée par la ville expertisé dans le SI d'une valeur marchande inférieure au montant fixé par l'arrêté interministériel prévu par l'article L325-7 du Code de la Route et déclarés hors d'état de circuler dans des conditions normales de sécurité. - de la destruction des véhicules remis au Service des Domaines, en vue de leur aliénation, qu'il estime invendables et ceux qui ont fait l'objet d'une tentative de vente infructueuse. - de la destruction des véhicules épaves, identifiables ou non identifiables, abandonnés volontairement par leur propriétaire ou laissés en déshérence sur le domaine public ou cédés gracieusement à la ville par leur propriétaire.",,,,,,,
R007,OPH 77,OPH 77,,,2016-11-12,2017-03-02,110,32360000,32360000,"[""32360000""]","[""32360000""]",False,,unresolved,PRESTATIONS D'ENTRETIEN DES SYSTÈMES D'INTERPHONIE ET DES CONTRÔLES D'ACCÈS SUR LE PATRIMOINE DE L'OPH 77 - 4 LOTS Travaux d'entretien des contrôles d'accès et systèmes d'Interphonie pour l'Agence de Melun-Val-De-Seine (environ 5 288 logements). Travaux d'entretien des contrôles d'accès et systèmes d'Interphonie pour l'Agence de Sénart (environ 3 458 logements). Travaux d'entretien des contrôles d'accès et systèmes d'Interphonie pour l'Agence Nord Seine et Marne (environ 4 983 logements). Travaux d'entretien des contrôles d'accès et systèmes d'Interphonie pour l'Agence Sud Seine et Marne (environ 2 792 logements).,"PRESTATIONS D'ENTRETIEN DES SYSTÈMES D'INTERPHONIE ET DES CONTRÔLES D'ACCÈS SUR LE PATRIMOINE DE L'OPH 77 - 4 LOTS Travaux d'entretien des contrôles d'accès et systèmes d'Interphonie pour l'Agence de Melun-Val-De-Seine (environ 5 288 logements). Travaux d'entretien des contrôles d'accès et systèmes d'Interphonie pour l'Agence de Sénart (environ 3 458 logements). Travaux d'entretien des contrôles d'accès et systèmes d'Interphonie pour l'Agence Nord Seine et Marne (environ 4 983 logements). Travaux d'entretien des contrôles d'accès et systèmes d'Interphonie pour l'Agence Sud Seine et Marne (environ 2 792 logements).
PRESTATIONS D'ENTRETIEN DES SYSTÈMES D'INTERPHONIE ET DES CONTRÔLES D'ACCÈS SUR LE PATRIMOINE DE L'OPH 77 - 4 LOTS Travaux d'entretien des contrôles d'accès et systèmes d'Interphonie pour l'Agence de Melun-Val-De-Seine (environ 5 288 logements) Travaux d'entretien des contrôles d'accès et systèmes d'Interphonie pour l'Agence de Sénart (environ 3 458 logements) Travaux d'entretien des contrôles d'accès et systèmes d'Interphonie pour l'Agence Nord Seine et Marne (environ 4 983 logements) Travaux d'entretien des contrôles d'accès et systèmes d'Interphonie pour l'Agence Sud Seine et Marne (environ 2 792 logements) Travaux d'entretien des contrôles d'accès et systèmes d'Interphonie pour l'Agence de Melun-Val-De-Seine (environ 5 288 logements). Travaux d'entretien des contrôles d'accès et systèmes d'Interphonie pour l'Agence de Sénart (environ 3 458 logements). Travaux d'entretien des contrôles d'accès et systèmes d'Interphonie pour l'Agence Nord Seine et Marne (environ 4 983 logements). Travaux d'entretien des contrôles d'accès et systèmes d'Interphonie pour l'Agence Sud Seine et Marne (environ 2 792 logements).",,,,,,,
R008,Ville de Neuilly-sur-Seine,Ville de Neuilly-sur-Seine,,,2016-08-13,2022-09-18,2227,22200000,22200000,"[""22200000"",""22210000"",""22211000"",""32353000""]","[""22200000""]",False,,unresolved,"Fourniture de journaux, revues et périodiques pour la ville de Neuilly-sur-Seine Journaux, revues et périodiques d'information générale Journaux, revues et périodiques spécialisés Enregistrements sonores, images fixes et images animées Le lot no1 porte sur la fourniture de journaux, revues et périodiques d'information générale. Ces prestations seront comprises dans les limites financières suivantes, pour chaque lot et chaque période d'exécution du contrat :- montant minimum annuel : 10 000 euro(s) HT- montant maximum annuel : 50 000 euro(s) HT Le lot no1 porte sur la fourniture de journaux, revues et périodiques spécialisés. Ces prestations seront comprises dans les limites financières suivantes, pour chaque lot et chaque période d'exécution du contrat :- montant minimum : 15 000 euro(s) HT- montant maximum annuel : 70 000 euro(s) HT Le lot no1 porte sur la fourniture d'enregistrements sonores, images fixes et images animées. Ces prestations seront comprises dans les limites financières suivantes, pour chaque lot et chaque période d'exécution du contrat :- montant minimum annuel : 5 000 euro(s) HT- montant maximum annuel : 30 000 euro(s) HT","Fourniture de journaux, revues et périodiques pour la Ville de Neuilly-sur-Seine Le présent marché concerne la fourniture de journaux, revues et périodiques pour la Ville de Neuilly-sur-Seine. La consultation donnera lieu à des accords-cadres à bons de commande, en application des articles R.2162-1 à 6 et R. 2162-13 et R. 2162-14 du Code de la commande publique dont les prestations seront susceptibles de varier selon les montants minimum et maximum suivants sur chacune des périodes d'exécution du marché : - Montant minimum : 10 000 euro(s) HT - Montant maximum : 200 000 euro(s) HT À titre d'information non contractuelle, les prestations confiées aux titulaires des marchés actuels de la Ville se sont élevées à : 2019 : 27.244,31 euro(s) HT 40.847,84 euro(s) HT 18.720,37 euro(s) HT 2020 : 23.117,60 euro(s) HT 40.832,38 euro(s) HT 20.795,94 euro(s) HT 2021 : 26.326,13 euro(s) HT 46.020,84 euro(s) HT 22.546,54 euro(s) HTIl est précisé que ces données sont communiquées à titre purement indicatif.
Fourniture de journaux, revues et périodiques pour la Ville de Neuilly-sur-Seine Fourniture de journaux, revues et périodiques pour la Ville de Neuilly sur Seine Le présent marché concerne la fourniture de journaux, revues et périodiques pour la Ville de Neuilly-sur-Seine. La consultation donnera lieu à des accords-cadres à bons de commande, en application des articles R.2162-1 à 6 et R. 2162-13 et R. 2162-14 du Code de la commande publique dont les prestations seront susceptibles de varier selon les montants minimum et maximum suivants sur chacune des périodes d'exécution du marché : - Montant minimum : 10 000 euro(s) HT - Montant maximum : 200 000 euro(s) HT À titre d'information non contractuelle, les prestations confiées aux titulaires des marchés actuels de la Ville se sont élevées à : 2019 : 27.244,31 euro(s) HT 40.847,84 euro(s) HT 18.720,37 euro(s) HT 2020 : 23.117,60 euro(s) HT 40.832,38 euro(s) HT 20.795,94 euro(s) HT 2021 : 26.326,13 euro(s) HT 46.020,84 euro(s) HT 22.546,54 euro(s) HTIl est précisé que ces données sont communiquées à titre purement indicatif.",,,,,,,
R009,VALENCE ROMANS SUD RHONE-ALPES,VALENCE ROMANS SUD RHONE-ALPES,,,2019-04-17,2019-07-26,100,15500000,15500000,"[""15500000"",""15892200""]","[""15500000"",""15892200""]",False,,unresolved,"192079 - Produits laitiers, à base de jus végétal et ovo-produits - Ac à Dbc Produits laitiers Produits à base de jus végétal Ovo-produits Montant minimum annuel: 90 000 euro(s) HtMontant maximum annuel: 400 000 euro(s) Ht Montant minimum annuel: 3 000 euro(s) HtMontant maximum annuel: 100 000 euro(s) Ht","192079 - Produits laitiers, à base de jus végétal et ovo-produits - Ac à Dbc Produits laitiers Produits à base de jus végétal Ovo-produits Montant minimum annuel: 90 000 euro(s) HtMontant maximum annuel: 400 000 euro(s) Ht Montant minimum annuel: 3 000 euro(s) HtMontant maximum annuel: 100 000 euro(s) Ht",,,,,,,
R010,Ville de Levallois,Ville de Levallois,,,2017-06-18,2020-12-19,1280,64121100,64121100,"[""64121100""]","[""64121100""]",False,,unresolved,"Prestation De Distribution De Divers Documents Le présent marché a pour objet la prestation de distribution dans les boîtes aux lettres levalloisiennes (particuliers, commerçants et entreprises) de divers documents tels que le magazine municipal Info Levallois, des brochures, plaquettes, tracts et courriers.Le marché sera attribué à un unique titulaire pour une durée maximale de quatre années, reconductions comprises.Le montant maximum du marché est de 800 000 euro(s) Htva en tenant compte des éventuelles reconductions, soit 200 000 euro(s) Htva par an.Le présent marché de service est soumis à l'ordonnance no2015-899 du 23 juillet 2015 et au décret no2016-360 du 25 mars 2016 modifiés et est régi par les dispositions du Cahier des Clauses Administratives Générales applicables aux marchés publics de Fournitures Courantes et Services approuvé par Arrêté du 19 janvier 2009","Prestation De Distribution De Divers Documents Le présent marché est publié en raison de la décision de déclarer sans suite une précédente procédure pour tenir compte d'évolutions du besoin de la Ville.Il a pour objet la prestation de distribution dans les boîtes aux lettres levalloisiennes (particuliers, commerçants et entreprises) de divers documents tels que le magazine municipal Info Levallois, des brochures,plaquettes, tracts et courriers.Le marché, qualifié de marché de services, est lancé en application des dispositions des articles L.2124-2, R.2124-2 et R.2161-1 à R.2161-5 du Code de la Commande Publique(ci-après dénommé le Code).Il constitue un accord-cadre à bons de commande soumis aux dispositions des articles L.2125-1 et R.2162-1 à R.2162-6 du Code.Ce marché sera attribué à un unique titulaire pour une durée maximale de 4 ans, reconductions comprises.Le montant maximum annuel des prestations est fixé à 150 000 euro(s) Htva, sans montant minimum
Prestation De Distribution De Divers Documents
Prestation De Distribution De Divers Documents Le présent marché est publié en raison de la décision de déclarer sans suite une précédente procédure pour tenir compte d'évolutions du besoin de la Ville.Il a pour objet la prestation de distribution dans les boîtes aux lettres levalloisiennes (particuliers, commerçants et entreprises) de divers documents tels que le magazine municipal Info Levallois, des brochures,plaquettes, tracts et courriers.Le marché, qualifié de marché de services, est lancé en application des dispositions des articles L.2124-2, R.2124-2 et R.2161-1 à R.2161-5 du Code de la Commande Publique(ci-après dénommé le Code).Il constitue un accord-cadre à bons de commande soumis aux dispositions des articles L.2125-1 et R.2162-1 à R.2162-6 du Code.Ce marché sera attribué à un unique titulaire pour une durée maximale de 4 ans, reconductions comprises.Le montant maximum annuel des prestation",,,,,,,
R011,Ville de Nantes,Ville de Nantes,Pays de la Loire,Pays de la Loire,2018-05-17,2022-04-16,1430,72212160,72320000,"[""72212160""]","[""72320000""]",False,,unresolved,"bibliothèque municipale - enrichissement de la base de données livrjeun Le présent marché de services a pour objet l'enrichissement de la base de données LIVRJEUN de la Bibliothèque Municipale de Nantes.Ce marché prend la forme dun marché ordinaire.
bibliothèque municipale - enrichissement de la base de données livrjeun Bibliothèque municipale - Enrichissement de la base de données Livrjeun","enrichissement de la base de données livrjeun Le présent marché a pour objet de confier à un prestataire lenrichissement du site InternetLIVRJEUN.
enrichissement de la base de données livrjeun La présente consultation porte sur l'enrichissement de la base dedonnées LIVRJEUN de la Bibliothèque Municipale de Nantes.",,,,,,,
R012,Ville de Brest,Ville de Brest,Bretagne,Bretagne,2019-06-28,2025-02-11,2055,79952100,32342410,"[""32342410"",""39522530"",""44411000"",""79952100""]","[""31731100"",""32342410"",""34220000"",""39522530"",""44411000""]",True,,unresolved,"Accord cadre relatif aux locations et prestations techniques pour l'organisation des évènements culturels de la Ville de Brest Location de scènes mobiles et structures de scènes Location et prestation de sonorisation, d'éclairages et de vidéo Location de backline, d'instruments de musique et périphériques Location de bungalows et engins de chantier Location de tentes et structures Location de sanitaires raccordables Location de cabines sanitaires autonomes
Accord cadre relatif aux locations et prestations techniques pour l'organisation des évènements culturels de la Ville de Brest
Accord cadre relatif aux locations et prestations techniques pour l'organisation des évènements culturels de la Ville de Brest Location de scènes mobiles et structures de scènes Location et prestation de sonorisation, d'éclairages et de vidéo Location de backline, d'instruments de musique et périphériques Location de bungalows et engins de chantier Location de tentes et structures Location de sanitaires raccordables Location de cabines sanitaires autonomes Location et prestation de sonorisation, d'éclairage et de vidéo Location de backline, d'instruments de musique et périphérique","Accord-cadre relatif aux locations et prestations techniques pour l'organisation des événements culturels de la Ville de Brest. Ville de Brest Division de la commande publique Tribunal administratif de Rennes et Greffe du Tribunal administratif de Rennes Lot 1 - Location, montage et démontage de scènes mobiles et de structures de scènes. Lot 2 - Location et prestation de sonorisation, d'éclairage et de vidéo. Lot 3 - Location de backline, d'instruments de musique et de périphériques. Lot 4 - Location, pose et dépose de bungalows et location d'engins de chantier. Lot 5 - Location, montage et démontage de tentes et de structures. Lot 6 - Location, pose et dépose de sanitaires raccordables. Les autres motifs d'exclusion figurent dans le DCE La présente consultation a pour objet de conclure un accord-cadre mono-attributaire s'exécutant au fur et à mesure de l'émission de bons de commande concernant les locations et prestations techniques pour l'organisation des événements culturels de la Ville de Brest. Déclaration concernant le chiffre d'affaires global du candidat et, le cas échéant, le chiffre d'affaires du domaine d'activité faisant l'objet du marché public, portant au maximum sur les trois derniers exercices disponibles en fonction de la date de création de l'entreprise ou du début d'activité de l'opérateur économique, dans la mesure où les informations sur ces chiffres d'affaires sont disponibles. * Déclaration indiquant les effectifs moyens annuels du candidat et l'importance du personnel d'encadrement pendant les trois dernières années ; * Liste des principales prestations effectuées au cours des trois dernières années indiquant le montant, la date et le destinataire public ou privé. Les prestations sont prouvées par des attestations du destinataire ou, à défaut, par une déclaration de l'opérateur économique. Valeur technique de l'offre Prix Séance non publique
Accord-cadre relatif aux locations et prestations techniques pour l'organisation des événements culturels de la Ville de Brest. Offre ACTISCENE lot 1 Offre AUDIOLITE lot 2 Offre SVM lot 3 Offre LOXAM lot 4 Offre LOXAM lot 6 Ville de Brest Division de la commande publique Tribunal administratif de Rennes et Greffe du Tribunal administratif de Rennes ACTISCENE AUDIOLITE SONORISATION SEVENANT MUSIQUE (SVM) LOXAM buyer-categories Lot 1 - Location, montage et démontage de scènes mobiles et de structures de scènes. Lot 2 - Location et prestation de sonorisation, d'éclairage et de vidéo. Lot 3 - Location de backline, d'instruments de musique et de périphériques. Lot 4 - Location, pose et dépose de bungalows et location d'engins de chantier. Lot 5 - Location, montage et démontage de tentes et de structures. Lot 6 - Location, pose et dépose de sanitaires raccordables. La présente consultation a pour objet de conclure un accord-cadre mono-attributaire s'exécutant au fur et à mesure de l'émission de bons de commande concernant les locations et prestations techniques pour l'organisation des événements culturels de la Ville de Brest. Territoire de Brest métropole Valeur technique de l'offre Prix",,,,,,,
R013,C.A. de Saint-Quentin-en-Yvelines,C.A. de Saint-Quentin-en-Yvelines,,,2022-05-25,2022-08-18,85,50413000,50413000,"[""50413000""]","[""50413000""]",False,12.0,typed_consensus,"Entretien, Maintenance, Depannage, Fourniture Et Pose Des Moyens De Secours Ainsi Que D'Extinction","Entretien, Maintenance, Depannage, Fourniture Et Pose Des Moyens De Secours Ainsi Que D'Extinction",,,,,,,
R014,"SEMITAN, mandataire de Nantes Métropole","SEMITAN, mandataire de Nantes Métropole",Pays de la Loire,Pays de la Loire,2025-02-12,2025-12-31,322,45232332,34996000,"[""32571000"",""45232332"",""45314300""]","[""34996000"",""34996100""]",True,36.0,typed_consensus,"Accord-cadre de travaux de diagnostic multitubulaire et identification de câbles CFO et CFA Avenue-Web Systèmes SEMITAN, mandataire de Nantes Métropole Le Grontec Olivier SEMITAN Département Commande Publique Tribunal administratif de Nantes « Le candidat individuel, ou chaque membre du groupement, ne doit pas entrer dans l’un des cas d’exclusion de la procédure de passation prévus par le code de la commande publique. La présente consultation a pour objet la réalisation de diagnostics sur la multitubulaire du réseau de tramway nantais, sur l'implantation, l'état de sa structure ainsi que l'identification des liaisons câblées (courants forts, courants faibles, fibre optique...) présentes dans celle-ci. Ces investigations permettront de détailler les fonctionnalités des différents câbles présents dans ces infrastructures. A partir de ces relevés, une analyse plus avancée permettra de hiérarchiser les modalités de migration préalables ou d'optimisation des infrastructures afin d'assurer la continuité fonctionnelle des équipements ferroviaires lors de travaux de rénovation ou de développement du réseau. Cet accord-cadre servira dans le cadre d'opérations sous mandat de Nantes Métropole comme la rénovation du Quai de la Fosse, du développement des nouvelles lignes de transport, etc. Le détail complet des prestations figure au CCTP. Il s'agit d'un accord cadre de travaux mono-attributaire, sans montant minimum et avec un montant maximum de 1 250 000 euros HT, sur l'ensemble de la durée de l'accord-cadre (reconductions comprises), conformément à l'article R. 2162-4 2° du code de la commande publique. Cet accord cadre sera exécuté au fur et à mesure de l'émission de bons de commande conformément à l'article R. 2162-2 alinéa 2 du code de la commande publique - Une lettre de candidature accompagnée des pièces présentant la société candidate (dont notamment le nom, la raison sociale, la forme juridique etc..). Le candidat pourra utiliser le formulaire Dc1. - Les documents relatifs aux pouvoirs de la personne habilitée pour engager l'entreprise candidate, le cas échéant. - La copie du ou des jugements prononcés, si le candidat est en redressement judiciaire. - Une déclaration sur l'honneur, dûment datée et signée pour justifier qu'il n'entre dans aucun des cas mentionnés articles L. 2141-1 à 2141-5, L. 2141-7 à L. 2141-10 du code de la commande publique, ou la case F1 du Dc1 cochée, valant déclaration sur l'honneur. Le candidat fournira son numéro unique d'identification délivré par l'Insee, ou à défaut, un extrait kbis de moins de 3 mois (ou équivalent), permettant de vérifier ces points. Si le candidat est basé à l'étranger, il fournira un document délivré par l'autorité judiciaire ou administrative compétente de son pays d'origine attestant de ces points. - Une attestation d'assurance de responsabilité civile professionnelle en cours de validité - Une déclaration concernant le chiffre d'affaires global et le chiffre d'affaires concernant les prestations objet du présent accord-cadre, réalisés au cours des trois derniers exercices disponibles. Le candidat pourra utiliser le formulaire Dc2 - Une déclaration indiquant les effectifs moyens annuels du candidat et l'importance du personnel d'encadrement pour chacune des trois dernières années ; - Une liste des travaux exécutés au cours des cinq dernières années, appuyée d'attestations de bonne exécution pour les travaux les plus importants. Ces attestations indiquent le montant, la date et le lieu d'exécution des travaux et précisent s'ils ont été effectués selon les règles de l'art et menés régulièrement à bonne fin ; - L'indication des titres d'études et professionnels du candidat ou des cadres de l'entreprise, et notamment des responsables de conduite des travaux de même nature que celle de l'accord-cadre ; - Une description de l'outillage, du matériel et de l'équipement technique dont le candidat dispose pour la réalisation de l'accord-cadre ; - Les certificats de qualification professionnelle établis par des organismes indépendants pour les compétences suivantes : - Ouvrages annexes de télécommunications ; - Installation d'infrastructures de câblage ; - Installation d'infrastructures de communications La preuve de la capacité du candidat peut être apportée par tout moyen, notamment par des certificats équivalents d'organismes établis dans d'autres Etats membres Garantie à première demande pour le versement de l'avance le cas échéant Retenue de garantie ou garantie à première demande Retenue de garantie complémentaire sur les Doe Les conditions d'exécution du marché figurent au sein du cahier des charges L'accord-cadre est reconductible tacitement 2 (deux) fois 1 (un) an
Accord-cadre de travaux de diagnostic multitubulaire et identification de câbles CFO et CFA Avenue-Web Systèmes SEMITAN, mandataire de Nantes Métropole Le Grontec Olivier SEMITAN Département Commande Publique Tribunal administratif de Nantes EIFFAGE ENERGIE SYSTEMES FERROVIAIRES La présente consultation a pour objet la réalisation de diagnostics sur la multitubulaire du réseau de tramway nantais, sur l'implantation, l'état de sa structure ainsi que l'identification des liaisons câblées (courants forts, courants faibles, fibre optique...) présentes dans celle-ci. Ces investigations permettront de détailler les fonctionnalités des différents câbles présents dans ces infrastructures. A partir de ces relevés, une analyse plus avancée permettra de hiérarchiser les modalités de migration préalables ou d'optimisation des infrastructures afin d'assurer la continuité fonctionnelle des équipements ferroviaires lors de travaux de rénovation ou de développement du réseau. Cet accord-cadre servira dans le cadre d'opérations sous mandat de Nantes Métropole comme la rénovation du Quai de la Fosse, du développement des nouvelles lignes de transport, etc. Le détail complet des prestations figure au CCTP. Il s'agit d'un accord cadre de travaux mono-attributaire, sans montant minimum et avec un montant maximum de 1 250 000 euros HT, sur l'ensemble de la durée de l'accord-cadre (reconductions comprises), conformément à l'article R. 2162-4 2° du code de la commande publique. Cet accord cadre sera exécuté au fur et à mesure de l'émission de bons de commande conformément à l'article R. 2162-2 alinéa 2 du code de la commande publique Valeur technique de l'offre Valeur Rse et environnementale Prix L'accord-cadre est reconductible tacitement 2 (deux) fois 1 (un) an","Accord-cadre pour études, évolutions logicielles, fourniture et installation des équipements embarqués permettant l'insertion et l'extraction des bus sur les plateformes bus et mixtes Avenue-Web Systèmes SEMITAN, mandataire de Nantes Métropole Le Grontec Olivier SEMITAN Département Commande Publique Tribunal administratif de Nantes Le présent accord-cadre a pour objet de réaliser les prestations nécessaires à l'évolution du système de priorité aux feux du réseau de transport, incluant la mise à niveau des équipements au sol, l'évolution logicielle des unités embarquées et la fourniture, l'intégration et l'installation d'une nouvelle télécommande embarquée destinée aux fonctions d'insertion et d'extraction des bus sur plateformes BHNS et zones de mixité tramway/BHNS. Il couvre l'ensemble des études, fournitures, adaptations matérielles et logicielles, opérations d'intégration dans les véhicules, essais, documentation et accompagnement au déploiement, qui seront exécutés au fur et à mesure des besoins au moyen de bons de commande. Le détail complet des prestations figure au CCTP. Il s'agit d'un accord cadre de fourniture mono-attributaire, sans un montant minimum et un montant maximum de 2 000 000 euros HT, sur l'ensemble de la durée de l'accord-cadre, reconductions comprises, conformément à l'article R. 2162-4 2° du code de la commande publique. Cet accord cadre sera exécuté au fur et à mesure de l'émission de bons de commande conformément à l'article R. 2162-2 alinéa 2 du code de la commande publique Garantie à première demande pour le versement de l'avance le cas échéant Retenue de garantie Les conditions d'exécution du marché figurent au sein du cahier des charges L'accord-cadre est reconductible tacitement 2 fois un an",,,,,,,
R015,Conseil Général de Charente-Maritime,Conseil Général de Charente-Maritime,,,2015-12-14,2015-12-18,4,45247230,45247230,"[""45247230""]","[""45247230""]",False,,unresolved,travaux de protection contre la submersion marine dans le secteur de port des barques à La Rochelle Aménagements dans le secteur du centre bourg,"Travaux de protection contre la submersion marine dans le secteur de Port des Barques
Travaux de protection contre la submersion marine dans le secteur de Port des Barques Renforcement et réhausse de la digue en Charente (lot 2), lot relancé sur la base d'un nouveau cahier des charge en raison de la déclaration sans suite de la précédente consultation (pour indication le lot 1 a été attribué à la première consultation)",,,,,,,
R016,Département d'Ille et Vilaine,Département d'Ille-et-Vilaine,Bretagne,Bretagne,2019-11-20,2023-10-06,1416,72267000,72267100,"[""72000000"",""72267000""]","[""72267100""]",False,,unresolved,Urbanisation du Système d'Information du Département d'Ille-et-Vilaine - Lot 2 Prestations de maintenance et intégration sur la plateforme Cap Demat Evolution Prestations de maintenance et intégration sur la plateforme Cap Demat Evolution La précédente consultation a été déclarée infructueuse par la CAO qui a décidé de relancer une nouvelle consultation selon la procédure d'appel d'offres ouvert.,"Prestations De Maintenance Et D'Integration Sur La Plateforme Cap Demat Evolution L'accord-cadre sera exécuté par l'émission de bons de commande.Les prestations sont réglées par des prix unitaires.Prestations De Maintenance Et D'Integration Sur La Plateforme Cap Demat Evolution
Prestations De Maintenance Et D'Integration Sur La Plateforme Cap Demat Evolution",,,,,,,
R017,Ville de verneuil sur seine,Ville de verneuil sur seine,,,2018-09-19,2022-08-14,1425,66510000,66510000,"[""66510000"",""66512000"",""66513100"",""66514110"",""66515200"",""66516000""]","[""66510000"",""66512000"",""66513000"",""66514000"",""66515200"",""66516000""]",False,,unresolved,"Marché de prestations de Services d'Assurances pour la Ville de Verneuil sur Seine Assurance "" Dommage aux biens et risques annexes "" Assurance "" Flotte automobile et risques annexes "" Assurance "" Responsabilité civile et risques annexes "" Assurance "" Protection Juridique de la Ville, des Agents et des Elus Assurance "" Risques statutaires des agents territoriaux","Marché de prestations de Services d'Assurances pour la Ville de Verneuil sur Seine. Assurance "" Dommage aux biens et risques annexes "" Assurance "" Flotte automobile et risques annexes "" Assurance "" Responsabilité civile et risques annexes "" Assurance "" Protection Juridique de la Ville, des Agents et des Elus "" Assurance "" Risques statutaires des agents territoriaux ""
Marché de prestations de Services d'Assurances pour la Ville de Verneuil sur Seine. Assurance "" Dommage aux biens et risques annexes "" Assurance "" Flotte automobile et risques annexes "" Assurance "" Responsabilité civile et risques annexes "" Assurance "" Protection Juridique de la Ville, des Agents et des Elus Assurance "" Risques statutaires des agents territoriaux Assurance "" Protection Juridique de la Ville, des Agents et des Elus "" Assurance "" Risques statutaires des agents territoriaux """,,,,,,,
R018,MINDEF/SGA/DCSID/ESID.TOULON,MINDEF/SGA/DCSID/ESID.TOULON,,,2018-03-03,2022-06-29,1579,50000000,50000000,"[""50000000""]","[""50000000""]",True,,unresolved,"Base de défense de Toulon- Nettoiement et maintenance des équipements de cuisine, climatisations et réseaux aérauliques Les prestations de service relatives au nettoiement et désinfection des évaporateurs des chambres froides, le dégraissage des hottes aspirantes des cuisines situées uniquement sur l'emprise de la base navale de Toulon (Zone de compétence de l'USID Base Navale de Toulon).Sont compris également au titre du présent accord-cadre, au sujet des installations situées dans l'emprise de la Base de Défense de Toulon :- Le nettoiement et traitement de réseaux aérauliques à pollutions spécifiques et/ou non-spécifiques ; - Le nettoiement et traitement de systèmes d'extraction et/ou de captation ;- Le nettoiement et traitement de filtrations de CTA, PAC, VRV, unité intérieure, unité extérieure et aérotherme ; - La maintenance corrective pouvant résulter des opérations de nettoiement et traitement des équipements de cuisines, réseaux aérauliques, systèmes d'extraction et/ou de captation , CTA, PAC, VRV, unité intérieure, unité extérieure et aérotherme ;- Des prestations ponctuelles connexes d'aménagements ou d'améliorations en lien avec les installations du présent accord-cadre ;- Des mesures de pression, de débit, d'efficacité, de concentration ;- Des audits de vérification de bon fonctionnement des installations.Ces prestations sont assurés par quatre (4) USID (4 unités de l'ESID de Toulon) en charge de ces prestations sur leurs périmètres géographiques respectifs.- USID Base navale Toulon (USID BNT) ;- USID Toulon (USID TLN) ;- USID Hyères (USID HYE) ;- USID St-Mandrier (USID STM).A titre indicatif, il est estimé que les prestations commenceront vers le mois de mai 2018.
Base de défense de Toulon- Nettoiement et maintenance des équipements de cuisine, climatisations et réseaux aérauliques","Base navale de Toulon - Nettoiement et maintenance des équipements de cuisine et réseaux aérauliques à pollutions spécifiques et/ou non spécifiques A titre indicatif, le nombre de bons de commande (BDC) passés avec l'accord-cadre précédent était de 21 pour la 1ère année pour un montant total de 214 345 euros TTC, 29 BDC pour la 2ème année pour un montant total de 314 225 euros TTC et 43 BDC pour la troisième année pour un montant total de 262 753 euros TTC.L'accord-cadre est passé avec un montant minimum de 40 000 euros HT et un montant maximum de 1 200 000 euros HT pour la durée globale d'exécution (4 ans).",,,,,,,
R019,CHU de Nantes,CHU de Nantes,Pays de la Loire,Pays de la Loire,2020-02-08,2021-08-11,550,72267000,72267000,"[""72267000""]","[""72267000""]",False,,unresolved,"MAINTENANCE CORRECTIVE, ADAPTATIVE, REGLEMENTAIRE ET EVOLUTIVE DE LA SUITE LOGICIELLE IWS ET DE TOUS LES MODULES SOUS LICENCE ASSOCIES","MAINTENANCE CORRECTIVE, ADAPTATIVE, REGLEMENTAIRE ET EVOLUTIVE DE LA SUITE LOGICIELLE IWS ET DE TOUS LES MODULES SOUS LICENCE ASSOCIES Maintenance corrective, adaptative, réglementaire et évolutive de la suite progicielle RIS (QDoc/QPlanner) et de tous les modules et interfaces sous licences associés",,,,,,,
R020,Université de Caen Normandie,Université de Caen Normandie,Normandie,Normandie,2019-07-19,2021-04-15,636,31625000,71356100,"[""31625000"",""31625100"",""50000000"",""50710000"",""72250000""]","[""71356100""]",False,,unresolved,"Maintenance des moyens de secours de sécurité incendie (systèmes de sécurité incendie, de désenfumage non asservis et moyens d'extinction fixe). maintenance préventive et corrective SSI et désenfumage mécanique maintenance des matériels de désenfumage naturel non asservis maintenance corrective des moyens fixes d'extinction maintenance corrective bornes incendie, poteaux incendie et colonnes sèches
Maintenance des moyens de secours de sécurité incendie (systèmes de sécurité incendie, de désenfumage non asservis et moyens d'extinction fixe). maintenance préventive et corrective SSI et désenfumage mécanique maintenance des matériels de désenfumage naturel non asservis maintenance corrective des moyens fixes d'extinction","accord cadre pour la maintenance des moyens de secours et de sécurité incendie MAINTENANCE PREVENTIVE ET CORRECTIVE DES SSI ET DESENFUMAGE MECANIQUE MAINTENANCE DES MATERIELS DE DESENFUMAGE NATUREL NON ASSERVI MAINTENANCE CORRECTIVE DES MOYENS FIXES DEXTINCTION Voir dossier de consultation
accord cadre pour la maintenance des moyens de secours et de sécurité incendie MAINTENANCE PREVENTIVE ET CORRECTIVE DES SSI ET DESENFUMAGE MECANIQUE MAINTENANCE DES MATERIELS DE DESENFUMAGE NATUREL NON ASSERVI MAINTENANCE CORRECTIVE DES MOYENS FIXES DEXTINCTION Maintenance préventive et corrective des SSI et désenfumage mécanique Maintenance des matériels de désenfumage naturel non asservi Maintenance corrective des moyens fixes d'extinction Voir DCE",,,,,,,
R021,C.A. de Saint-Quentin-en-Yvelines,C.A. de Saint-Quentin-en-Yvelines,,,2022-03-30,2022-06-19,81,90620000,90620000,"[""90620000"",""90630000""]","[""90620000"",""90630000""]",False,,unresolved,"Prestations de viabilité hivernale sur les voies et équipements gérés par Saint-Quentin-en-Yvelines Le marché objet de la présente consultation a pour objet la mise en place et l'exécution des prestations liées au service de viabilité hivernale sur les voies et équipements gérés par Saint-Quentin-en-Yvelines.Il couvre les prestations suivantes :-la mise à disposition d'une astreinte 24h/24 pour le traitement hivernal du 1er décembre au 31 mars de l'année N+1 des voiries dont Saint-Quentin-en-Yvelines est gestionnaire ;-les interventions préventives, curatives ou ponctuelles demandées pendant les périodes d'astreintes ;-la fourniture et la mise en place de bacs de sable remplis sur le territoire de Sqy pour la période hivernale.La description détaillée des prestations et leurs spécifications techniques sont indiquées dans le Cahier des Clauses Techniques Particulières (C.C.T.P.)","Prestations de viabilité hivernale sur les voies et équipements gérés par Saint-Quentin-en-Yvelines Le marché objet de la présente consultation a pour objet la mise en place et l'exécution des prestations liées au service de viabilité hivernale sur les voies et équipements gérés par Saint-Quentin-en-Yvelines.Il couvre les prestations suivantes :-la mise à disposition d'une astreinte 24h/24 pour le traitement hivernal du 1er décembre au 31 mars de l'année N+1 des voiries dont Saint-Quentin-en-Yvelines est gestionnaire ;-les interventions préventives, curatives ou ponctuelles demandées pendant les périodes d'astreintes ;-la fourniture et la mise en place de bacs de sable remplis sur le territoire de Sqy pour la période hivernale.La description détaillée des prestations et leurs spécifications techniques sont indiquées dans le Cahier des Clauses Techniques Particulières (C.C.T.P.)",,,,,,,
R022,MARINE/DCSSF/ DSSFBrest,MARINE/DCSSF/ DSSFBrest,Bretagne,Bretagne,2018-11-24,2022-03-19,1211,35520000,50640000,"[""34913800"",""35520000""]","[""34913800"",""50640000""]",False,48.0,typed_consensus,"Fabrication d'ancres et de crapauds pour les unités de la marine nationale.
Fabrication d'ancres et de crapauds pour les unités de la marine nationale. Fabrication d'ancres et de crapauds pour les unités de la Marine Nationale",fabrication d'ancres et crapauds pour les unités de la marine nationale,,,,,,,
R023,CCI de CAEN,CCI de CAEN,Normandie,Normandie,2016-11-18,2021-09-16,1763,50413200,50413200,"[""35113000"",""42521000"",""44480000"",""50413200""]","[""42521000"",""44480000"",""50413200""]",False,,unresolved,"Vérification périodique et maintenance préventive des systèmes de sécurité incendie, de l'éclairage de sécurité et des moyens de secours gérés par la Direction des Equipements Portuaires Vérification périodique et maintenance des moyens de lutte contre l'incendie portatifs Vérification périodique et maintenance des dispositifs de désenfumage Vérification périodique et maintenance de l'éclairage de sécurité Montant minimum (par période) : 3 000.00 EUR HTMontant maximum (par période) : 20 000.00 EUR HT Montant minimum (par période) : 1 000.00 EUR HTMontant maximum (par période) : 10 000.00 EUR HT
A completer Vérification périodique et maintenance des moyens de lutte contre l'incendie portatifs Vérification périodique et maintenance des dispositifs de désenfumage Vérification périodique et maintenance de l'éclairage de sécurité Vérification périodique et maintenance préventive des systèmes de sécurité incendie, de l'éclairage de sécurité et des moyens de secours des sites gérés par la Direction des Equipements Portuaires. Montant minimum (par période) : 3 000.00 EUR HTMontant maximum (par période) : 20 000.00 EUR HT Montant minimum (par période) : 1 000.00 EUR HTMontant maximum (par période) : 10 000.00 EUR HT Maintenance et entretien du système de désenfumage","Vérification périodique et maintenance préventive des systèmes de sécurité incendie, de l'éclairage de sécurité et des moyens de secours Vérification périodique, maintenance des moyens de lutte contre l'incendie ria et portatifs et de l'éclairage de sécurité Vérification périodique et maintenance des dispositifs de désenfumage",,,,,,,
R024,DREAL BRETAGNE,DREAL BRETAGNE,Bretagne,Bretagne,2017-11-25,2022-03-25,1581,48000000,72250000,"[""48000000"",""48800000"",""50312300""]","[""72250000""]",False,,unresolved,"Marché de prestations informatiques (infrastructures réseaux) Maintenance des infrastructures réseaux Maintenance du système de virtualisation Maintenance du système de sauvegarde
Marché de prestations informatiques (infrastructures réseaux) Maintenance des infrastructures réseaux Maintenance du système de virtualisation Maintenance du système de sauvegarde Maintenance et aide urgence sur le réseau Maintenance et aide d'urgence sur le système de virtualisation Maintenance et aide urgence sur le système de sauvegardes",Marché de prestations informatiques (infrastructures réseaux) Maintenance et aide d'urgence sur le réseau Maintenance et aide d'urgence sur le système de virtualisation et sur le système de stockage virtualisé Maintenance et aide d'urgence sur les systèmes de sauvegardes,,,,,,,
R025,Ville de Lesquin,Ville de Lesquin,,,2019-03-29,2021-06-01,795,45223800,44211100,"[""44211100"",""45223800""]","[""44211100"",""45223800""]",False,,unresolved,"fourniture, installation et location de bâtiments modulaires préfabriqués école victor hugo - école jean mermoz La description de l'opération et ses spécifications techniques sont indiquéesdans le Cahier des Clauses Techniques Particulières (C.C.T.P).
Fourniture, Installation et Location de Bâtiments Modulaires PréfabriquésEcoles V. HUGO - Ecole J. MERMOZ Fourniture, Installation et Location de Bâtiments Modulaires Préfabriqués - école Victor HUGO - école Jean MERMOZ","fourniture, installation et location de bâtiments modulaires préfabriqués - école V. hugo - école J. mermoz. La présente consultation fait suite à une précédente consultation déclarée sans suite ECOLE VICTOR HUGO ECOLE JEAN MERMOZ La description de l'opération et ses spécifications techniques sont indiquées dans le Cahier des Clauses Techniques (C.C.T.P) :
fourniture, installation et location de bâtiments modulaires préfabriqués - école V. hugo - école J. mermoz. La présente consultation fait suite à une précédente consultation déclarée sans suite ECOLE VICTOR HUGO ECOLE J. MERMOZ",,,,,,,
R026,CHU de Nantes,CHU de Nantes,Pays de la Loire,Pays de la Loire,2016-10-29,2021-03-07,1590,72260000,72267000,"[""72260000""]","[""72267000""]",False,,unresolved,"Maintenance corrective, adaptative, réglementaire, évolutive du progiciel CLINICOM et de tous les modules sous licences associés","MAINTENANCE CORRECTIVE, ADAPTATIVE, REGLEMENTAIRE ET EVOLUTIVE DU PROGICIEL CLINICOM DE TOUS LES MODULES SOUS LICENCE ASSOCIES Maintenance corrective, adaptative et évolutive du progiciel CLINICOM et de tous les modules et interfaces sous licences associés",,,,,,,
R027,Ville de Chalon-sur-Saône,Ville de Chalon-sur-Saône,,,2022-12-11,2024-06-30,567,34928500,34928500,"[""34928500""]","[""34928500""]",False,,unresolved,"Fourniture de luminaires d'éclairage public à leds Luminaires routiers Luminaires en façade Luminaires pour mâts place de l'Hôtel de Ville
Fourniture de luminaires d'éclairage public à leds Luminaires routiers Luminaires en façade Luminaires pour mâts place de l'Hôtel de Ville Luminaires façade Luminaires place de l'Hôtel de Ville","Fourniture de luminaires d'éclairage public à leds et de kits à leds pour luminaires de style. Ville de Chalon-sur-Saône Service Commande Publique Le Grand Chalon Tribunal Administratif de Dijon Lot n°1 : luminaires routiers Lot n°2 : kits à leds et vasques pour luminaires de style Le candidat individuel ou chaque membre du groupement ne doit pas entrer dans l'un des cas d'exclusion de la procédure de passation prévue par le Code de la Commande Publique. Marché de fournitures, passé selon la procédure de l'appel d'offres ouvert en application des articles L2124-2 et R2161-2 à R2161-5 du code de la commande publique Fourniture de luminaires d'éclairage public à leds et de kits à leds pour luminaires de style. Il s'agit un marché passé en groupement de commandes entre la Ville de Chalon-sur-Saône et le Grand Chalon. La Ville de Chalon a été désignée coordonnateur du groupement. Marché décomposé en 2 lots. Chaque lot est un accord-cadre mono-attributaire conclu sans montant minimum annuel et avec un montant maximum annuel. Les candidats peuvent répondre à un lot ou l'ensemble des lots. Le marché s'exécute à compter de sa date de notification. La valeur estimée hors TVA correspond à l'estimation du marché tous lots confondus, sur la durée totale du marché. Lettre de candidature (DC1) et Déclaration du candidat (DC2) ou attestation DUME (Document unique de marché européen) - Si la situation du candidat le justifie, la copie du ou des jugements prononçant le redressement judiciaire et du ou des jugements prévoyant la mise en place d'un plan de redressement de l'entreprise. Chiffre d'affaires des 3 derniers exercices disponibles Liste des moyens humains et matériels du candidat - Liste des références inférieures à 3 ans portant sur des prestations similaires, indiquant le montant, la date et le destinataire public ou privé. 1. Prix jugé au regard du montant total du DQE 2. Caractéristiques techniques du luminaire , appréciées au regard des sous-critères suivants : - Sous-critère n°1 : qualités photométriques jugées au regard de l'annexe n°3 et des études photométriques réalisées : 60% - Sous-critère n°2 : qualités mécaniques jugés au regard de l'annexe n°4 et du modèle fourni en échantillon (seront analysés facilité d'ouverture du capot, passage de top en latéral, IP, IK ): 40% 3. Durée de garantie du matériel jugée au regard de l'annexe n°5 Instance chargée des procédures de recours : Tribunal Administratif de Dijon -Précisions concernant le(s) délai(s) d'introduction des recours : Référé pré-contractuel conformément aux articles L551-1 et suivant du Code de Justice Administrative et R551-1 et suivants du Code de Justice Administrative depuis le début de la procédure de passation jusqu'à la signature du contrat. Référé contractuel conformément aux articles L551-13 et suivants du Code de Justice Administrative et R551-7 et suivants du Code de Justice Administrative. La juridiction peut être saisie au plus tard le 31ème jour suivant la publicité de l'avis attribution. Recours dit ""Tarn et Garonne"" conformément à l'arrêt rendu par le Conseil d'Etat le 04/04/2014 (n°358994) dans un délai de deux mois à compter de l'accomplissement des mesures de publicité informant à la fois de la conclusion du contrat et des modalités de sa consultation. Lot n°1 : luminaires routiers. Accord-cadre mono-attributaire exécuté au fur et à mesure de l'émission de bons de commande et conclu sans montant minimum et avec un montant maximum annuel de 300 000 euros HT. 2. Caractéristiques techniques du kit à leds , appréciées au regard des sous-critères suivants : - Sous-critère n°1 : qualités photométriques jugées au regard de l'annexe n°3 et des études photométriques réalisées : 60% - Sous-critère n°2 : : qualités mécaniques jugés au regard de l'annexe n°4 et du modèle fourni en échantillon (seront analysés facilité d'installation du kit dans le luminaire, IP, IK): 40% Lot n°2 : kits à leds et vasques pour luminaires de style. Accord-cadre mono-attributaire exécuté au fur et à mesure de l'émission de bons de commande et conclu sans montant minimum et avec un montant maximum annuel de 200 000 euros HT.
Fourniture de luminaires d'éclairage public à leds et de kits à leds pour luminaires de style. ECLATEC Ville de Chalon-sur-Saône Service Commande Publique Le Grand Chalon Tribunal Administratif de Dijon buyer-categories Lot n°1 : luminaires routiers Lot n°2 : kits à leds et vasques pour luminaires de style Marché de fournitures, passé selon la procédure de l'appel d'offres ouvert en application des articles L2124-2 et R2161-2 à R2161-5 du code de la commande publique Fourniture de luminaires d'éclairage public à leds et de kits à leds pour luminaires de style. Il s'agit un marché passé en groupement de commandes entre la Ville de Chalon-sur-Saône et le Grand Chalon. La Ville de Chalon a été désignée coordonnateur du groupement. Marché décomposé en 2 lots. Chaque lot est un accord-cadre mono-attributaire conclu sans montant minimum annuel et avec un montant maximum annuel. Le marché s'exécute à compter de sa date de notification. La valeur estimée hors TVA correspond à l'estimation du marché tous lots confondus, sur la durée totale du marché. 1. Prix jugé au regard du montant total du DQE 2. Caractéristiques techniques du luminaire , appréciées au regard des sous-critères suivants : - Sous-critère n°1 : qualités photométriques jugées au regard de l'annexe n°3 et des études photométriques réalisées : 60% - Sous-critère n°2 : qualités mécaniques jugés au regard de l'annexe n°4 et du modèle fourni en échantillon (seront analysés facilité d'ouverture du capot, passage de top en latéral, IP, IK ): 40% 3. Durée de garantie du matériel jugée au regard de l'annexe n°5 Instance chargée des procédures de recours : Tribunal Administratif de Dijon -Précisions concernant le(s) délai(s) d'introduction des recours : Référé pré-contractuel conformément aux articles L551-1 et suivant du Code de Justice Administrative et R551-1 et suivants du Code de Justice Administrative depuis le début de la procédure de passation jusqu'à la signature du contrat. Référé contractuel conformément aux articles L551-13 et suivants du Code de Justice Administrative et R551-7 et suivants du Code de Justice Administrative. La juridiction peut être saisie au plus tard le 31ème jour suivant la publicité de l'avis attribution. Recours dit ""Tarn et Garonne"" conformément à l'arrêt rendu par le Conseil d'Etat le 04/04/2014 (n°358994) dans un délai de deux mois à compter de l'accomplissement des mesures de publicité informant à la fois de la conclusion du contrat et des modalités de sa consultation. Le marché signé peut être consulté dans le respect des secrets protégés par la loi, au service de la Commande Publique - 1 Rue de Bourgogne 71100 Chalon sur Saône, après demande de rendez-vous par mail adressée à : service.marches@chalonsursaone.fr Lot n°1 : luminaires routiers. Accord-cadre mono-attributaire exécuté au fur et à mesure de l'émission de bons de commande et conclu sans montant minimum et avec un montant maximum annuel de 300 000 euros HT (soit 900 000 Euros HT sur toute la durée de l'accord-cadre) 2. Caractéristiques techniques du kit à leds , appréciées au regard des sous-critères suivants : - Sous-critère n°1 : qualités photométriques jugées au regard de l'annexe n°3 et des études photométriques réalisées : 60% - Sous-critère n°2 : : qualités mécaniques jugés au regard de l'annexe n°4 et du modèle fourni en échantillon (seront analysés facilité d'installation du kit dans le luminaire, IP, IK): 40% Instance chargée des procédures de recours : Tribunal Administratif de Dijon -Précisions concernant le(s) délai(s) d'introduction des recours : Référé pré-contractuel conformément aux articles L551-1 et suivant du Code de Justice Administrative et R551-1 et suivants du Code de Justice Administrative depuis le début de la procédure de passation jusqu'à la signature du contrat. Référé contractuel conformément aux articles L551-13 et suivants du Code de Justice Administrative et R551-7 et suivants du Code de Justice Administrative. La juridiction peut être saisie au plus tard le 31ème jour suivant la publicité de l'avis attribution. Recours dit ""Tarn et Garonne"" conformément à l'arrêt rendu par le Conseil d'Etat le 04/04/2014 (n°358994) dans un délai de deux mois à compter de l'accomplissement des mesures de publicité informant à la fois de la conclusion du contrat et des modalités de sa consultation. Lot n°2 : kits à leds et vasques pour luminaires de style. Accord-cadre mono-attributaire exécuté au fur et à mesure de l'émission de bons de commande et conclu sans montant minimum et avec un montant maximum annuel de 200 000 euros HT.",,,,,,,
R028,MARINE/DCSSF/ DSSFBrest,MARINE/DCSSF/ DSSFBrest,Bretagne,Bretagne,2017-05-18,2021-10-24,1620,35521000,35520000,"[""35521000""]","[""35520000"",""50640000""]",False,48.0,typed_consensus,"Approvisionnement de rechanges pour osmoseurs de marque SLCE ou équivalent au profit des bâtiments de la marine nationale
Approvisionnement de rechanges pour osmoseurs de marque SLCE ou équivalent au profit des bâtiments de la marine nationale approvisionnement de rechanges pour osmoseurs - lot unique",Fourniture de rechanges pour osmoseurs de marques SLCE ou équivalents au profit des bâtiments de la Marine Nationale,,,,,,,
R029,Université de Rennes 1,Université de Rennes 1,Bretagne,Bretagne,2022-12-18,2023-06-21,185,32352000,32352000,"[""31712000"",""32352000"",""34144000"",""38300000"",""38431000"",""38433000"",""38433100"",""38540000"",""38630000"",""38636000"",""38636110""]","[""31712000"",""32352000"",""34144000"",""38300000"",""38431000"",""38433000"",""38433100"",""38540000"",""38630000"",""38636000"",""38636110""]",False,,unresolved,"Acquisition équipements de mesures d'antennes, métrologie de contrôle et d'étalonnage, laser tracker, imagerie par photoémission, capteur hyperspectral, véhicule routier, machine de gravure Evolution de la base compacte de mesures d'antennes de l'IETR. Métrologie de Contrôle : Laser Tracker. Métrologie d'étalonnage et contrôle de machine outils Système hybride à haute résolution équipé d'une interface ou cellule de mobilité ionique et muni de son système de pilotage et de traitement statistique des données Imagerie par photoémission haute résolution : banc de mesure par photo-émission pour des applications de cybersécurité matérielle en électronique et système Capteur hyperspectral aéroporté compatible drone Véhicule routier de soutien et de déploiement logistique Machine de Gravure plasma généré par induction L'équipement visé est un ensemble réflecteur (inclus son piédestal) / piédestal d'illumination qui viendra en remplacement d'un ensemble existant. Ce dernier devra être relocalisé dans un e chambre de mesure situé au même étage du bâtiment dédié aux activités de la plate-forme M2ARS.Le réflecteur actuel est de type réflecteur à bord roulé. Cette technologie serait préférable, mais les contraintes mécaniques et logistiques pourront orienter le choix vers un autre type de réflecteur. De même, le type d'illumination actuel est de type corner fed. Un autre type d'illumination pourra être choisi.Le descriptif des prestations attendues est détaillé au CCTP. L'équipement objet de ce lot est un laser tracker permettant les mesures statiques et dynamiques, pouvant également être utilisé pour donner accès aux valeurs des six degrés de libertés (6DoF).Etant donné les fréquences visées pour les plateaux techniques CAMILL et IDEM, une attention particulière est portée sur les instruments utilisés pour déterminer les distances. L'équipement devra obligatoirement être doté d'un interféromètre laser.Les attentes techniques sont explicitées ci-dessous. Pour chacune de ces attentes le candidat fournira les capacités correspondant de l'équipement proposé au sein d'une matrice de compliance.Le descriptif des prestations attendues est détaillé au CCTP. L'équipement objet de ce lot est un système interférométrique permettant les mesures dynamiques, pour donner accès aux valeurs des six degrés de libertés (6DOF).Les attentes techniques sont explicitées ci-dessous. Pour chacune de ces attentes le candidat fournira les capacités correspondant de l'équipement proposé au sein d'une matrice de compliance.Le descriptif des prestations attendues est détaillé au CCTP. L'équipement faisant l'objet de la présente consultation est un spectromètre de masse haute résolution et hybride pour l'analyse HR-MS-MS, équipé d'au moins une source electrospray, muni de son interface à mobilité ionique. Il sera implanté au sein du laboratoire no57 situé au rez de chaussée du Bâtiment 11C du campus de Beaulieu de l'Université de Rennes 1, 263 avenue du Général Leclerc, 35042 RennesLe descriptif des prestations attendues est détaillé au CCTP. Le fournisseur attributaire du marché s'attachera à mettre en oeuvre la possibilité de trois axes de mesures pour le dispositif livré, à savoir une partie dite d'imagerie, une partie de comptage/mesure ponctuelle, et une partie de détection à caractère temporelle.Le descriptif des prestations attendues est détaillé au CCTP. Système imageur aéroporté de télédétection hyperspectrale couvrant la plage spectrale visible et proche infrarouge. Le système doit pouvoir être installé à bord d'un drone, être paramétré et fonctionner en toute autonomie selon un plan de vol et une configuration préétablis. Par ailleurs, ce système doit également présenter une interface permettant de le configurer et de contrôler la qualité des données acquises pendant son fonctionnement. Enfin, le système doit être fourni avec différents outils logiciels nécessaires aux prétraitement et la mise en forme des données brutes acquises pendant le vol (données image et données d'attitude).Le système proposé doit présenter des dimensions et un poids permettant sa fixation directe ou par l'intermédiaire d'une nacelle gyrostabilisée sous un drone de type multirotor. Le descriptif des prestations attendues est détaillé au CCTP. L'IETR souhaite acquérir un véhicule routier de soutien et de déploiement logistique neuf ou d'occasion récent (moins de 7 000km / 2 ans maximum).Cette partie définit l'ensemble des caractéristiques techniques intrinsèques demandées pour l'équipement, objet du présent appel d'offres.Le véhicule routier de soutien et de déploiement logistique doit être autonome avec un aménagement qui propose un espace de vie ainsi qu'un espace de travail.Le véhicule routier de soutien et de déploiement logistique entre dans la catégorie Camping-Car de type VL (véhicule léger) présentant un PTAC inférieur à 3,5 tonnes.Si le véhicule routier de soutien et de déploiement logistique est d'occasion récente, il devra ne jamais avoir été accidenté et son carnet d'entretien devra être fourni.Le descriptif des prestations attendues est détaillé au CCTP. Dans le cadre de la consolidation des plateformes, une partie des moyens du CPER CYMOCOD sera attribuée à la plateforme NanoRennes. La première phase de ce projet concerne l'acquisition d'un système de gravure par plasma, pour fabriquer des dispositifs électroniques, des systèmes rayonnants et des microcapteurs.Cet équipement est à installer à l'IETR, au sein de la plateforme NanoRennes sur le site de l'université de Rennes1.Il sera donc dédié à la réalisation de systèmes complexes multicouches en Silicium ou sur d'autres types de substrats dédié à l'électronique souple basse température.L'acquisition de cet équipement contribuera nettement à l'amélioration de nos dispositifs de détection (sensibilité, stabilité, seuil de détection, ...) et permettra d'intensifier la diversification des applications vers des domaines porteurs tels que l'environnement, par l'étude de la qualité de l'eau et de l'air, les technologies pour la santé et dispositifs médicaux implantables (orthopédie, rééducation, cardiologie).Ces applications nécessiteront des collaborations avec de nombreuses unités de l'université de Rennes 1 dans les domaines Math-STIC (FOTON, LTSI), Sciences De La Matière (IPR et ISCR), Vie Agro Santé (IGDR, IRSET), l'université de Nantes (Institut de Matériaux de Nantes) ainsi que des PME.Le descriptif des prestations attendues est détaillé au CCTP.","Acquisition équipements de mesures d'antennes, métrologie de contrôle et d'étalonnage, laser tracker, imagerie par photoémission, capteur hyperspectral, véhicule routier, machine de gravure Evolution de la base compacte de mesures d'antennes de l'IETR. Métrologie de Contrôle : Laser Tracker. Métrologie d'étalonnage et contrôle de machine outils Système hybride à haute résolution équipé d'une interface ou cellule de mobilité ionique et muni de son système de pilotage et de traitement statistique des données Imagerie par photoémission haute résolution : banc de mesure par photo-émission pour des applications de cybersécurité matérielle en électronique et système Capteur hyperspectral aéroporté compatible drone Véhicule routier de soutien et de déploiement logistique Machine de Gravure plasma généré par induction LOT 1 : Evolution de la base compacte de mesures d'antennes de l'IETR LOT 2 - Métrologie de Contrôle : Laser Tracker LOT 3 : Métrologie d'étalonnage et contrôle de machine outils LOT 4 : Système hybride à haute résolution équipé d'une interface ou cellule de mobilité ionique et muni de son système de pilotage et de traitement statistique des données LOT 5 : Imagerie par photoémission haute résolution : banc de mesure par photo-émission pour des applications de cybersécurité matérielle en électronique et système LOT 6 : Capteur hyperspectral aéroporté compatible drone LOT 7 : Véhicule routier de soutien et de déploiement logistique LOT 8 : Machine de Gravure plasma généré par induction L'équipement visé est un ensemble réflecteur (inclus son piédestal) / piédestal d'illumination qui viendra en remplacement d'un ensemble existant. Ce dernier devra être relocalisé dans un e chambre de mesure situé au même étage du bâtiment dédié aux activités de la plate-forme M2ARS.Le réflecteur actuel est de type réflecteur à bord roulé. Cette technologie serait préférable, mais les contraintes mécaniques et logistiques pourront orienter le choix vers un autre type de réflecteur. De même, le type d'illumination actuel est de type corner fed. Un autre type d'illumination pourra être choisi.Le descriptif des prestations attendues est détaillé au CCTP. L'équipement objet de ce lot est un laser tracker permettant les mesures statiques et dynamiques, pouvant également être utilisé pour donner accès aux valeurs des six degrés de libertés (6DoF).Etant donné les fréquences visées pour les plateaux techniques CAMILL et IDEM, une attention particulière est portée sur les instruments utilisés pour déterminer les distances. L'équipement devra obligatoirement être doté d'un interféromètre laser.Les attentes techniques sont explicitées ci-dessous. Pour chacune de ces attentes le candidat fournira les capacités correspondant de l'équipement proposé au sein d'une matrice de compliance.Le descriptif des prestations attendues est détaillé au CCTP. L'équipement objet de ce lot est un système interférométrique permettant les mesures dynamiques, pour donner accès aux valeurs des six degrés de libertés (6DOF).Les attentes techniques sont explicitées ci-dessous. Pour chacune de ces attentes le candidat fournira les capacités correspondant de l'équipement proposé au sein d'une matrice de compliance.Le descriptif des prestations attendues est détaillé au CCTP. L'équipement faisant l'objet de la présente consultation est un spectromètre de masse haute résolution et hybride pour l'analyse HR-MS-MS, équipé d'au moins une source electrospray, muni de son interface à mobilité ionique. Il sera implanté au sein du laboratoire no57 situé au rez de chaussée du Bâtiment 11C du campus de Beaulieu de l'Université de Rennes 1, 263 avenue du Général Leclerc, 35042 RennesLe descriptif des prestations attendues est détaillé au CCTP. Le fournisseur attributaire du marché s'attachera à mettre en oeuvre la possibilité de trois axes de mesures pour le dispositif livré, à savoir une partie dite d'imagerie, une partie de comptage/mesure ponctuelle, et une partie de détection à caractère temporelle.Le descriptif des prestations attendues est détaillé au CCTP. Système imageur aéroporté de télédétection hyperspectrale couvrant la plage spectrale visible et proche infrarouge. Le système doit pouvoir être installé à bord d'un drone, être paramétré et fonctionner en toute autonomie selon un plan de vol et une configuration préétablis. Par ailleurs, ce système doit également présenter une interface permettant de le configurer et de contrôler la qualité des données acquises pendant son fonctionnement. Enfin, le système doit être fourni avec différents outils logiciels nécessaires aux prétraitement et la mise en forme des données brutes acquises pendant le vol (données image et données d'attitude).Le système proposé doit présenter des dimensions et un poids permettant sa fixation directe ou par l'intermédiaire d'une nacelle gyrostabilisée sous un drone de type multirotor. Le descriptif des prestations attendues est détaillé au CCTP. L'IETR souhaite acquérir un véhicule routier de soutien et de déploiement logistique neuf ou d'occasion récent (moins de 7 000km / 2 ans maximum).Cette partie définit l'ensemble des caractéristiques techniques intrinsèques demandées pour l'équipement, objet du présent appel d'offres.Le véhicule routier de soutien et de déploiement logistique doit être autonome avec un aménagement qui propose un espace de vie ainsi qu'un espace de travail.Le véhicule routier de soutien et de déploiement logistique entre dans la catégorie Camping-Car de type VL (véhicule léger) présentant un PTAC inférieur à 3,5 tonnes.Si le véhicule routier de soutien et de déploiement logistique est d'occasion récente, il devra ne jamais avoir été accidenté et son carnet d'entretien devra être fourni.Le descriptif des prestations attendues est détaillé au CCTP. Dans le cadre de la consolidation des plateformes, une partie des moyens du CPER CYMOCOD sera attribuée à la plateforme NanoRennes. La première phase de ce projet concerne l'acquisition d'un système de gravure par plasma, pour fabriquer des dispositifs électroniques, des systèmes rayonnants et des microcapteurs.Cet équipement est à installer à l'IETR, au sein de la plateforme NanoRennes sur le site de l'université de Rennes1.Il sera donc dédié à la réalisation de systèmes complexes multicouches en Silicium ou sur d'autres types de substrats dédié à l'électronique souple basse température.L'acquisition de cet équipement contribuera nettement à l'amélioration de nos dispositifs de détection (sensibilité, stabilité, seuil de détection, ...) et permettra d'intensifier la diversification des applications vers des domaines porteurs tels que l'environnement, par l'étude de la qualité de l'eau et de l'air, les technologies pour la santé et dispositifs médicaux implantables (orthopédie, rééducation, cardiologie).Ces applications nécessiteront des collaborations avec de nombreuses unités de l'université de Rennes 1 dans les domaines Math-STIC (FOTON, LTSI), Sciences De La Matière (IPR et ISCR), Vie Agro Santé (IGDR, IRSET), l'université de Nantes (Institut de Matériaux de Nantes) ainsi que des PME.Le descriptif des prestations attendues est détaillé au CCTP.",,,,,,,
R030,CTRE HOSP UNIVERSITAIRE ANGERS,CTRE HOSP UNIVERSITAIRE ANGERS,Pays de la Loire,Pays de la Loire,2018-07-12,2022-07-20,1469,45400000,45400000,"[""32400000"",""44161110"",""45223220"",""45261213"",""45262660"",""45317300"",""45331000"",""45400000"",""45410000"",""45421000"",""45421143"",""45421146"",""45421150"",""45432000"",""45441000"",""45442100""]","[""32400000"",""44161110"",""45223220"",""45261213"",""45262660"",""45317300"",""45331000"",""45400000"",""45410000"",""45421000"",""45421143"",""45421146"",""45421150"",""45432000"",""45441000"",""45442100""]",False,,unresolved,"TRAVAUX D'ENTRETIEN ET DE MAINTENANCE DES BATIMENTS ET DES INFRASTRUCTURES DES ETABLISSEMENTS DU GHT 49 Peinture (Zone 1) Peinture (Zone 2) Peinture. (Zone 3) Revetements de sols souples / Revêtements muraux (Zone 1) Revetements de sols souples / Revêtements muraux (Zone 2) Revetements de sols souples / Revêtements muraux (Zone 3) Menuiserie intérieure (Zone1) Menuiserie intérieure (Zone2) Menuiserie intérieure (Zone 3) Agencement (zone 1) Agencement (Zone 2) Agencement (Zone 3) Miroiterie (Zone 1) Miroiterie (Zone 2) Miroiterie (Zone 3) Plafonds suspendus (Zone 1) Plafonds suspendus (Zone 2) Plafonds suspendus (Zone 3) Plâtrerie - Isolation. (Zone 1) Plâtrerie - Isolation. (Zone 2) Plâtrerie - Isolation. (Zone 3) Couverture (zone 1) Couverture (zone 2) Couverture (zone 3) Store et occultation (zone 1) Store et occultation (zone 2) Store et occultation (zone 3) Étanchéité (Zone 1) Étanchéité (Zone 2) Étanchéité (Zone 3) VRD Terrassement (Zone 1) VRD Terrassement (Zone 2) VRD Terrassement (Zone 3) Réseaux et équipements pour Gaz Médicaux (Zone 1) Réseaux et équipements pour Gaz Médicaux (Zone 2) Réseaux et équipements pour Gaz Médicaux (Zone 3) Electricité (Zone 1) Electricité (Zone 2) Electricité (Zone 3) CVC Plomberie (Zone 1) CVC Plomberie (Zone 2) CVC Plomberie (Zone 3) Désamiantage (Zone 1) Désamiantage (Zone 2) Désamiantage (Zone 3) Maçonnerie - Carrelage - faïence (Zone 1) Maçonnerie - Carrelage - faïence (Zone 2) Maçonnerie - Carrelage - faïence (Zone 3) Menuiserie extérieure PVC (Zone 1) Menuiserie extérieure PVC (Zone 2) Menuiserie extérieure PVC (Zone 3) Métallerie - Serrurerie - Menuiserie extérieure aluminium (Zone 1) Métallerie - Serrurerie - Menuiserie extérieure aluminium (Zone 2) Métallerie - Serrurerie - Menuiserie extérieure aluminium (Zone 3)
TRAVAUX D'ENTRETIEN ET DE MAINTENANCE DES BATIMENTS ET DES INFRASTRUCTURES DES ETABLISSEMENTS DU GHT 49 Peinture - zone 1 Peinture (Zone 1)","TRAVAUX D'ENTRETIEN ET DE MAINTENANCE DES BATIMENTS ET DES INFRASTRUCTURES DES ETABLISSEMENTS DU GHT 49 Peinture (Zone 1) Peinture (Zone 2) Peinture. (Zone 3) Revetements de sols souples / Revêtements muraux (Zone 1) Revetements de sols souples / Revêtements muraux (Zone 2) Revetements de sols souples / Revêtements muraux (Zone 3) Menuiserie intérieure (Zone1) Menuiserie intérieure (Zone2) Menuiserie intérieure (Zone 3) Agencement (zone 1) Agencement (Zone 2) Agencement (Zone 3) Miroiterie (Zone 1) Miroiterie (Zone 2) Miroiterie (Zone 3) Plafonds suspendus (Zone 1) Plafonds suspendus (Zone 2) Plafonds suspendus (Zone 3) Plâtrerie - Isolation. (Zone 1) Plâtrerie - Isolation. (Zone 2) Plâtrerie - Isolation. (Zone 3) Couverture (zone 1) Couverture (zone 2) Couverture (zone 3) Store et occultation (zone 1) Store et occultation (zone 2) Store et occultation (zone 3) Étanchéité (Zone 1) Étanchéité (Zone 2) Étanchéité (Zone 3) VRD Terrassement (Zone 1) VRD Terrassement (Zone 2) VRD Terrassement (Zone 3) Réseaux et équipements pour Gaz Médicaux (Zone 1) Réseaux et équipements pour Gaz Médicaux (Zone 2) Réseaux et équipements pour Gaz Médicaux (Zone 3) Electricité (Zone 1) Electricité (Zone 2) Electricité (Zone 3) CVC Plomberie (Zone 1) CVC Plomberie (Zone 2) CVC Plomberie (Zone 3) Désamiantage (Zone 1) Désamiantage (Zone 2) Désamiantage (Zone 3) Maçonnerie - Carrelage - faïence (Zone 1) Maçonnerie - Carrelage - faïence (Zone 2) Maçonnerie - Carrelage - faïence (Zone 3) Menuiserie extérieure PVC (Zone 1) Menuiserie extérieure PVC (Zone 2) Menuiserie extérieure PVC (Zone 3) Métallerie - Serrurerie - Menuiserie extérieure aluminium (Zone 1) Métallerie - Serrurerie - Menuiserie extérieure aluminium (Zone 2) Métallerie - Serrurerie - Menuiserie extérieure aluminium (Zone 3)
TRAVAUX D'ENTRETIEN ET DE MAINTENANCE DES BATIMENTS ET DES INFRASTRUCTURES DES ETABLISSEMENTS DU GHT 49 Peinture Revêtements sols souples / Revêtements muraux Menuiserie intérieure Miroiterie Plafonds suspendus Plâtrerie - Isolation Couverture Stores et occultations Etanchéité VRD Terrassements Réseaux et équipements pour Gaz Médicaux Electricité CVC Plomberie Désamiantage Maçonnerie - Carrelage - Faïence Menuiserie extérieure PVC Métallerie - Serrurerie - Menuis. ext. Aluminium PEINTURE PLAFONDS SUSPENDUS Peinture (Zone 1) Peinture (Zone 2) Peinture. (Zone 3) Revetements de sols souples / Revêtements muraux (Zone 1) Revetements de sols souples / Revêtements muraux (Zone 2) Revetements de sols souples / Revêtements muraux (Zone 3) Menuiserie intérieure (Zone1) Menuiserie intérieure (Zone2) Menuiserie intérieure (Zone 3) Agencement (zone 1) Agencement (Zone 2) Agencement (Zone 3) Miroiterie (Zone 1) Miroiterie (Zone 2) Miroiterie (Zone 3) Plafonds suspendus (Zone 1) Plafonds suspendus (Zone 2) Plafonds suspendus (Zone 3) Plâtrerie - Isolation. (Zone 1) Plâtrerie - Isolation. (Zone 2) Plâtrerie - Isolation. (Zone 3) Couverture (zone 1) Couverture (zone 2) Couverture (zone 3) Store et occultation (zone 1) Store et occultation (zone 2) Store et occultation (zone 3) Étanchéité (Zone 1) Étanchéité (Zone 2) Étanchéité (Zone 3) VRD Terrassement (Zone 1) VRD Terrassement (Zone 2) VRD Terrassement (Zone 3) Réseaux et équipements pour Gaz Médicaux (Zone 1) Réseaux et équipements pour Gaz Médicaux (Zone 2) Réseaux et équipements pour Gaz Médicaux (Zone 3) Electricité (Zone 1) Electricité (Zone 2) Electricité (Zone 3) CVC Plomberie (Zone 1) CVC Plomberie (Zone 2) CVC Plomberie (Zone 3) Désamiantage (Zone 1) Désamiantage (Zone 2) Désamiantage (Zone 3) Maçonnerie - Carrelage - faïence (Zone 1) Maçonnerie - Carrelage - faïence (Zone 2) Maçonnerie - Carrelage - faïence (Zone 3) Menuiserie extérieure PVC (Zone 1) Menuiserie extérieure PVC (Zone 2) Menuiserie extérieure PVC (Zone 3) Métallerie - Serrurerie - Menuiserie extérieure aluminium (Zone 1) Métallerie - Serrurerie - Menuiserie extérieure aluminium (Zone 2) Métallerie - Serrurerie - Menuiserie extérieure aluminium (Zone 3)",,,,,,,
R031,COLLECTIVITE DE CORSE,COLLECTIVITE DE CORSE,,,2019-03-14,2020-01-12,304,45261400,45261400,"[""44113320"",""45261400""]","[""44113320"",""45261400""]",False,,unresolved,"Fourniture, fabrication, transport et mise en oeuvre d'enrobés denses à chaud sur le réseau départemental de Haute Corse Bastia Cap Golo Balagne Centre Lot 4 Sud Cantons d'Alto di Casaconi, de Bastia, Borgo, Conca d'Oro, Capo-Bianco, Fium'alto d'Ampugnani, partie est du canton du Haut-Nebbio, Sagro di Santa Giulia, San Martino di Lota et VescovatoMontant minimum Ht par période 750 000 euro(s) Montant maximum Ht par période 6 000 000 euro(s) Cantons de Belgodere, Calenzana, Calvi, Ile-Rousse et partie ouest du canton du Haut-NebbioMontant minimum Ht par période : 455 000 euro(s) Montant maximum Ht par période : 3 500 000 euro(s) Cantons de Bustanico, Corte, Castifao-Morosaglia, Niolu-Omessa, Orezza-Alesani et VenacoMontant minimum Ht par période : 475 000 euro(s) Montant maximum Ht par période : 4 000 000 euro(s) Cantons de Campoloro-Moriani, Ghisoni, Moita-Verde, Prunelli di Fiumorbu et VezzaniMontant minimum Ht par période : 475 000 euro(s) Montant maximum Ht par période : 4 000 000 euro(s)","Fourniture, fabrication, transport et mise en oeuvre d'enrobés denses à chaud sur le réseau départemental de Haute Corse Bastia Cap Golo Balagne Centre Lot 4 Sud Cantons d'Alto di Casaconi, de Bastia, Borgo, Conca d'Oro, Capo-Bianco, Fium'alto d'Ampugnani, partie est du canton du Haut-Nebbio, Sagro di Santa Giulia, San Martino di Lota et VescovatoMontant minimum Ht par période 750 000 euro(s) Montant maximum Ht par période 6 000 000 euro(s) Cantons de Belgodere, Calenzana, Calvi, Ile-Rousse et partie ouest du canton du Haut-NebbioMontant minimum Ht par période : 455 000 euro(s) Montant maximum Ht par période : 3 500 000 euro(s) Cantons de Bustanico, Corte, Castifao-Morosaglia, Niolu-Omessa, Orezza-Alesani et VenacoMontant minimum Ht par période : 475 000 euro(s) Montant maximum Ht par période : 4 000 000 euro(s) Cantons de Campoloro-Moriani, Ghisoni, Moita-Verde, Prunelli di Fiumorbu et VezzaniMontant minimum Ht par période : 475 000 euro(s) Montant maximum Ht par période : 4 000 000 euro(s)",,,,,,,
R032,Conseil Départemental de l'Hérault,Conseil départemental de l'Hérault,,,2015-05-27,2025-01-10,3516,34390000,43325100,"[""34134200"",""34144430"",""34210000"",""34390000"",""44613700""]","[""34913000"",""43325100""]",False,,unresolved,"acquisition de véhicules et matériel pour l'ensemble des services du conseil départemental de l'Hérault Broyeur forestier à axe horizontal Epareuse - groupe de fauchage avance portee 5.10m route et forestier Benne et tribenne pour chassis cabine Caisse isolée et hayon élévateur pour porteur 6,5 t Tribenne et installation hydraulique pour chassis cabine 19 t Balayeuse frontale sur plaque setra Quantité : 1 Broyeur forestier destiné à etre monté sur le tracteur Nouveau tracteur forestier 2015 Valtra T153HI poste de conduite inversé 155cv Matériel neuf destiné à etre monté sur un tracteur industriel pour le fauchage régulier des accotements. Ce lot est décomposé en une tranche ferme et une tranche conditionnelle. Pour la tranche ferme, 5 épareuses (4 version route et 1 version forestiere) Pour la tranche conditionnelle, 2 épareuses (1 version route et 1 version forestière) Quantité : 2 bennes (bennes et coffres d'outillage destinés à équiper un porteur chassis cabine 3,5t et un porteur chassis cabine 5t) Quantité : 2 caisses isolée. Carrosserie permettant d'équiper un chassis-cabine neuf pour le transport d'une machine d'application peinture d'environ 300kg Quantité : 1Tribenne et installation hydraulique pour équiper un nouveau chassis cabine 19t 4x4 Quantité : 1 balayeuse Matériel destiné au balayage du réseau routier départemental
acquisition de véhicules et matériel pour l'ensemble des services du conseil départemental en Hérault Broyeur forestier à axe horizontal Epareuse - groupe de fauchage avance portée 5.10m route et forestier Benne et tribenne pour châssis cabine Caisse isolée et hayon élévateur pour porteur 6,5 t Tribenne et installation hydraulique pour châssis cabine 19 t Quantité : 1 balayeuse Matériel destiné au balayage du réseau routier départemental","Fourniture de matériel professionnel et de pièces détachées pour l'entretien des espaces naturels du conseil départemental de l'Hérault Avenue-Web Systèmes Conseil départemental de l'Hérault MESQUIDA Kléber Tribunal administratif de Montpellier « Le candidat individuel, ou chaque membre du groupement, ne doit pas entrer dans l’un des cas d’exclusion de la procédure de passation prévus par le code de la commande publique. &amp;lt;br/&amp;gt;L'accord-cadre sera exécuté par l'émission de bons de commande.&amp;lt;br/&amp;gt;Les prestations sont réglées par des prix unitaires.&amp;lt;br/&amp;gt;Les montants estimatifs sont indicatifs et comprennent la totalité des périodes de reconduction.&amp;lt;br/&amp;gt;Plusieurs types de matériels sont concernés par ce marché : tronçonneuse, perche d'élagage, débroussailleuse, tailles-haies, affûteuse, coupe-bordure, souffleur, motoculteur, motopompe, tondeuse ainsi que les pièces détachées afférentes à ce type de matériel professionnel. A titre accessoire, l'acheteur se réserve la faculté de commander sur catalogue des produits non listés au Bordereau de Prix Unitaires mais conformes à la présente consultation. Ces catalogues doivent impérativement être relatifs aux familles de produits objet du présent marché.&amp;lt;br/&amp;gt; Lettre de candidature et désignation du mandataire par ses co-traitants (Dc1, Dume ou forme libre) ; Déclaration concernant le chiffre d'affaires global réalisé au cours des trois derniers exercices disponibles Déclaration indiquant les effectifs moyens annuels du candidat pour l'année en cours (2025) L'exécution des prestations débute à compter de la date de notification du contrat.<br/>Aucune clause de garantie financière prévue.<br/>Le contrat prévoit le versement d'une avance, avec obligation de constituer une garantie à première demande en contrepartie.<br/>Les prix sont révisables.<br/>Le paiement des prestations se fera dans le respect du délai global de paiement applicable à l'acheteur.<br/>La consultation comporte des conditions d'exécution à caractère environnemental détaillées au cahier des charges.<br/> Le contrat est susceptible d'être reconduit dans les conditions du cahier des charges
Fourniture de matériel professionnel et de pièces détachées pour l'entretien des espaces naturels du conseil départemental de l'Hérault Avenue-Web Systèmes Conseil départemental de l'Hérault MESQUIDA Kléber Tribunal administratif de Montpellier SANTAMARIA SN L'accord-cadre est conclu pour une période initiale de 12 mois. L'accord-cadre est conclu à compter de la date de notification du contrat. L'accord-cadre est reconduit tacitement jusqu'à son terme. Le nombre de périodes de reconduction est fixé à 3. La durée de chaque période de reconduction est de 12 mois. La durée maximale du contrat, toutes périodes confondues, est de 48 mois. L'accord-cadre sera exécuté par l'émission de bons de commande. Les prestations sont réglées par des prix unitaires. Les montants estimatifs sont indicatifs et comprennent la totalité des périodes de reconduction. Plusieurs types de matériels sont concernés par ce marché : tronçonneuse, perche d'élagage, débroussailleuse, tailles-haies, affûteuse, coupe-bordure, souffleur, motoculteur, motopompe, tondeuse ainsi que les pièces détachées afférentes à ce type de matériel professionnel. A titre accessoire, l'acheteur se réserve la faculté de commander sur catalogue des produits non listés au Bordereau de Prix Unitaires mais conformes à la présente consultation. Ces catalogues doivent impérativement être relatifs aux familles de produits objet du présent marché Valeur technique de l'offre appréciée à l'aide du mémoire technique Pertinence de la démarche par laquelle le candidat favorise le réemploi, la réutilisation ou le recyclage des matériels professionnels, objet du présent marché Prix Le contrat est susceptible d'être reconduit dans les conditions du cahier des charges",,,,,,,
R033,Communauté d'Agglomération ACCM,Communauté d'Agglomération ACCM,,,2018-09-09,2022-09-09,1461,79713000,79713000,"[""79710000"",""79713000"",""79714000""]","[""79710000"",""79713000"",""79714000""]",True,,unresolved,"Accord-cadre à bons de commande mono-attributaire de prestations ponctuelles de gardiennage des sites de la communauté d'agglomération Arles Crau Camargue Montagnette (13) Les prestations doivent permettre d'assurer la sécurité, de surveiller ou d'empêcher, le cas échéant, l'accès aux locaux, de prévenir, intervenir et contrôler toute action suspecte lors d'une mission de gardiennage sur un des sites de la communauté d'agglomération Accm .La communauté d'agglomération Accm pourra également faire appel au prestataire pour assurer la sécurité de manifestations diverses","Accord-cadre à bons de commande mono-attributaire pour le gardiennage occasionnel des sites de la communauté d'agglomération Accm L'acheteur est un pouvoir adjudicateur.Cet accord-cadre concerne des prestations ponctuelles de surveillance générale et de gardiennage des sites et des locaux dont la communauté d'agglomération Accm est propriétaire ou dans lesquels elle exerce ses compétences.Cet accord-cadre comporte une clause d'insertion et d'emploi et de reprise de personnel.Le montant minimum annuel de commande est de 5.000,00 Eur Ht et le montant maximum annuel de commande est de 400.000,00 Eur Ht",,,,,,,
R034,C.A. de Saint-Quentin-en-Yvelines,C.A. de Saint-Quentin-en-Yvelines,,,2022-04-07,2022-12-09,246,71240000,71240000,"[""71240000"",""71242000""]","[""71240000"",""71242000""]",True,,unresolved,"Accord-Cadre Pour L'Etude Etude Urbaine Et Pre-Operationnelle - Renouveau Du Quartier Gare Et Des Abords De La Rn 10 A Coignieres La présente consultation a pour objet la réalisation d'une étude urbaine et pré-opérationnelle ainsi que la concertation pour le projet d'aménagement du secteur Gare et des abords de la Rn10 à Coignières.L'objectif est de faire émerger, en concertation avec l'ensemble des acteurs et dans une démarche innovante et exemplaire, des orientations d'aménagement définissant le devenir du quartier gare, identifiant les liaisons entre ce dernier et les différentes polarités communales et réinterrogeant le devenir des abords de la Rn10 dans un souci de cohérence territoriale. Ce schéma de cohérence intégrera les préoccupations du développement durable en vue de la construction d'un éco-quartier.L'accord-cadre est divisé en 4 phases :- Réalisation d'un diagnostic multicritère ;- Stratégie de territoire ;- Schéma de cohérence urbaine ;- Zoom pré-opérationnelLes prestations de concertation et de prospective territoriale se dérouleront sur l'entièreté de l'accord-cadre","Accord-Cadre Pour L'Etude Etude Urbaine Et Pre-Operationnelle - Renouveau Du Quartier Gare Et Des Abords De La Rn 10 A Coignieres La présente consultation a pour objet la réalisation d'une étude urbaine et pré-opérationnelle ainsi que la concertation pour le projet d'aménagement du secteur Gare et des abords de la Rn10 à Coignières.L'objectif est de faire émerger, en concertation avec l'ensemble des acteurs et dans une démarche innovante et exemplaire, des orientations d'aménagement définissant le devenir du quartier gare, identifiant les liaisons entre ce dernier et les différentes polarités communales et réinterrogeant le devenir des abords de la Rn10 dans un souci de cohérence territoriale. Ce schéma de cohérence intégrera les préoccupations du développement durable en vue de la construction d'un éco-quartier.L'accord-cadre est divisé en 4 phases :- Réalisation d'un diagnostic multicritère ;- Stratégie de territoire ;- Schéma de cohérence urbaine ;- Zoom pré-opérationnelLes prestations de concertation et de prospective territoriale se dérouleront sur l'entièreté de l'accord-cadre",,,,,,,
R035,Noréade,Noréade,,,2019-06-29,2020-02-14,230,45232420,45232420,"[""45200000"",""45232420"",""45252130""]","[""45200000"",""45232420"",""45252130""]",False,,unresolved,STATION D'EPURATION INTERCOMMUNALE D'ORCHIES (Département du Nord) Construction d'une unité de désodorisation d'une aire de stockage de boues de stations d'épuration STATION D'EPURATION INTERCOMMUNALE D'ORCHIES (Département du Nord) - Construction d'une unité de désodorisation d'une aire de stockage de boues de stations d'épuration,STATION D'EPURATION INTERCOMMUNALE D'ORCHIES (Département du Nord) Construction d'une unité de désodorisation d'une aire de stockage de boues de stations d'épuration STATION D'EPURATION INTERCOMMUNALE D'ORCHIES (Département du Nord) - Construction d'une unité de désodorisation d'une aire de stockage de boues de stations d'épuration,,,,,,,
R036,Ville d'Annecy,Ville d'Annecy,,,2016-11-20,2017-04-28,159,79713000,79713000,"[""79713000""]","[""79713000""]",False,,unresolved,"Gardiennage, gestion des alarmes vol et incendie de divers bâtiments communaux Le présent marché comprend d'une part des prestations de surveillance et de gardiennage, d'autre part des prestations de télé sécurité. Ces prestations concernent différents bâtiments appartenant à la Ville d'Annecy.Compte tenu de la nature des prestations, la visite des lieux est conseillée aux candidats. A cette fin, les candidats sont invités à prendre contact avec Monsieur Fatmi, Direction des Bâtiments de la Ville d'Annecy, au 04.50.33.89.80 pour convenir d'un rendez-vous","Gardiennage, gestion des alarmes vol et incendie de divers bâtiments communaux Le présent marché comprend d'une part des prestations de surveillance et de gardiennage, d'autre part des prestations de télé sécurité. Ces prestations concernent différents bâtiments appartenant à la Ville d'Annecy.Compte tenu de la nature des prestations, la visite des lieux est conseillée aux candidats. A cette fin, les candidats sont invités à prendre contact avec Monsieur Fatmi, Direction des Bâtiments de la Ville d'Annecy, au 04.50.33.89.80 pour convenir d'un rendez-vous",,,,,,,
R037,"SIDEN-SIAN NOREADE EAU
SIDEN SIAN ET SES RÉGIES NORÉADE",SIDEN SIAN et ses Régies Noréade,,,2022-07-07,2025-03-27,994,45232410,45232410,"[""45232410"",""45232411"",""45232423"",""45232440""]","[""45231110"",""45231112"",""45232100"",""45232150"",""45232410"",""45232411"",""45232423"",""45232431"",""45232440"",""45332200""]",False,,unresolved,"Commune de MARQUION Création du réseau d'assainissement de collecte des Eaux Usées. Rénovation conduite et des branchements d'eau potable Commune de MARQUION Création du réseau d'assainissement de collecte des Eaux Usées des rues d'Inchy, de la Mairie, Verte, de Bourlon et de la Chapelle (2ème partie). Rénovation conduite et des branchements d'eau potable
Commune de MARQUION Création du réseau d'assainissement de collecte des Eaux Usées. Rénovation conduite et des branchements d'eau potable Commune de MARQUION-Création du réseau d'assainissement de collecte des Eaux Usées de diverses rues (2ème partie).- Rénovation de la conduite et des branchements d'eau potable de la rue de Bourlon Commune de MARQUION Création du réseau d'assainissement de collecte des Eaux Usées des rues d'Inchy, de la Mairie, Verte, de Bourlon et de la Chapelle (2ème partie). Rénovation conduite et des branchements d'eau potable","Commune de PREUX AU BOIS- Rues de la Fontaine,du Village et Robersart-Mise en séparatif du réseau d'assainissement-Rénovation de la conduite et des branchements des eaux pluviales-Rénovation de la con SIDEN SIAN et ses Régies Noréade Tribunal Administratif de Lille Commune de PREUX AU BOIS- Rues de la Fontaine,du Village et Robersart-Mise en séparatif du réseau d'assainissement-Rénovation de la conduite et des branchements des eaux pluviales-Rénovation de la conduite et des branchements d'eau potable Commune de PREUX AU BOIS (Département du Nord) Rues de la Fontaine, du Village et Robersart- Mise en séparatif du réseau d'assainissement- Rénovation de la conduite et des branchements des eaux pluviales Rénovation de la conduite et des branchements d'eau potable Une lettre de candidature, établie sur imprimé (DC1 version du 1er avril 2019 ou équivalent), -L'imprimé DC2, (DC2 version du 21 novembre 2023 ou équivalent), -L'imprimé DC4, (DC4 version du 12 octobre 2023 ou équivalent), Les formulaires DC1, DC2 et DC4 sont joints au dossier et téléchargeables sur le portail du ministère de l'Economie, des Finances et de l'Emploi à l'adresse Internet suivante : http://www.economie.gouv.fr/daj/formulaires-declaration-candidat. Déclaration concernant le chiffre d'affaires global et le chiffre d'affaires concernant les travaux objet du marché, réalisés au cours des trois derniers exercices disponibles ; - Déclaration appropriée de banques ou preuve d'une assurance pour les risques professionnels ; - Bilans ou extraits de bilans, concernant les trois dernières années, des opérateurs économiques pour lesquels l'établissement des bilans est obligatoire en vertu de la loi. Déclaration indiquant les effectifs moyens annuels du candidat et l'importance du personnel d'encadrement pour chacune des trois dernières années ; -Présentation d'une liste des travaux exécutés au cours des cinq dernières années, appuyée d'attestations de bonne exécution pour les travaux les plus importants. Ces attestations indiquent le montant, l'époque et le lieu d'exécution des travaux et précisent s'ils ont été effectués selon les règles de l'art et menés régulièrement à bonne fin ; -Indication des titres d'études et professionnels de l'opérateur économique et/ou des cadres de l'entreprise, et notamment des responsables de conduite des travaux de même nature que celle du marché ; -Déclaration indiquant l'outillage, le matériel et l'équipement technique dont le candidat dispose pour la réalisation de marchés de même nature ; -Certificats de qualifications professionnelles : la preuve de la capacité du candidat peut être apportée par tout moyen, notamment par des certificats d'identité professionnelle ou des références de travaux attestant de la compétence de l'opérateur économique à réaliser la prestation pour laquelle il se porte candidat. Pour justifier de ses capacités professionnelles, techniques et financières, le candidat, même s'il s'agit d'un groupement, peut également faire état des capacités professionnelles, techniques et financières d'autres opérateurs économiques, quelle que soit la nature juridique des liens existant entre ces opérateurs et lui. Dans ce cas, il justifie des capacités de ce ou ces opérateurs économiques et apporte la preuve qu'il en disposera pour l'exécution du marché. Il sera fait application de révisions dispositions de l'ordonnance n° 2018-1074 du 26 novembre 2018 portant partie législative du code de la commande publique et du décret n° 2018-1075 du 3 décembre 2018 portant partie réglementaire du code de la commande publique. Le marché prévoit une retenue de garantie dont le montant est fixé à 5 % du montant total du marché toutes taxes comprises (T.T.C.), augmenté, le cas échéant, du montant des avenants, également T.T.C. Ce taux est ramené à 3% pour les PME conformément au décret 2024-1251 du 30 décembre 2024. Les conditions de constitution de cette retenue de garantie seront conformes aux dispositions de l'ordonnance n° 2018-1074 du 26 novembre 2018 portant partie législative du code de la commande publique et du décret n° 2018-1075 du 3 décembre 2018 portant partie réglementaire du code de la commande publique. La retenue de garantie peut être remplacée au gré du titulaire par une caution personnelle et solidaire. Ces éléments sont détaillés dans le CCAP. Le délai de garantie est d'un an à compter de la date d'effet de la réception. Ainsi, le titulaire garantit pendant un an à compter de cette date, le bon fonctionnement de tous les équipements et ouvrages mis en place (garantie de parfait achèvement). Le titulaire garantit le maître d'ouvrage pendant une durée de 10 (dix) ans à partir de la date de réception des travaux : • les remblais contre tout défaut de compactage, • le réseau et les ouvrages d'art contre tout défaut d'étanchéité, • le bon fonctionnement et la bonne tenue des matériels et matériaux de type nouveau, • les éléments mécaniques contre tout défaut de corrosion. Code de l'obligation d'exécution Prix des prestations La note relative au critère prix sera déterminée sur la base du montant corrigé de la simulation de commande (document non contractuel) du candidat correspondant à la somme, pour chacun des articles de la/des simulation(s) de commande (document non contractuel), du produit de chaque prix desdits articles (tels qu'ils figurent dans le Bordereau des Prix joint) par le rabais/majoration différencié (tel qu'il est renseigné par le candidat dans la fiche n°1 « 1. Taux de remises différenciées » intégralement complétée (sans être modifié) en chiffre/nombre et en lettre) affecté à la section correspondante de l'article concerné par la quantité qn associée (telle qu'elle figure dans la/des simulation(s) de commande (document non contractuel)). Valeur technique de l'offre Le critère « Valeur technique de l'offre » sera jugé sur la base de l'analyse du cadre de réponse obligatoirement joint à la réponse du candidat. Sous-Critère « a1 » : « Pertinence de l'organisation des moyens humains et matériels mis en oeuvre pour la réalisation des travaux objets du marché » - Coefficient de pondération : 24 % Sous-Critère « a2 » : « Pertinence des mesures de prévention et de contrôle des risques à la qualité, l'hygiène/sécurité et l'environnement mis en oeuvre pour la réalisation des travaux objets du marché » - Coefficient de pondération : 6 % 1) Référé précontractuel (article L. 551-1 du Code de Justice Administrative), la requête devant être introduite avant la conclusion du contrat. 2) Référé précontractuel (article L. 77-13-1 et R. 557-3 du Code de Justice Administrative), formé à raison de l'intervention d'un AMO dans la procédure de passation d'un marché public - Appréciation du risque d'atteinte imminente au secret des affaires - Prise en compte de l'obligation professionnelle de confidentialité de l'AMO. 3) Recours pour excès de pouvoir contre un acte détachable du contrat (article R.421-1 et suivants du Code de Justice Administrative) dans un délai de deux mois à compter de la publication ou de la notification de la décision attaquée, et avant la conclusion du contrat pour les candidats évincés. 4) Référé contractuel (article L. 551-13 du Code de Justice Administrative) dans un délai de 31 jours à compter de la publication de l'avis d'attribution (ou à défaut d'un tel avis, dans un délai de 6 mois à compter de la conclusion du contrat). 5) Recours en contestation de validité du contrat (recours de pleine juridiction prévu par la décision du Conseil d'Etat du 16 juillet 2007, Société Tropic Travaux Signalisation, n° 291545) par tout candidat évincé, assorti, le cas échéant de conclusion du marché. 6) Recours indemnitaire (article R.421-1 et suivants du Code de Justice Administrative), dans les deux mois à compter d'une décision expresse, ou sans délai pour une décision implicite, rejetant une demande préalable, et sous réserve des dispositions relatives à la prescription quadriennale
Commune de PREUX AU BOIS- Rues de la Fontaine,du Village et Robersart-Mise en séparatif du réseau d'assainissement-Rénovation de la conduite et des branchements des eaux pluviales-Rénovation de la con Offre SARL TLT SIDEN SIAN et ses Régies Noréade Tribunal Administratif de Lille Société SARL TLT Commune de PREUX AU BOIS- Rues de la Fontaine,du Village et Robersart-Mise en séparatif du réseau d'assainissement-Rénovation de la conduite et des branchements des eaux pluviales-Rénovation de la conduite et des branchements d'eau potable buyer-categories Commune de PREUX AU BOIS (Département du Nord) Rues de la Fontaine, du Village et Robersart- Mise en séparatif du réseau d'assainissement- Rénovation de la conduite et des branchements des eaux pluviales Rénovation de la conduite et des branchements d'eau potable Prix des prestations La note relative au critère prix sera déterminée sur la base du montant corrigé de la simulation de commande (document non contractuel) du candidat correspondant à la somme, pour chacun des articles de la/des simulation(s) de commande (document non contractuel), du produit de chaque prix desdits articles (tels qu'ils figurent dans le Bordereau des Prix joint) par le rabais/majoration différencié (tel qu'il est renseigné par le candidat dans la fiche n°1 « 1. Taux de remises différenciées » intégralement complétée (sans être modifié) en chiffre/nombre et en lettre) affecté à la section correspondante de l'article concerné par la quantité qn associée (telle qu'elle figure dans la/des simulation(s) de commande (document non contractuel)). Valeur technique de l'offre Le critère « Valeur technique de l'offre » sera jugé sur la base de l'analyse du cadre de réponse obligatoirement joint à la réponse du candidat. Sous-Critère « a1 » : « Pertinence de l'organisation des moyens humains et matériels mis en oeuvre pour la réalisation des travaux objets du marché » - Coefficient de pondération : 24 % Sous-Critère « a2 » : « Pertinence des mesures de prévention et de contrôle des risques à la qualité, l'hygiène/sécurité et l'environnement mis en oeuvre pour la réalisation des travaux objets du marché » - Coefficient de pondération : 6 % 1) Référé précontractuel (article L. 551-1 du Code de Justice Administrative), la requête devant être introduite avant la conclusion du contrat. 2) Référé précontractuel (article L. 77-13-1 et R. 557-3 du Code de Justice Administrative), formé à raison de l'intervention d'un AMO dans la procédure de passation d'un marché public - Appréciation du risque d'atteinte imminente au secret des affaires - Prise en compte de l'obligation professionnelle de confidentialité de l'AMO. 3) Recours pour excès de pouvoir contre un acte détachable du contrat (article R.421-1 et suivants du Code de Justice Administrative) dans un délai de deux mois à compter de la publication ou de la notification de la décision attaquée, et avant la conclusion du contrat pour les candidats évincés. 4) Référé contractuel (article L. 551-13 du Code de Justice Administrative) dans un délai de 31 jours à compter de la publication de l'avis d'attribution (ou à défaut d'un tel avis, dans un délai de 6 mois à compter de la conclusion du contrat). 5) Recours en contestation de validité du contrat (recours de pleine juridiction prévu par la décision du Conseil d'Etat du 16 juillet 2007, Société Tropic Travaux Signalisation, n° 291545) par tout candidat évincé, assorti, le cas échéant de conclusion du marché. 6) Recours indemnitaire (article R.421-1 et suivants du Code de Justice Administrative), dans les deux mois à compter d'une décision expresse, ou sans délai pour une décision implicite, rejetant une demande préalable, et sous réserve des dispositions relatives à la prescription quadriennale",,,,,,,
R038,Brest métropole,Brest métropole,Bretagne,Bretagne,2018-11-07,2021-07-14,980,32000000,51300000,"[""32000000""]","[""51300000""]",False,,unresolved,Evolution et maintenance du système téléphonique central de Brest métropole et de la Ville de Brest,"Evolution et maintenance du système téléphonique central de Brest métropole et de la Ville de Brest
Evolution et maintenance du système téléphonique central de Brest métropole et de la Ville de Brest Evolution et maintenance du système téléphonique central de Brest métropole et de la ville de Brest",,,,,,,
R039,CA SAINT LO AGGLO,CA SAINT LO AGGLO,Normandie,Normandie,2017-09-27,2018-07-26,302,71200000,71200000,"[""71200000""]","[""71200000""]",False,,unresolved,"Mission de maîtrise d'oeuvre pour extension du siège de Saint-Lô Agglo Une cinquantaine de personnes travaille actuellement au siège administratif de Saint-Lô Agglo. Il est prévu d'en accueillir plus du double d'ici deux ans après construction d'une extension. Cette opération est l'occasion d'adapter les locaux aux mutations à venir en ré-imaginant la façon dont les usagers vont s'approprier les espaces (agents, élus, visiteurs, public...).Le projet devra prendre en compte les approches les plus récentes en matière de performance environnementale de façon à assurer une parfaite qualité d'usage, confort thermique et acoustique et optimisation de la maintenance.l'enveloppe prévisionnelle des travaux est de 2.2m euro(s)","Mission de maîtrise d'oeuvre pour extension du siège de Saint-Lô Agglo Une cinquantaine de personnes travaille actuellement au siège administratif de Saint-Lô Agglo. Il est prévu d'en accueillir plus du double d'ici deux ans après construction d'une extension. Cette opération est l'occasion d'adapter les locaux aux mutations à venir en ré-imaginant la façon dont les usagers vont s'approprier les espaces (agents, élus, visiteurs, public...).Le projet devra prendre en compte les approches les plus récentes en matière de performance environnementale de façon à assurer une parfaite qualité d'usage, confort thermique et acoustique et optimisation de la maintenance.l'enveloppe prévisionnelle des travaux est de 2.2m euro(s)",,,,,,,
R040,Conseil Départemental de la Mayenne,Conseil Départemental de la Mayenne,Pays de la Loire,Pays de la Loire,2024-11-24,2025-12-11,382,72262000,72268000,"[""72262000"",""72267100""]","[""72267100"",""72268000""]",True,48.0,typed_consensus,"Acquisition, maintenance, évolution et assistance d'une solution logicielle de gestion des subventions Avenue-Web Systèmes Conseil Départemental de la Mayenne le Président Tribunal administratif de Nantes « Le candidat individuel, ou chaque membre du groupement, ne doit pas entrer dans l’un des cas d’exclusion de la procédure de passation prévus par le code de la commande publique. La présente consultation concerne l'acquisition, la maintenance, l'évolution et l'assistance d'une solution logicielle de gestion des subventions. L'accord-cadre avec minimum et maximum est passé en application des articles L2125-1 1°, R. 2162-1 à R. 2162-6 à 2162-14 du Code de la commande publique. Il donnera lieu à l'émission de bons de commande et à la conclusion de marchés subséquents. L'accord-cadre est conclu pour une durée de 4 ans à compter de la date de notification du contrat (prévue, à titre indicatif, le 25 février 2025) Les montants minimum et maximum hors taxes pour la durée de l'accord-cadre sont fixés comme suit : 350 000,00 euro(s) / 1 500 000,00 euro(s) - Formulaire Dc1, Lettre de candidature _ Habilitation du mandataire par ses co-traitants. (disponible à l'adresse suivante : http://www.economie.gouv.fr/daj/formulaires-declaration-du-candidat) - Copie du ou des jugements prononcés, si le candidat est en redressement judiciaire - Déclaration indiquant les effectifs moyens annuels du candidat et l'importance du personnel d'encadrement pour chacune des trois dernières années. - Déclaration indiquant l'outillage, le matériel et l'équipement technique dont le candidat dispose pour la réalisation de marchés de même nature. - Présentation d'une liste des principales fournitures ou des principaux services effectués au cours des trois dernières années, indiquant le montant, la date et le destinataire public ou privé L'exécution des prestations débute à compter de la date de notification du contrat. Aucune clause de garantie financière prévue. Le contrat prévoit le versement d'une avance dans les conditions fixées dans le cahier des clauses administratives particulières, avec obligation de constituer une garantie à première demande en contrepartie. Les prix sont révisables. Le paiement des prestations se fera dans le respect du délai global de paiement de 30 jours Les voies de recours ouvertes aux candidats sont les suivantes : - Avant la signature du marché pour le référé pré-contractuel. - 31 jours à compter de la publication de l'avis d'attribution ou 6 mois à compter du lendemain de la conclusion du contrat pour le référé contractuel. - Deux mois à compter de la publicité relative à la signature et à la consultation du contrat pour le recours en contestation de la validité du contrat. Le tribunal administratif peut être saisi par courrier, ou par l'application Télérecours citoyens accessible à partir du site www.telerecours.fr
Acquisition, maintenance, évolution et assistance d'une solution logicielle de gestion des subventions Avenue-Web Systèmes Conseil Départemental de la Mayenne le Président Tribunal administratif de Nantes MGDIS La présente consultation concerne l'acquisition, la maintenance, l'évolution et l'assistance d'une solution logicielle de gestion des subventions. L'accord-cadre avec minimum et maximum est passé en application des articles L2125-1 1°, R. 2162-1 à R. 2162-6 à 2162-14 du Code de la commande publique. Il donnera lieu à l'émission de bons de commande et à la conclusion de marchés subséquents. L'accord-cadre est conclu pour une durée de 4 ans à compter de la date de notification du contrat (prévue, à titre indicatif, le 25 février 2025) Les montants minimum et maximum hors taxes pour la durée de l'accord-cadre sont fixés comme suit : 350 000,00 euro(s) / 1 500 000,00 euro(s) Valeur technique de l'offre Méthodologie, appréciée sur la base du cadre de réponse (article 2.4) et du mémoire technique Prix Les voies de recours ouvertes aux candidats sont les suivantes : - Avant la signature du marché pour le référé pré-contractuel. - 31 jours à compter de la publication de l'avis d'attribution ou 6 mois à compter du lendemain de la conclusion du contrat pour le référé contractuel. - Deux mois à compter de la publicité relative à la signature et à la consultation du contrat pour le recours en contestation de la validité du contrat. Le tribunal administratif peut être saisi par courrier, ou par l'application Télérecours citoyens accessible à partir du site www.telerecours.fr","Solution Skype SBC : abonnement, maintenance et prestations associées Avenue-Web Systèmes Conseil Départemental de la Mayenne le Président Tribunal administratif de Nantes La présente consultation concerne la solution Skype SBC : abonnement, maintenance et prestations associées. La procédure de passation utilisée est l'appel d'offres ouvert. Elle est soumise aux dispositions des articles L. 2124-2, R. 2124-2 1° et R. 2161-2 à R. 2161-5 du Code de la commande publique L'accord-cadre avec minimum et maximum est passé en application des articles L2125-1 1°, R. 2162-1 à R. 2162-6, R. 2162-13 et R. 2162-14 du Code de la commande publique. Il donnera lieu à l'émission de bons de commande. L'accord-cadre est conclu pour une durée de 4 ans à compter de la date de notification du contrat. À titre indicatif, la date de notification est prévue vers le 24 février 2026. Les montants minimum et maximum pour la durée de l'accord-cadre sont fixés comme suit : 100 000,00 euro(s) HT / 400 000,00 euro(s) HT Déclaration indiquant les effectifs moyens annuels du candidat et l'importance du personnel d'encadrement pour chacune des trois dernières années Liste des principales prestations effectuées au cours des trois dernières années, indiquant le montant, la date et le destinataire. Elles sont prouvées par des attestations du destinataire ou, à défaut, par une déclaration du candidat Formulaire Dc1 joint au dossier de consultation, accompagné en cas de co-traitance, du pouvoir du/des cotraitant(s) habilitant le mandataire à signer les pièces du contrat (modèle joint au dossier de la consultation) ; Copie du ou des jugements prononcés, si le candidat est en redressement judiciaire Liste des principales prestations effectuées au cours des trois dernières années, indiquant le montant, la date et le destinataire. Elles sont prouvées par des attestations du destinataire ou, à défaut, par une déclaration du candidat Aucune clause de garantie financière prévue. Le contrat prévoit le versement d'une avance, avec obligation de constituer une garantie à première demande en contrepartie. Les prix sont révisables par ajustement. Le paiement des prestations se fera dans le respect du délai global de paiement de 30 jours Les voies de recours ouvertes aux candidats sont les suivantes : - Avant la signature du marché pour le référé pré-contractuel. - 31 jours à compter de la publication de l'avis d'attribution ou 6 mois à compter du lendemain de la conclusion du contrat pour le référé contractuel. - Deux mois à compter de la publicité relative à la signature et à la consultation du contrat pour le recours en contestation de la validité du contrat. Le tribunal administratif peut être saisi par courrier, ou par l'application Télérecours citoyens accessible à partir du site www.telerecours.fr",,,,,,,
R041,Ville de Nantes,Ville de Nantes,,,2024-08-02,2024-08-05,3,92521100,,"[""92521100""]",[],False,,unresolved,"Conception, suivi de fabrication et installation de la scénographie d?une exposition intitulée « Le Coran, des histoires européennes (XIIe-XXIe siècles) » à la Médiathèque Jacques Demy","Conception, suivi de fabrication et installation de la scénographie d'une exposition intitulée « Le Coran, des histoires européennes (XIIe-XXIe siècles) » à la Médiathèque Jacques Demy Conception, suivi de fabrication et installation de la scénographie d?une exposition intitulée « Le Coran, des histoires européennes (XIIe-XXIe siècles) » à la Médiathèque Jacques Demy",,,,,,,
R042,Département de la Vendée,Département de la Vendée,Pays de la Loire,Pays de la Loire,2019-09-28,2023-06-23,1364,39294100,39294100,"[""22459100"",""35821000"",""39294100""]","[""22459100"",""35821000"",""39294100"",""39500000""]",False,,unresolved,"Achat d'articles répondant aux besoins des associations ou des manifestations à caractère promotionnel (relance lots 2 et 3) Articles de signalétique en matière souple (banderoles, bâches imprimées...) Drapeaux","Achat d'articles répondant aux besoins des associations ou des manifestations à caractère promotionnel Lot no1 : Articles textiles Lot no2 : Articles de signalétique en matière souple Lot no3 : Drapeaux Il s'agit de la fourniture d'articles textiles répondant aux besoins des associations ou des manifestations à caractère promotionnel Il s'agit de la fourniture de supports de communication en matière souple (banderoles, bâches imprimées...) répondant aux besoins des associations ou des manifestations à caractère promotionnel Il s'agit de la fourniture de drapeaux répondant aux besoins des associations ou des manifestations à caractère promotionnel",,,,,,,
R043,METROPOLE D AIX MARSEILLE PROVENCE,Métropole Aix-Marseille-Provence,,,2021-02-07,2024-11-13,1375,90510000,90600000,"[""90510000"",""90511000""]","[""90500000"",""90511000"",""90511100"",""90511200"",""90511300"",""90512000"",""90600000""]",False,,unresolved,"Enlèvement et traitement des déchets ménagers et assimilés collectés sur les déchetteries et sur d'autres sites et prestations complémentaires sur le Territoire Istres-Ouest Provence Collecte, transport et tri / traitement des papiers et cartons, et prestations complémentaires Collecte, transport et tri / traitement des déchets encombrants et prestations complémentaires Collecte, transport et traitement des déchets de bois et prestations complémentaires Collecte, transport et valorisation des déchets végétaux et prestations complémentaires Collecte, transport et traitement des déchets métalliques Collecte, transport, traitement des déchets inertes et prestations complémentaires Collecte, transport et traitement des pneumatiques usagés et des roues, et prestations complémentaires Collecte, transport et traitement des déchets diffus spécifiques Collecte, transport et traitement des batteries L'objet du présent lot est la collecte, le transport et le tri des déchets de papiers et cartons collectés sur les déchetteries du Territoire et ponctuellement sur d'autres sites ainsi que les prestations complémentaires de location et d'installation de bennes, de location de compacteurs et de destruction d'archives L'objet du présent lot est la collecte, le transport et le tri / traitement des déchets encombrants collectés sur les déchetteries du Territoire et ponctuellement sur d'autres sites, ainsi que les prestations complémentaires de location et d'installation de bennes pour les encombrants et les Déchets Ménagers et Assimilés (DMA), le transport des bennes pour les DMA. L'objet du présent lot est la collecte, le transport et le traitement des déchets de bois collectés sur les déchetteries du Territoire et ponctuellement sur d'autres sites, ainsi que les prestations complémentaires de location et d'installation de bennes. L'objet du présent lot est la collecte, le transport et la valorisation matière ou énergétique des déchets végétaux collectés sur les déchetteries du Territoire et ponctuellement sur d'autres sites, ainsi que les prestations complémentaires de location et d'installation de bennes pour les déchets végétaux. L'objet du présent lot est la collecte, le transport et le traitement des déchets métalliques collectés sur les déchetteries du Territoire et ponctuellement sur d'autres sites. L'objet du présent lot est la collecte, le transport et le traitement des déchets inertes collectés sur les déchetteries du Territoire et sur d'autres sites, ainsi que les prestations complémentaires de location et installation de bennes pour les déchets inertes. L'objet du présent lot est la collecte, le transport et le traitement des pneumatiques usagés collectés sur les déchetteries du Territoire et ponctuellement sur d'autres sites, ainsi que les prestations complémentaires de location et d'installation de bennes pour les déchets pneumatiques usagés, et la collecte, le transport et le traitement des roues. L'objet du présent lot est la collecte, le transport et le traitement des Déchets Diffus Spécifiques (DDS) collectés sur les déchetteries du Territoire et ponctuellement sur d'autres sites. L'objet du présent lot est la collecte, le transport et le traitement des batteries collectées sur les déchetteries du Territoire et ponctuellement sur d'autres sites.","Prestations de collecte et de propreté sur les zones 1 et 2 de la Métropole Aix-Marseille-Provence Métropole Aix-Marseille-Provence Tribunal administratif de Marseille Capacités financières Capacités professionnelles et techniques Prestations de propreté de Châteauneuf-les-Martigues, Gignac-La-Nerthe et Marignane Collecte porte à porte des déchets ménagers de Carry-le-rouet, Châteauneuf-les-Martigues, Ensuès-la-Redonne, Marignane, Saint-Victoret, Sausset-les-Pins, le Rove et Vitrolles Capacité professionnelles et techniques Collecte porte à porte des déchets ménagers de Bouc-Bel-Air, Cabriès-Calas et Simiane-Collongue Collecte PAV OMR et biflux sur la zone 1 Collecte PAV Verre sur la zone 1 Collecte PAV OMR et bliflux zone 2 Collecte PAV Verre sur la zone 2 La remise de la copie de sauvegarde s'effectuera soit par envoi postal (en recommandé avec A.R ou par tout moyen permettant de donner date et heure certaines de réception et de garantir la confidentialité des documents), soit par remise directe contre récépissé de 9h00 à 12h30 et de 13h30 à 16h30 du lundi au vendredi (sauf jours fériés) aux adresses ci-dessous : - Par remise directe (y compris Chronopost ou équivalent) : Métropole Aix-Marseille-Provence Direction de la Commande Publique - Service des Marchés Immeuble « Le Balthazar » 2 Quai d'Arenc, 2ème étage Nord 13002 Marseille - Par voie postale : Métropole Aix-Marseille-Provence Immeuble « Le Balthazar » 2 Quai d'Arenc, Rdc 13002 Marseille Les candidats pourront obtenir le dossier de consultation jusqu'à la date limite de remise des offres indiquée dans l'avis d'appel public à la concurrence correspondant. Tous les documents seront remis gratuitement. Pour obtenir le dossier sur la plateforme électronique : https://marchespublics.ampmetropole.fr/Il sera demandé au candidat effectuant un retrait de nous fournir une adresse mail. Celle-ci sera utilisée pour lui transmettre les éventuels renseignements complémentaires. L'attention des candidats est attirée sur la nécessité de fournir une adresse mail valide et régulièrement consultée. Pour tous renseignements complémentaires sur cette consultation, le candidat doit se reporter au Règlement de la Consultation. Conformément à l'article R2132-7 du Code de la Commande Publique, la remise des offres par voie dématérialisée est obligatoire. La remise des offres sous forme dématérialisée sera effectuée à l'adresse : https://marchespublics.ampmetropole.fr/ Les candidats devront remettre les déclarations, certificats et attestations prévus aux articles R. 2142-1, R. 2143-3 et R. 2143-11 du Code de la commande publique, permettant de vérifier que le candidat satisfait aux conditions de participation à la consultation : cf. Article 9.1 du Règlement de la consultation. - Déclaration concernant le chiffre d'affaires global et le chiffre d'affaires du domaine d'activité, portant sur les trois derniers exercices disponibles en fonction de la date de création de l'entreprise ou du début d'activité de l'opérateur économique, dans la mesure où les informations sur ces chiffres d'affaires sont disponibles (sur papier libre, DUME ou DC2 transmis en annexe). - Liste des principaux services fournis au cours des trois dernières années indiquant le montant, la date et le destinataire public ou privé. Les prestations de services sont prouvées par des attestations du destinataire ou, à défaut, par une déclaration de l'opérateur économique. Les éléments de preuve relatifs à des produits ou services pertinents fournis il y a plus de trois ans seront pris en compte. Le critère prix sera calculé en prenant en compte le montant global des prix en HT. Valeur technique SC1 : Pondération 40 % Adéquation du dimensionnement des services de nettoiement avec les prestations à réaliser SC2 : Pondération 35% Adéquation de l'organisation des moyens humains et matériels pour les prestations de nettoiement techniques avec les prestations à réaliser SC3 : Pondération 25% Réactivité et continuité de service Valeur environnementale : Sous-critère : Pondération 100 % Engagement sur les performances environnementales Voir RC Date prévisionnelle, séance non publique - Liste des principaux services fournis au cours des trois dernières années indiquant le montant, la date et le destinataire public ou privé. Les prestations de services sont prouvées par des attestations du destinataire ou, à défaut, par une déclaration de l'opérateur économique. Les éléments de preuve relatifs à des produits ou services pertinents fournis il y a plus de trois ans seront pris en compte Valeur technique Sous-critère 1 : Pondération 40% Adéquation du dimensionnement des services de collecte avec les prestations à réaliser Sous-critère 2 : Pondération 35% Adéquation de l'organisation des moyens humains et matériels pour les prestations de collecte à réaliser. Sous-critère 3 : Pondération 25% Réactivité et continuité de service Valeur environnementale Sous-critère : Pondération 100% Engagement sur les performances environnementales Valeur technique Sous-critère 1 : Pondération 40% Adéquation du dimensionnement des services de collecte avec les prestations à réaliser Sous-critère 2 : Pondération 35% Adéquation de l'organisation des moyens humains et matériels pour les prestations de collecte à réaliser Sous-critère 3: Pondération 25% Réactivité et continuité de service Valeur technique Sous-critère 1 : Pondération 40% Adéquation du de l'organisation des moyens humains et matériels affectés à la réalisation des prestations attendues Sous-critère 2 : Pondération 35% Pertinence des dispositions prises pour assurer la qualité des prestations, la régularité, l'objectif de non débordement ainsi que le contrôle et le suivi des prestations Sous-critère 3 : Pondération 25% Réactivité et continuité de service Valeur environnementale Sous-critère 3 : Pondération 100% Sensibilisation du personnel aux enjeux environnementaux liés à la collecte et au tri des déchets objets des prestations du marché. Valeur technique Sous-critère 1 : Pondération 40% Adéquation de l'organisation des moyens humains et matériels affectés à la réalisation des prestations attendues Sous-critère 2 : Pondération 35% Pertinence des dispositions prises pour assurer la qualité des prestations, la régularité, l'objectif de non débordement ainsi que le contrôle et le suivi des prestations. Sous-critère 3 : Pondération 25% Réactivité et continuité de service Valeur environnemental Sous-critère : Pondération 100% Sensibilisation du personnel aux enjeux environnementaux liés à la collecte et au tri des déchets objets des prestations du marché Valeur technique Sous-critère 1 : Pondération 40% Adéquation de l'organisation des moyens humains et matériels affectés à la réalisation des prestations attendues Sous-critère 2 : Pondération 35% Pertinence des dispositions prises pour assurer la qualité des prestations, la régularité, l'objectif de non débordement ainsi que le contrôle et le suivi des prestations Sous-critère 3 : Pondération 25% Réactivité et continuité de service Valeur environnementale Sous-critère : Pondération 100% Sensibilisation du personnel aux enjeux environnementaux liés à la collecte et au tri des déchets objets de la prestations du marché Valeur environnementale Sous-critère : Pondération 100% Sensibilisation du personnel aux enjeux environnementaux liés à la collecte et au tri des déchets objets des prestations du marché
Prestations de collecte et de propreté sur les zones 1 et 2 de la Métropole Aix-Marseille-Provence SILIM ENVIRONNEMENT (mandataire) EXPERT LOCATION SERVICES (cotraitant) SOCIETE MEDITERRANEENNE DE NETTOIEMENT NOE CONCEPT (cotraitant) PAPREC MEDITERRANEE SOCIETE VIAL Métropole Aix-Marseille-Provence Tribunal administratif de Marseille buyer-categories Prestations de propreté de Châteauneuf-les-Martigues, Gignac-La-Nerthe et Marignane Collecte porte à porte des déchets ménagers de Carry-le-rouet, Châteauneuf-les-Martigues, Ensuès-la-Redonne, Marignane, Saint-Victoret, Sausset-les-Pins, le Rove et Vitrolles Collecte porte à porte des déchets ménagers de Bouc-Bel-Air, Cabriès-Calas et Simiane-Collongue Collecte PAV OMR et biflux sur la zone 1 Collecte PAV Verre sur la zone 1 Collecte PAV OMR et bliflux zone 2 Collecte PAV Verre sur la zone 2 Le critère prix sera calculé en prenant en compte le montant global des prix en HT. Valeur technique SC1 : Pondération 40 % Adéquation du dimensionnement des services de nettoiement avec les prestations à réaliser SC2 : Pondération 35% Adéquation de l'organisation des moyens humains et matériels pour les prestations de nettoiement techniques avec les prestations à réaliser SC3 : Pondération 25% Réactivité et continuité de service Valeur environnementale : Sous-critère : Pondération 100 % Engagement sur les performances environnementales Voir RC Valeur technique Sous-critère 1 : Pondération 40% Adéquation du dimensionnement des services de collecte avec les prestations à réaliser Sous-critère 2 : Pondération 35% Adéquation de l'organisation des moyens humains et matériels pour les prestations de collecte à réaliser. Sous-critère 3 : Pondération 25% Réactivité et continuité de service Valeur environnementale Sous-critère : Pondération 100% Engagement sur les performances environnementales Valeur technique Sous-critère 1 : Pondération 40% Adéquation du dimensionnement des services de collecte avec les prestations à réaliser Sous-critère 2 : Pondération 35% Adéquation de l'organisation des moyens humains et matériels pour les prestations de collecte à réaliser Sous-critère 3: Pondération 25% Réactivité et continuité de service Valeur technique Sous-critère 1 : Pondération 40% Adéquation du de l'organisation des moyens humains et matériels affectés à la réalisation des prestations attendues Sous-critère 2 : Pondération 35% Pertinence des dispositions prises pour assurer la qualité des prestations, la régularité, l'objectif de non débordement ainsi que le contrôle et le suivi des prestations Sous-critère 3 : Pondération 25% Réactivité et continuité de service Valeur environnementale Sous-critère 3 : Pondération 100% Sensibilisation du personnel aux enjeux environnementaux liés à la collecte et au tri des déchets objets des prestations du marché. Valeur technique Sous-critère 1 : Pondération 40% Adéquation de l'organisation des moyens humains et matériels affectés à la réalisation des prestations attendues Sous-critère 2 : Pondération 35% Pertinence des dispositions prises pour assurer la qualité des prestations, la régularité, l'objectif de non débordement ainsi que le contrôle et le suivi des prestations. Sous-critère 3 : Pondération 25% Réactivité et continuité de service Valeur environnemental Sous-critère : Pondération 100% Sensibilisation du personnel aux enjeux environnementaux liés à la collecte et au tri des déchets objets des prestations du marché Valeur technique Sous-critère 1 : Pondération 40% Adéquation de l'organisation des moyens humains et matériels affectés à la réalisation des prestations attendues Sous-critère 2 : Pondération 35% Pertinence des dispositions prises pour assurer la qualité des prestations, la régularité, l'objectif de non débordement ainsi que le contrôle et le suivi des prestations Sous-critère 3 : Pondération 25% Réactivité et continuité de service Valeur environnementale Sous-critère : Pondération 100% Sensibilisation du personnel aux enjeux environnementaux liés à la collecte et au tri des déchets objets de la prestations du marché Valeur environnementale Sous-critère : Pondération 100% Sensibilisation du personnel aux enjeux environnementaux liés à la collecte et au tri des déchets objets des prestations du marché",,,,,,,
R044,STAGGLO BEAUVAISIS,STAGGLO BEAUVAISIS,,,2017-01-12,2017-06-25,164,77310000,77310000,"[""77310000""]","[""77310000""]",True,,unresolved,"Prestations d'entretien des espaces verts du Parc d'Activités du Haut Ville Le présent accord cadre a pour objet l'entretien des espaces verts du Parc d'Activités Economiques du Haut Ville.Lieu d'exécution : Parc d'Activités Economiques du Haut Ville - 60000 BeauvaisLes prestations devront être exécutées conformément au C.C.T.P. ainsi qu'aux règles de l'Art.L'accord-cadre, exécuté par l'émission de bons de commande, est conclu sans montant minimum et sans montant maximum, sur sa durée totale.L'accord-cadre est estimé à 70 000 euros Ht par an","Prestations d'entretien des espaces verts du Parc d'Activités du Haut Ville Le présent accord cadre a pour objet l'entretien des espaces verts du Parc d'Activités Economiques du Haut Ville.Lieu d'exécution : Parc d'Activités Economiques du Haut Ville - 60000 BeauvaisLes prestations devront être exécutées conformément au C.C.T.P. ainsi qu'aux règles de l'Art.L'accord-cadre, exécuté par l'émission de bons de commande, est conclu sans montant minimum et sans montant maximum, sur sa durée totale.L'accord-cadre est estimé à 70 000 euros Ht par an",,,,,,,
R045,Commune du Tampon,Commune du Tampon,,,2017-05-18,2018-07-04,412,45500000,45000000,"[""45500000""]","[""45000000""]",False,,unresolved,"location d'engins de levage pour diverses prestations GRUE TELESCOPIQUE DE 30T ET DE 50T AVEC CONDUCTEUR HABILITE NACELLE ELEVATRICE DE 25M MANITOU AVEC FOURCHE ET NACELLE DE 25M Le présent lot concerne la location de grue télescopique de 30T et de 50T avec conducteur habilité. Le présent lot concerne la location de nacelle élévatrice de 25m. Le présent lot concerne la location de manitou avec fourche et nacelle de 25m.
location d'engins de levage pour diverses prestations GRUE TELESCOPIQUE DE 30T ET DE 50T AVEC CONDUCTEUR HABILITE NACELLE ELEVATRICE DE 25M MANITOU AVEC FOURCHE ET NACELLE DE 25M grue télescopique de 30 T et de 50 T avec conducteur habilité nacelle élévatrice de 25 M manitou avec fourche et nacelle élévatrice de 25m","deplacement de salles modulaires et de blocs sanitaires sur la commune du tampon - 2eme procedure La présente consultation concerne le déplacement de salles modulaires et de blocs sanitaires sur la commune du Tampon. Cette prestation comprendra le démontage y compris la démolition/évacuation de tous les éléments type plots béton, le déplacement/transport et le montage sur des plots en béton. La précédente consultation a été déclarée infructeuse
deplacement de salles modulaires et de blocs sanitaires sur la commune du tampon - 2eme procedure Déplacement de salles modulaires et de blocs sanitaires",,,,,,,
R046,GPMH au Havre,GPMH au Havre,Normandie,Normandie,2021-02-07,2021-10-13,248,32429000,32429000,"[""32429000""]","[""32429000""]",True,,unresolved,"EXTENSION DU MATERIEL DE TELEPHONIE ET MAINTIEN EN CONDITIONS OPERATIONNELLES Le présent accord-cadre a pour objet : La fourniture de prestations complémentaires relatives au parc des systèmes de téléphonieo La fourniture des matériels et logiciels complémentaires (passerelle IP/analogique, téléphone IP, etc.),o La mise à niveau de certains systèmes de téléphonie existants.La fourniture et la mise en oeuvre de plateformes de téléphonie sur IP, pour les sites non équipés, compatibles avec l'environnement du GPMH :o La fourniture d'une plate-forme de téléphonie IP, assurant les fonctionnalités usuelles de téléphonie d'entreprise (serveur de signalisation, raccordement aux réseaux opérateurs, facilités téléphoniques, etc.),o La fourniture des matériels et logiciels (passerelle IP/analogique, téléphone IP, etc.), Les prestations de maintenance pour l'ensemble du parc des systèmes de téléphonie existant et à venir :La fourniture des prestations de maintenance des matériels et logiciels de l'ensemble du parc des systèmes de téléphonie existants et à venir.
EXTENSION DU MATERIEL DE TELEPHONIE ET MAINTIEN EN CONDITIONS OPERATIONNELLES","EXTENSION DU MATERIEL DE TELEPHONIE ET MAINTIEN EN CONDITIONS OPERATIONNELLES Extension du matériel de téléphonie et maintien en conditions opérationnelles Le présent accord-cadre a pour objet : La fourniture de prestations complémentaires relatives au parc des systèmes de téléphonieo La fourniture des matériels et logiciels complémentaires (passerelle IP/analogique, téléphone IP, etc.),o La mise à niveau de certains systèmes de téléphonie existants.La fourniture et la mise en oeuvre de plateformes de téléphonie sur IP, pour les sites non équipés, compatibles avec l'environnement du GPMH :o La fourniture d'une plate-forme de téléphonie IP, assurant les fonctionnalités usuelles de téléphonie d'entreprise (serveur de signalisation, raccordement aux réseaux opérateurs, facilités téléphoniques, etc.),o La fourniture des matériels et logiciels (passerelle IP/analogique, téléphone IP, etc.), Les prestations de maintenance pour l'ensemble du parc des systèmes de téléphonie existant et à venir :La fourniture des prestations de maintenance des matériels et logiciels de l'ensemble du parc des systèmes de téléphonie existants et à venir.",,,,,,,
R047,e-Collectivités Vendée,e-Collectivités Vendée,Pays de la Loire,Pays de la Loire,2019-12-04,2023-11-19,1446,48000000,72268000,"[""48000000""]","[""72268000""]",False,,unresolved,Fourniture d'une suite de logiciels métiers pour les collectivités locales et prestations associées,"Fourniture de logiciels métiers pour les collectivités locales et prestations associées Logiciels finances, RH, population, enfance, facturation pour petites et moyennes collectivités Logiciels finances et RH pour grandes collectivités",,,,,,,
R048,C.A.P.L.,C.A.P.L.,,,2018-03-28,2020-07-29,854,44613800,63111000,"[""44613800"",""90913000"",""90918000""]","[""44613600"",""44613800"",""63111000""]",False,,unresolved,"Fourniture, maintenance et lavage de colonnes aériennes et enterrées sur le territoire de la Communauté d'Agglomération Cannes Pays de Lérins Fourniture, maintenance et lavage de colonnes enterrées Fourniture et maintenance de colonnes aériennes en polyéthylène Fourniture et maintenance de colonnes aériennes en bois Lavage de colonnes aériennes Le marché public vise la fourniture de colonnes d'apport volontaire enterrées neuves pour la collecte sélective des recyclables (emballages ménagers et papiers) et du verre, pour la collecte des ordures ménagères, la livraison et l'implantation des colonnes, la maintenance des colonnes fournies dans le cadre du marché (quelle que soit la commune concernée), l'entretien et la maintenance du parc existant sur les 5 communes précitées (Cannes à compter du 07/02/2019), le lavage des colonnes fournies et existantes ainsi que, d'une manière générale, toutes prestations indiquées dans le cahier des clauses techniques particulières. S'agissant des quantités prévisionnelles, le candidat se référera aux quantités portées au détail quantitatif estimatif. Le marché public vise la fourniture de colonnes d'apport volontaire aériennes en polyéthylène neuves pour la collecte sélective des recyclables (emballages ménagers et papiers) et du verre et la livraison des colonnes, la maintenance des colonnes fournies dans le cadre du marché (quelle que soit la commune concernée), l'entretien et la maintenance du parc existant sur les 4 communes précitées ainsi que, d'une manière générale, toutes prestations indiquées dans le cahier des clauses techniques particulières. S'agissant des quantités prévisionnelles, le candidat se référera aux quantités portées au détail quantitatif estimatif. Le marché public vise la fourniture de colonnes d'apport volontaire aériennes en bois neuves pour la collecte sélective des recyclables (emballages ménagers et papiers) et du verre, la livraison et l'implantation des colonnes, la maintenance des colonnes fournies dans le cadre du marché (quelle que soit la commune concernée), l'entretien et la maintenance du parc existant sur les 4 communes précitées ainsi que, d'une manière générale, toutes prestations indiquées dans le cahier des clauses techniques particulières. S'agissant des quantités prévisionnelles, le candidat se référera aux quantités portées au détail quantitatif estimatif. Lavage intérieur et extérieur de l'ensemble des colonnes aériennes fournies dans le cadre des lots 2 et 3 de la consultation ainsi que celles du parc existant. S'agissant des quantités prévisionnelles, le candidat se référera aux quantités portées au détail quantitatif estimatif.
Fourniture, maintenance et lavage de colonnes aériennes et enterrées sur le territoire de la Communauté d'Agglomération Cannes Pays de Lérins Fourniture, maintenance et lavage de colonnes enterrées Fourniture et maintenance de colonnes aériennes en polyéthylène Fourniture et maintenance de colonnes aériennes en bois Lavage de colonnes aériennes Le marché public vise la fourniture de colonnes d'apport volontaire enterrées neuves pour la collecte sélective des recyclables (emballages ménagers et papiers) et du verre, pour la collecte des ordures ménagères, la livraison et l'implantation des colonnes, la maintenance des colonnes fournies dans le cadre du marché (quelle que soit la commune concernée), l'entretien et la maintenance du parc existant sur les 5 communesprécitées (Cannes à compter du 7.2.2019), le lavage des colonnes fournies et existantes ainsi que, d'une manière générale, toutes prestations indiquées dans le cahier des clauses techniques particulières. Le marché public vise la fourniture de colonnes d'apport volontaire aériennes en polyéthylène neuves pour la collecte sélective des recyclables (emballages ménagers et papiers) et du verre et la livraison des colonnes,la maintenance des colonnes fournies dans le cadre du marché (quelle que soit la commune concernée), l'entretien et la maintenance du parc existantsur les 4 communes précitées ainsi que, d'une manière générale, toutes prestations indiquées dans le cahier des clauses techniques particulières. Le marché public vise la fourniture de colonnes d'apport volontaire aériennes en bois neuves pour la collecte sélective des recyclables (emballages ménagers et papiers) et du verre, la livraison et l'implantationdes colonnes, la maintenance des colonnes fournies dans le cadre du marché (quelle que soit la commune concernée), l'entretien et la maintenance du parc existant sur les 4 communes précitées ainsi que,d'une manière générale, toutes prestations indiquées dans le cahier des clauses techniques particulières. Lavage intérieur et extérieur de l'ensemble des colonnes aériennes fournies dans le cadre des lots 2 et 3 de la consultation ainsi que celles du parc existant.","FOURNITURE, DISTRIBUTION ET MAINTENANCE DES BACS ROULANTS POUR LA COLLECTE DES DECHETS MENAGERS ET ASSIMILES SUR LE TERRITOIRE DE LA COMMUNAUTE D'AGGLOMERATION CANNES PAYS DE LERINS Il s'agit d'un accord-cadre mono-attributaire à bons de commande sans maximum et avec un montant minimum fixé à 1 400 000 EURHT pour toute la durée du marché, soit sur 48 mois.Dans le cadre de la présente consultation, la C.A.P.L a décidé de recourir à la technique dite du "" devis masqué "" et ce, selon les modalités suivantes :-un DQE Publié (DQEP), communiqué aux candidats au stade de la consultation ;-un DQE Masqué (DQEM), ne figurant pas dans le DCE et qui complète le DQEP, de sorte que la somme des deux DQE reflètera l'ensemble des besoins estimés de la C.A.P.L.. En l'occurrence, le DQEM concerne les dotations de nouvelles résidences et de quartiers. Il ne constitue pas un scénario de commandes alternatif ;-le critère prix sera évalué sur la base des deux DQE sans procéder à un tirage au sort.RQ : l'émission des bons de commande concernant les besoins de la commune de Cannes débutera à la notification du marché tandis que l'émission des bons de commande concernant les besoins des autres communes de la CAPL ne débutera qu'à compter du 4 septembre 2021 en raison de l'existence, jusqu'à cette date, d'un marché en cours d'exécution couvrant les besoins de ces communes (Le Cannet, Mandelieu-la-Napoule, Mougins et Théoule-sur-Mer).
FOURNITURE, DISTRIBUTION ET MAINTENANCE DES BACS ROULANTS POUR LA COLLECTE DES DECHETS MENAGERS ET ASSIMILES SUR LE TERRITOIRE DE LA COMMUNAUTE D'AGGLOMERATION CANNES PAYS DE LERINS FOURNITURE, DISTRIBUTION ET MAINTENANCE DES BACS ROULANTS POUR LA COLLECTE DES DECHETS MENAGERS ET ASSIMILES SUR LE TERRITOIRE DE LA COMMUNAUTE DAGGLOMERATION CANNES PAYS DE LERINS Il s'agit d'un accord-cadre mono-attributaire à bons de commande sans maximum et avec un montant minimum fixé à 1 400 000 EURHT pour toute la durée du marché, soit sur 48 mois. Dans le cadre de la présente consultation, la C.A.P.L a décidé de recourir à la technique dite du "" devis masqué "" et ce, selon les modalités suivantes :-un DQE Publié (DQEP), communiqué aux candidats au stade de la consultation ;-un DQE Masqué (DQEM), ne figurant pas dans le DCE et qui complète le DQEP, de sorte que la somme des deux DQE reflète l'ensemble des besoins estimés de la C.A.P.L.. En l'occurrence, le DQEM concerne les dotations de nouvelles résidences et de quartiers. Il ne constitue pas un scénario de commandes alternatif ;-le critère prix est évalué sur la base des deux DQE sans procéder à un tirage au sort. RQ : l'émission des bons de commande concernant les besoins de la commune de Cannes débutera à la notification du marché tandis que l'émission des bons de commande concernant les besoins des autres communes de la CAPL ne débutera qu'à compter du 4septembre 2021 en raison de l'existence, jusqu'à cette date, d'un marché en cours d'exécution couvrant les besoins de ces communes (Le Cannet, Mandelieu-la-Napoule, Mougins et Théoulesur-Mer).",,,,,,,
R049,Communauté de communes Yvetot Normandie,Communauté de communes Yvetot Normandie,Normandie,Normandie,2024-03-07,2025-02-13,343,45200000,45120000,"[""32562300"",""45200000""]","[""45120000""]",False,2.53,typed_consensus,"Liaisons fibre optique privée inter-sites CCYN-CCAS Avenue-Web Systèmes Communauté de communes Yvetot Normandie CHARASSIER Gérard Tribunal administratif de Rouen Mise en service de liaison fibre optique IRU Fourniture des équipements d'interconnexions « Le candidat individuel, ou chaque membre du groupement, ne doit pas entrer dans l’un des cas d’exclusion de la procédure de passation prévus par le code de la commande publique. La Communauté de Commune Yvetot Normandie (CCYN) et le Centre Communal d'Action Sociale de la Ville d'YVETOT (CCAS d'Yvetot) souhaitent reconfigurer le réseau de fibre optique existant en un réseau de fibre optique noire résilient, excluant tout point unique de défaillance (single point of failure). Cette transformation permettra d'établir une interconnexion fiable entre les centres de données de chaque entité, ainsi qu'une connexion redondante entre les sites distants de chaque entité avec chaque centre de données - Formulaire Dc2, Déclaration du candidat individuel ou du membre du groupement. (disponible à l'adresse suivante : http://www.economie.gouv.fr/daj/formulaires-declaration-du-candidat) - Formulaire Dc1, Lettre de candidature _ Habilitation du mandataire par ses co-traitants. (disponible à l'adresse suivante : http://www.economie.gouv.fr/daj/formulaires-declaration-du-candidat) - Si l'attributaire est établi en France, les attestations et certificats délivrés par les administrations et organismes compétents prouvant qu'il a satisfait à ses obligations fiscales et sociales ou un état annuel des certificats reçus - Déclaration appropriée de banques ou preuve d'une assurance pour les risques professionnels - Présentation d'une liste des principales fournitures ou des principaux services effectués au cours des trois dernières années, indiquant le montant, la date et le destinataire public ou privé. - Déclaration indiquant l'outillage, le matériel et l'équipement technique dont le candidat dispose pour la réalisation de marchés de même nature. - Présentation d'une liste des travaux exécutés au cours des cinq dernières années, appuyée d'attestations de bonne exécution pour les travaux les plus importants. - Certificats de qualifications professionnelles. La preuve de la capacité du candidat peut être apportée par tout moyen, notamment par des certificats d'identité professionnelle ou des références de travaux attestant de la compétence de l'opérateur économique à réaliser la prestation pour laquelle il se porte candidat Le prix n'est pas le seul critère d'attribution et tous les critères sont énoncés uniquement dans les documents du marché. Précisions concernant les délais d'introduction de recours La présente procédure de DSP pourra faire l'objet : - d'un référé précontractuel prévu aux articles L.551-1 à L.551-12 et R. 551-1 à R. 551-6 du Code de Justice Administrative (CJA) et pouvant être exercé avant la signature du contrat ; - d'un référé contractuel prévu aux articles L.551-13 à L.551-23 du CJA et R. 551-7 à R. 551-10, et pouvant être exercé dans les délais prévus à l'article R. 551-7 du CJA ; - d'un recours de pleine juridiction en contestation de la validité du contrat ou de certaines de ses clauses non réglementaires qui en sont divisibles assorti le cas échéant de conclusions indemnitaires et pouvant être exercé par tout tiers dans un délai de deux mois à compter de l'accomplissement des mesures de publicité appropriées. Les requérants peuvent éventuellement assortir leur recours d'une demande tendant, sur le fondement de l'article L. 521-1 du CJA, à la suspension de l'exécution du contrat. Les actes détachables du contrat ne peuvent être contestés qu'à l'occasion de ce recours. Le requérant est recevable à former un recours pour excès de pouvoir contre les clauses réglementaires du contrat dans un délai de deux mois à compter de sa publicité. Les requérants peuvent éventuellement assortir leur recours d'une demande tendant, sur le fondement de l'article L. 521-1 du CJA, à la suspension de l'exécution du contrat. Les personnes lésées par le contrat ou sa passation, peuvent introduire un recours en indemnisation après avoir effectué, le plus souvent, une demande préalable auprès de la personne publique. Au-delà d'un délai de quatre ans à compter du 1er janvier de l'année qui suit celle où la créance sur la personne publique est née, le requérant s'expose à l'opposition de la prescription quadriennale Yvetot
Liaisons fibre optique privée inter-sites CCYN-CCAS Avenue-Web Systèmes Communauté de communes Yvetot Normandie CHARASSIER Gérard Tribunal administratif de Rouen SERINYA TELECOM FRAMEIP Mise en service de liaison fibre optique IRU Fourniture des équipements d'interconnexions La Communauté de Commune Yvetot Normandie (CCYN) et le Centre Communal d'Action Sociale de la Ville d'YVETOT (CCAS d'Yvetot) souhaitent reconfigurer le réseau de fibre optique existant en un réseau de fibre optique noire résilient, excluant tout point unique de défaillance (single point of failure). Cette transformation permettra d'établir une interconnexion fiable entre les centres de données de chaque entité, ainsi qu'une connexion redondante entre les sites distants de chaque entité avec chaque centre de données Le prix n'est pas le seul critère d'attribution et tous les critères sont énoncés uniquement dans les documents du marché. Précisions concernant les délais d'introduction de recours La présente procédure de DSP pourra faire l'objet : - d'un référé précontractuel prévu aux articles L.551-1 à L.551-12 et R. 551-1 à R. 551-6 du Code de Justice Administrative (CJA) et pouvant être exercé avant la signature du contrat ; - d'un référé contractuel prévu aux articles L.551-13 à L.551-23 du CJA et R. 551-7 à R. 551-10, et pouvant être exercé dans les délais prévus à l'article R. 551-7 du CJA ; - d'un recours de pleine juridiction en contestation de la validité du contrat ou de certaines de ses clauses non réglementaires qui en sont divisibles assorti le cas échéant de conclusions indemnitaires et pouvant être exercé par tout tiers dans un délai de deux mois à compter de l'accomplissement des mesures de publicité appropriées. Les requérants peuvent éventuellement assortir leur recours d'une demande tendant, sur le fondement de l'article L. 521-1 du CJA, à la suspension de l'exécution du contrat. Les actes détachables du contrat ne peuvent être contestés qu'à l'occasion de ce recours. Le requérant est recevable à former un recours pour excès de pouvoir contre les clauses réglementaires du contrat dans un délai de deux mois à compter de sa publicité. Les requérants peuvent éventuellement assortir leur recours d'une demande tendant, sur le fondement de l'article L. 521-1 du CJA, à la suspension de l'exécution du contrat. Les personnes lésées par le contrat ou sa passation, peuvent introduire un recours en indemnisation après avoir effectué, le plus souvent, une demande préalable auprès de la personne publique. Au-delà d'un délai de quatre ans à compter du 1er janvier de l'année qui suit celle où la créance sur la personne publique est née, le requérant s'expose à l'opposition de la prescription quadriennale","Recensement et traitement des cavités souterraines sur les terrains de la Communauté de Communes Yvetot Normandie Avenue-Web Systèmes Communauté de communes Yvetot Normandie CHARASSIER Gérard Tribunal administratif de Rouen « Le candidat individuel, ou chaque membre du groupement, ne doit pas entrer dans l’un des cas d’exclusion de la procédure de passation prévus par le code de la commande publique. - Formulaire Dc2, Déclaration du candidat individuel ou du membre du groupement. (disponible à l'adresse suivante : http://www.economie.gouv.fr/daj/formulaires-declaration-du-candidat) - Formulaire Dc1, Lettre de candidature _ Habilitation du mandataire par ses co-traitants. (disponible à l'adresse suivante : http://www.economie.gouv.fr/daj/formulaires-declaration-du-candidat) - Déclaration appropriée de banques ou preuve d'une assurance pour les risques professionnels - Certificats de qualifications professionnelles. La preuve de la capacité du candidat peut être apportée par tout moyen, notamment par des certificats d'identité professionnelle ou des références de travaux attestant de la compétence de l'opérateur économique à réaliser la prestation pour laquelle il se porte candidat - Présentation d'une liste des principales fournitures ou des principaux services effectués au cours des trois dernières années, indiquant le montant, la date et le destinataire public ou privé Précisions concernant les délais d'introduction de recours La présente procédure de DSP pourra faire l'objet : - d'un référé précontractuel prévu aux articles L.551-1 à L.551-12 et R. 551-1 à R. 551-6 du Code de Justice Administrative (CJA) et pouvant être exercé avant la signature du contrat ; - d'un référé contractuel prévu aux articles L.551-13 à L.551-23 du CJA et R. 551-7 à R. 551-10, et pouvant être exercé dans les délais prévus à l'article R. 551-7 du CJA ; - d'un recours de pleine juridiction en contestation de la validité du contrat ou de certaines de ses clauses non réglementaires qui en sont divisibles assorti le cas échéant de conclusions indemnitaires et pouvant être exercé par tout tiers dans un délai de deux mois à compter de l'accomplissement des mesures de publicité appropriées. Les requérants peuvent éventuellement assortir leur recours d'une demande tendant, sur le fondement de l'article L. 521-1 du CJA, à la suspension de l'exécution du contrat. Les actes détachables du contrat ne peuvent être contestés qu'à l'occasion de ce recours. Le requérant est recevable à former un recours pour excès de pouvoir contre les clauses réglementaires du contrat dans un délai de deux mois à compter de sa publicité. Les requérants peuvent éventuellement assortir leur recours d'une demande tendant, sur le fondement de l'article L. 521-1 du CJA, à la suspension de l'exécution du contrat. Les personnes lésées par le contrat ou sa passation, peuvent introduire un recours en indemnisation après avoir effectué, le plus souvent, une demande préalable auprès de la personne publique. Au-delà d'un délai de quatre ans à compter du 1er janvier de l'année qui suit celle où la créance sur la personne publique est née, le requérant s'expose à l'opposition de la prescription quadriennale Yvetot L'accord-cadre est conclu pour une durée de 12 mois à compter de la date de notification. Le présent marché comprend trois reconductions tacites de 12 mois
Recensement et traitement des cavités souterraines sur les terrains de la Communauté de Communes Yvetot Normandie Avenue-Web Systèmes Communauté de communes Yvetot Normandie CHARASSIER Gérard Tribunal administratif de Rouen FOR&TEC Valeur technique de l'offre Délai d'exécution Prix Précisions concernant les délais d'introduction de recours La présente procédure de DSP pourra faire l'objet : - d'un référé précontractuel prévu aux articles L.551-1 à L.551-12 et R. 551-1 à R. 551-6 du Code de Justice Administrative (CJA) et pouvant être exercé avant la signature du contrat ; - d'un référé contractuel prévu aux articles L.551-13 à L.551-23 du CJA et R. 551-7 à R. 551-10, et pouvant être exercé dans les délais prévus à l'article R. 551-7 du CJA ; - d'un recours de pleine juridiction en contestation de la validité du contrat ou de certaines de ses clauses non réglementaires qui en sont divisibles assorti le cas échéant de conclusions indemnitaires et pouvant être exercé par tout tiers dans un délai de deux mois à compter de l'accomplissement des mesures de publicité appropriées. Les requérants peuvent éventuellement assortir leur recours d'une demande tendant, sur le fondement de l'article L. 521-1 du CJA, à la suspension de l'exécution du contrat. Les actes détachables du contrat ne peuvent être contestés qu'à l'occasion de ce recours. Le requérant est recevable à former un recours pour excès de pouvoir contre les clauses réglementaires du contrat dans un délai de deux mois à compter de sa publicité. Les requérants peuvent éventuellement assortir leur recours d'une demande tendant, sur le fondement de l'article L. 521-1 du CJA, à la suspension de l'exécution du contrat. Les personnes lésées par le contrat ou sa passation, peuvent introduire un recours en indemnisation après avoir effectué, le plus souvent, une demande préalable auprès de la personne publique. Au-delà d'un délai de quatre ans à compter du 1er janvier de l'année qui suit celle où la créance sur la personne publique est née, le requérant s'expose à l'opposition de la prescription quadriennale L'accord-cadre est conclu pour une durée de 12 mois à compter de la date de notification. Le présent marché comprend trois reconductions tacites de 12 mois",,,,,,,
R050,SDIS 14,SDIS 14,Normandie,Normandie,2015-10-21,2017-12-22,793,32230000,32344210,"[""32230000""]","[""32344200"",""32344210""]",False,,unresolved,"fourniture de portatifs radio individuels et d'équipements déportés à destination des sapeurs pompiers du calvados à Caen
fourniture de portatifs radio individuels et d'équipements déportés à destination des sapeurs pompiers du calvados à Caen Fourniture de portatifs radio individuels et d'équipements déportés à destination des sapeurs pompiers du Calvados","Marché public relatif à la fourniture de portatifs radio individuels associés à des équipements déportés à destination des Sapeurs-pompiers du Calvados
Marché public relatif à la fourniture de portatifs radio individuels associés à des équipements déportés à destination des Sapeurs-pompiers du Calvados Marché relatif à la fourniture de portatifs radio individuels et d'équipement déportés à destination des sapeurs-pompiers du Calvados.",,,,,,,
R051,GRAND PORT MARITIME DE ROUEN,GRAND PORT MARITIME DE ROUEN,Normandie,Normandie,2021-02-27,2021-06-18,111,50531200,50531200,"[""50531200"",""50531300"",""50720000"",""50721000""]","[""50531200"",""50531300"",""50720000"",""50721000""]",False,,unresolved,"Marché d'exploitation et de maintenance des installations de CVC du Grand Port Maritime de Rouen L'objet du Marché est d'assurer les prestations d'exploitation, de maintenance, de gros entretien, de renouvellement et de garantie totale des Installations Techniques de chauffage, ventilation et climatisation du Grand Port Maritime de Rouen
Marché d'exploitation et de maintenance des installations de CVC du Grand Port Maritime de Rouen","Marché d'exploitation et de maintenance des installations de CVC du Grand Port Maritime de Rouen L'objet du Marché est d'assurer les prestations d'exploitation, de maintenance, de gros entretien, de renouvellement et de garantie totale des Installations Techniques de chauffage, ventilation et climatisation du Grand Port Maritime de Rouen",,,,,,,
R052,Centre Hospitalier de Lagny - MLV,Centre Hospitalier de Lagny - MLV,,,2017-01-31,2017-02-01,1,45000000,45000000,"[""45000000""]","[""09310000"",""39715000"",""44112200"",""44421500"",""45000000"",""45262522"",""45421000"",""45421141""]",False,2.99,typed_consensus,"amenagement d'un bunker pour l'installation d'un 3ème accelerateur a particules Menuiserie agencement, portes Cloisonnement faux plafonds Cvc plomberie electricite cfa cfo Maconnerie gros oeuvre Peinture revetement de sols Portes de protection rayons x P.S.E obligatoire no1, lot 2 : Doublage périphérique en BA 13 avec bandes posées en collage, sur ossature 25 mm ou 48 mm suivant localisation (concerne l'ensemble de la salle d'examens et de la salle de commande).- P.S.E obligatoire no1, lot 4 : Moins value pour encastrement des cablages sous fourreaux, et pose des appareillages terminaux en encastré, dans la solution de mise en oeuvre d'un doublage périphérique en BA13 sur ossature (voir Lot 2).- P.S.E obligatoire no1, lot 6 : Moins-value pour mise en oeuvre d'un enduit sur doublage périphérique BA13 avec deux couches de peinture acrylique finition B satinée sur murs béton (résistance à l'abrasion humide, norme NF en 13300 classe 2.","AMÉNAGEMENT DUN BUNKER POUR LINSTALLATION DUN 3ème ACCÉLÉRATEUR A PARTICULES Menuiserie agencement, portes Cloisonnement faux plafonds Cvc plomberie electricite cfa cfo Maconnerie gros oeuvre Peinture revetement de sols Portes de protection rayons x S.E obligatoire no1, lot 2 : Doublage périphérique en BA 13 avec bandes posées en collage, sur ossature 25 mm ou 48 mm suivant localisation (concerne l'ensemble de la salle d'examens et de la salle de commande).--- P.S.E obligatoire no1, lot 4 : Moins value pour encastrement des cablages sous fourreaux, et pose des appareillages terminaux en encastré, dans la solution de mise en oeuvre d'un doublage périphérique en BA13 sur ossature (voir Lot 2).--- P.S.E obligatoire no1, lot 6 : Moins-value pour mise en oeuvre d'un enduit sur doublage périphérique BA13 avec deux couches de peinture acrylique finition B satinée sur murs béton (résistance à l'abrasion humide, norme NF en 13300 classe 2",,,,,,,
R053,CIVIS,CIVIS,,,2024-10-06,2025-06-08,245,90500000,85210000,"[""90500000""]","[""85210000""]",True,48.0,typed_consensus,"Mise à disposition de caissons, collecte et traitement des déchets issus des déchèteries de la CIVIS CIVIS Tribunal Administratif de La Réunion Prix Valeur Technique Délai d'exécution Délais d'exécution Mise à disposition de caissons, collecte et traitement des déchets issus des déchèteries situées sur les communes de PETITE-ILE et de SAINT-PIERRE Valeur technique Délai Critère environnemental Mise à disposition de caissons, collecte et traitement des déchets issus des déchèteries situées sur les communes de SAINT-LOUIS, de L'ETANG-SALE et de CILAOS Se référer aux documents de la consultation Le présent accord-cadre a pour objet la mise à disposition de caisson, la collecte et le traitement des déchets issus des déchèterie. Le soumissionnaire pourra présenter sa candidature: - Soit en utilisant le formulaire eDUME (Document Unique de Marché Européen) - Soit pour la transmission des éléments suivants : - Une lettre de candidature ou le formulaire DC1, précisant, en cas de soumission sous forme de groupement, la composition du groupement et l'habilitation du mandataire par ses cotraitants et précisant les lots soumissionnés; - Une déclaration sur l'honneur pour justifier qu'il n'entre dans aucun des cas mentionnés aux articles L. 2141-1 à L. 2141-11du Code de la Commande Publique et qu'il est en règle au regard des articles L.5212-1 à L.51212-11 du code du travail concernant l'emploi des travailleurs handicapés ; - Copie du jugement si redressement judiciaire ; les personnes admises au redressement judiciaire au sens de l'article L. 620-1 du code de commerce ou à une procédure équivalente régie par un droit étranger doivent justifier qu'elles ont été habilitées à poursuivre leur activité pendant la durée prévisible d'exécution du marché ; - Déclaration concernant le chiffre d'affaires global du candidat et, le cas échéant, le chiffre d'affaires du domaine d'activité faisant l'objet du marché public, portant sur les trois derniers exercices disponibles ; - Déclarations appropriées de banques ou, le cas échéant, preuve d'une assurance des risques professionnels pertinents ; Condition de participation : les soumissionnaires devront être des transporteurs de déchets agréés. Niveau de capacité minimale : Un niveau minimum de garantie financière est fixé à hauteur du montant de : 150 000 euros HT pour le lot n°1 et 100 000 euros HT pour le lot n°2. En cas de soumission aux deux lots, il est retenu un niveau minimum de 250 000 euros HT. Le soumissionnaire pourra présenter sa candidature: - Soit en utilisant le formulaire eDUME (Document Unique de Marché Européen) - Soit pour la transmission des éléments suivants : - Une liste des principales livraisons effectuées ou des principaux services fournis au cours des trois dernières années, indiquant le montant, la date et le destinataire public ou privé. Les livraisons et les prestations de services sont prouvées par des attestations du destinataire ou, à défaut, par une déclaration de l'opérateur économique ; - Une déclaration indiquant les effectifs moyens annuels du candidat et l'importance du personnel d'encadrement pendant les trois dernières années ; - Une description de l'outillage, du matériel et de l'équipement technique dont le candidat disposera pour la réalisation du marché public. Critère pondéré à 55 % Les prix analysés sont déterminés sur la base des montants HT mentionnés par les candidats dans la synthèse du DQE. L'offre présentant le prix le plus bas se verra attribuer la note maximale. Les autres prix seront notés selon la formule suivante : Note = (Prix le plus bas / prix à noter) x 100 Critère pondéré à 20 % Critère noté sur 100 points, soit le total des notes attribuées aux sous-critères ci-après : Sous-critère 1 : Moyen humains et matériels (40 pts) - Moyens humains affectés pour la réalisation des prestations en gestion courante (15 pts) - Moyens matériels affectés pour la réalisation des prestations en gestion courante (dont parc de caissons de réserve) (25 pts) Sous-critère 2 : Méthodologie proposée pour le déroulement de la prestation et au regard des contraintes et objectifs décrits (40 pts) - La méthode mise en oeuvre afin de garantir la continuité du service en déchèterie (25pts) - La méthode mise en oeuvre pour optimiser le remplissage des caissons, empêcher l'immobilisation de caissons "" pleins "" (10pts) - La méthodologie des moyens mis en oeuvre pour la réparation et la remise en état des lieux suites à des dégradations consécutives à la collecte. (5pts) Sous-critère 3 : Descriptif des produits (10 pts) - Contenants : volume, couleurs, matériaux normés, poids, dimensions, épaisseurs paroi, dispositifs de préhension et de fermeture, signalétique, etc. Sous-critère 4 : Outils de suivi et reporting (10 pts) Critère pondéré à 15% Le critère "" délai d'exécution "" est noté sur 100 points, soit le total des notes attribuées aux sous-critères ci-après. Sous-critère 1 : Délai de préparation (40 pts) : Sous-critère noté sur 40 points. Sous-critère 2 : Délai de retrait des contenants saturés (60 pts) : Sous-critère noté sur 60 points. Critère noté sur 100 points et pondéré à 10 % Organisation et actions concrètes mises en oeuvre au sein de la société pour participer aux principes des transitions énergétiques et écologiques et ainsi réduire l'impact carbone et le gaspillage dans le cadre de l'exécution du marché 2 mois Le Dossier de Consultation est à retirer par voie dématérialisée sur le profil acheteur de la CIVIS : http://civis.e-marchespublics.com. Pour obtenir tous renseignements complémentaires qui seraient nécessaires à l'élaboration de leur offre, les candidats devront faire parvenir leurs demandes et/ou questions par voie électronique sur notre plateforme http://civis.e-marchespublics.com ; et cela dix (10) jours avant la date limite de réception des offres. Les offres des candidats devront être transmises exclusivement par voie dématérialisée à partir du profil acheteur de la CIVIS à l'URL suivante : http://civis.e-marchespublics.com. Nous vous rappelons que la date limite de réception des offres pour tous nos marchés est fixée à heure locale UTC+4. Siège de la CIVIS. La séance d'ouverture n'est pas ouverte au public Le présent accord-cadre a pour objet : 1. La mise à disposition de caissons de collecte en déchèterie 2. La collecte des déchets des sites identifiés par la C.I.VI.S. jusqu'aux sites de traitement ; 3. Le traitement et la valorisation des déchets ; 4. Et, d'une manière générale toutes les prestations indiquées au présent CCTP. pour les déchèteries situées sur les communes de PETITE-ILE et de SAINT-PIERRE Le soumissionnaire pourra présenter sa candidature: - Soit en utilisant le formulaire eDUME (Document Unique de Marché Européen) - Soit pour la transmission des éléments suivants : - Une lettre de candidature ou le formulaire DC1, précisant, en cas de soumission sous forme de groupement, la composition du groupement et l'habilitation du mandataire par ses cotraitants; - Une déclaration sur l'honneur pour justifier qu'il n'entre dans aucun des cas mentionnés aux articles L. 2141-1 à L. 2141-11du Code de la Commande Publique et qu'il est en règle au regard des articles L.5212-1 à L.51212-11 du code du travail concernant l'emploi des travailleurs handicapés ; - Copie du jugement si redressement judiciaire ; les personnes admises au redressement judiciaire au sens de l'article L. 620-1 du code de commerce ou à une procédure équivalente régie par un droit étranger doivent justifier qu'elles ont été habilitées à poursuivre leur activité pendant la durée prévisible d'exécution du marché ; - Une autorisation spécifique ou un justificatif d'appartenance à l'organisation spécifique l'autorisant à fournir, dans leur pays d'origine, le service concerné : Les déclarations ou autorisations préalables éventuelles nécessaires au transport de déchets ; - Déclaration concernant le chiffre d'affaires global du candidat et, le cas échéant, le chiffre d'affaires du domaine d'activité faisant l'objet du marché public, portant sur les trois derniers exercices disponibles ; - Déclarations appropriées de banques ou, le cas échéant, preuve d'une assurance des risques professionnels pertinents ; Condition de participation : les soumissionnaires devront être des transporteurs de déchets agréés. Niveau de capacité minimale : Un niveau minimum de garantie financière est fixé à hauteur du montant estimé à savoir : 150 000 euros HT pour le lot n°1 et 100 000 euros HT pour le lot n°2. En cas de soumission aux deux lots, il est retenu un niveau minimum de 250 000 euros HT. Critère pondéré à 20 % Critère noté sur 100 points, soit le total des notes attribuées aux sous-critères ci-après : Sous-critère 1 : Moyen humains et matériels (40 pts) Sous-critère 2 : Méthodologie proposée pour le déroulement de la prestation et au regard des contraintes et objectifs décrits (40 pts) Sous-critère 3 : Descriptif des produits (10 pts) Sous-critère 4 : Outils de suivi et reporting (10 pts) Le présent accord-cadre a pour objet : 1. La mise à disposition de caissons de collecte en déchèterie 2. La collecte des déchets des sites identifiés par la C.I.VI.S. jusqu'aux sites de traitement ; 3. Le traitement et la valorisation des déchets ; 4. Et, d'une manière générale toutes les prestations indiquées au présent CCTP. pour les déchèteries situées sur les communes de SAINT-LOUIS, de L'ETANG-SALE et de CILAOS
Mise à disposition de caissons, collecte et traitement des déchets issus des déchèteries de la CIVIS CIVIS Tribunal Administratif de La Réunion SEMRRE HCE DEMATIS Prix Valeur Technique Délai d'exécution Délais d'exécution Mise à disposition de caissons, collecte et traitement des déchets issus des déchèteries situées sur les communes de PETITE-ILE et de SAINT-PIERRE Valeur technique Délai Critère environnemental Mise à disposition de caissons, collecte et traitement des déchets issus des déchèteries situées sur les communes de SAINT-LOUIS, de L'ETANG-SALE et de CILAOS Le présent accord-cadre a pour objet la mise à disposition de caisson, la collecte et le traitement des déchets issus des déchèterie. Critère pondéré à 55 % Les prix analysés sont déterminés sur la base des montants HT mentionnés par les candidats dans la synthèse du DQE. L'offre présentant le prix le plus bas se verra attribuer la note maximale. Les autres prix seront notés selon la formule suivante : Note = (Prix le plus bas / prix à noter) x 100 Critère pondéré à 20 % Critère noté sur 100 points, soit le total des notes attribuées aux sous-critères ci-après : Sous-critère 1 : Moyen humains et matériels (40 pts) - Moyens humains affectés pour la réalisation des prestations en gestion courante (15 pts) - Moyens matériels affectés pour la réalisation des prestations en gestion courante (dont parc de caissons de réserve) (25 pts) Sous-critère 2 : Méthodologie proposée pour le déroulement de la prestation et au regard des contraintes et objectifs décrits (40 pts) - La méthode mise en oeuvre afin de garantir la continuité du service en déchèterie (25pts) - La méthode mise en oeuvre pour optimiser le remplissage des caissons, empêcher l'immobilisation de caissons "" pleins "" (10pts) - La méthodologie des moyens mis en oeuvre pour la réparation et la remise en état des lieux suites à des dégradations consécutives à la collecte. (5pts) Sous-critère 3 : Descriptif des produits (10 pts) - Contenants : volume, couleurs, matériaux normés, poids, dimensions, épaisseurs paroi, dispositifs de préhension et de fermeture, signalétique, etc. Sous-critère 4 : Outils de suivi et reporting (10 pts) Critère pondéré à 15% Le critère "" délai d'exécution "" est noté sur 100 points, soit le total des notes attribuées aux sous-critères ci-après. Sous-critère 1 : Délai de préparation (40 pts) : Sous-critère noté sur 40 points. Sous-critère 2 : Délai de retrait des contenants saturés (60 pts) : Sous-critère noté sur 60 points. Critère noté sur 100 points et pondéré à 10 % Organisation et actions concrètes mises en oeuvre au sein de la société pour participer aux principes des transitions énergétiques et écologiques et ainsi réduire l'impact carbone et le gaspillage dans le cadre de l'exécution du marché 2 mois Le présent accord-cadre a pour objet : 1. La mise à disposition de caissons de collecte en déchèterie 2. La collecte des déchets des sites identifiés par la C.I.VI.S. jusqu'aux sites de traitement ; 3. Le traitement et la valorisation des déchets ; 4. Et, d'une manière générale toutes les prestations indiquées au présent CCTP. pour les déchèteries situées sur les communes de PETITE-ILE et de SAINT-PIERRE Critère pondéré à 20 % Critère noté sur 100 points, soit le total des notes attribuées aux sous-critères ci-après : Sous-critère 1 : Moyen humains et matériels (40 pts) Sous-critère 2 : Méthodologie proposée pour le déroulement de la prestation et au regard des contraintes et objectifs décrits (40 pts) Sous-critère 3 : Descriptif des produits (10 pts) Sous-critère 4 : Outils de suivi et reporting (10 pts) Le présent accord-cadre a pour objet : 1. La mise à disposition de caissons de collecte en déchèterie 2. La collecte des déchets des sites identifiés par la C.I.VI.S. jusqu'aux sites de traitement ; 3. Le traitement et la valorisation des déchets ; 4. Et, d'une manière générale toutes les prestations indiquées au présent CCTP. pour les déchèteries situées sur les communes de SAINT-LOUIS, de L'ETANG-SALE et de CILAOS","Lutte contre l'errance animale sur le territoire de la CIVIS CIVIS Tribunal administratif de la Réunion https://saint-denis.tribunal-administratif.fr/ Comité consultatif interrégional de règlement des litiges aux marchés publics de Paris, DEMATIS Prix 45 points Valeur technique 45 points Critére performance environnementale et sociale 10 points Le présent marché à pour but : - La capture des animaux errants sur le territoire de la CIVIS - La gestion de la fourrière animalière de la CIVIS à Saint-Pierre - Le ramassage des cadavres d'animaux sur le territoire de la CIVIS - Le titulaire sera tenu de rependre le personnel du titulaire actuel à la réalisation du marché. - Les véhicules devront être équipés d'un gyrophare pour véhicule à progression lente (arrêté préfectoral obligatoire - code de la route - article R313-28) et d'une signalisation "" arrêts fréquents "". 2 mois L'ouverture n'est pas publique Dans les locaux de la CIVIS Lieux d'exécution sur le territoire de la CIVIS
Lutte contre l'errance animale sur le territoire de la CIVIS CIVIS Tribunal administratif de la Réunion https://saint-denis.tribunal-administratif.fr/ Comité consultatif interrégional de règlement des litiges aux marchés publics de Paris, SEMRRE DEMATIS Prix 45 points Valeur technique 45 points Critére performance environnementale et sociale 10 points Le présent marché à pour but : - La capture des animaux errants sur le territoire de la CIVIS - La gestion de la fourrière animalière de la CIVIS à Saint-Pierre - Le ramassage des cadavres d'animaux sur le territoire de la CIVIS 2 mois Lieux d'exécution sur le territoire de la CIVIS",,,,,,,
R054,LEFF ARMOR COMMUNAUTE,CC LEFF ARMOR COMMUNAUTE,Bretagne,Bretagne,2024-10-09,2025-12-20,437,72514000,71241000,"[""72514000""]","[""71241000""]",False,23.92,typed_consensus,"INFOGERANCE DU SYSTEME D'INFORMATION DE LEFF ARMOR COMMUNAUTE LEFF ARMOR COMMUNAUTE TRIBUNAL ADMINISTRATIF DE RENNES INFOGÉRANCE DU SYSTÈME D'INFORMATION DE LEFF ARMOR COMMUNAUTE PRESTATIONS DE SERVICES 50 - par référé contractuel conformément aux délais et aux dispositions des articles L. 551-13 à L. 551-16 du code de justice administrative dans un délai de 31 jours à compter de la publication de l'avis d'attribution, - par recours pour excès de pouvoir dans les formes et dans le délai de 2 mois à compter de la notification du rejet de l'offre conformément aux articles R. 411-1 et R. 421-5 du code de justice administrative, - par recours de plein contentieux à compter de la signature du marché et jusqu'à épuisement du délai de 2 mois à compter de l'accomplissement de la mesure de publicité appropriée éventuellement assorti d'un référé suspension selon l'article L. 521-1 du code de justice administrative. PRESTATION DE SERVICES
INFOGERANCE DU SYSTEME D'INFORMATION DE LEFF ARMOR COMMUNAUTE ACCES RESEAUX INFORMATIQUE LEFF ARMOR COMMUNAUTE TRIBUNAL ADMINISTRATIF DE RENNES buyer-categories INFOGÉRANCE DU SYSTÈME D'INFORMATION DE LEFF ARMOR COMMUNAUTE PRESTATIONS DE SERVICES Prix Valeur technique - par référé contractuel conformément aux délais et aux dispositions des articles L. 551-13 à L. 551-16 du code de justice administrative dans un délai de 31 jours à compter de la publication de l'avis d'attribution, - par recours pour excès de pouvoir dans les formes et dans le délai de 2 mois à compter de la notification du rejet de l'offre conformément aux articles R. 411-1 et R. 421-5 du code de justice administrative, - par recours de plein contentieux à compter de la signature du marché et jusqu'à épuisement du délai de 2 mois à compter de l'accomplissement de la mesure de publicité appropriée éventuellement assorti d'un référé suspension selon l'article L. 521-1 du code de justice administrative. PRESTATION DE SERVICES","Prestation de services LEFF ARMOR COMMUNAUTE SERVICE MARCHES PUBLICS TRIBUNAL ADMINISTRATIF DE RENNES Mise en œuvre du ""Programme d'Intérêt Général - Pacte Territorial France Rénov' - Volet 3 Accompagnement"" et Suivi-animation de « l'Opération Programmée d'Amélioration de l'Habitat - Renouvellement Urbain multisites » buyer-categories Mise en oeuvre du Programme d'Intérêt Général - Pacte Territorial France Rénov' - Volet 3 Accompagnement"" Suivi-animation de « l'Opération Programmée d'Amélioration de l'Habitat - Renouvellement Urbain multisites » PRESTATION DE SERVICES - par référé contractuel conformément aux délais et aux dispositions des articles L. 551-13 à L. 551-16 du code de justice administrative dans un délai de 31 jours à compter de la publication de l'avis d'attribution, - par recours pour excès de pouvoir dans les formes et dans le délai de 2 mois à compter de la notification du rejet de l'offre conformément aux articles R. 411-1 et R. 421-5 du code de justice administrative, - par recours de plein contentieux à compter de la signature du marché et jusqu'à épuisement du délai de 2 mois à compter de l'accomplissement de la mesure de publicité appropriée éventuellement assorti d'un référé suspension selon l'article L. 521-1 du code de justice administrative.",,,,,,,
R055,COMMUNE DE TOULON,COMMUNE DE TOULON,,,2019-02-21,2019-07-07,136,55523000,55523000,"[""55523000"",""55523100""]","[""55523000"",""55523100""]",False,,unresolved,"Prestation de préparation des repas présentées sous forme de denrées destinées à être transformées et de repas en liaison froide dans les établissements d'accueil des jeunes enfant Prestations de fourniture pour la conception et la préparation des repas, goûters et collations, présentées sous forme de denrées destinées à être transformées et la livraison de repas en liaison froide, assorties de prestations d'assistance spécialisée, de conseil et de formation, dans les établissements d'accueil des jeunes enfants (Eaje) de la Ville de Toulon (83 Var)","Prestation de préparation des repas présentées sous forme de denrées destinées à être transformées et de repas en liaison froide dans les établissements d'accueil des jeunes enfant Prestations de fourniture pour la conception et la préparation des repas, goûters et collations, présentées sous forme de denrées destinées à être transformées et la livraison de repas en liaison froide, assorties de prestations d'assistance spécialisée, de conseil et de formation, dans les établissements d'accueil des jeunes enfants (Eaje) de la Ville de Toulon (83 Var)",,,,,,,
R056,DEPARTEMENT DE LA GIRONDE,DEPARTEMENT DE LA GIRONDE,,,2017-07-01,2019-01-30,578,32584000,44423400,"[""24911200"",""31523000"",""32584000"",""35821000"",""44423000""]","[""44423400""]",False,,unresolved,"Fourniture et impression de supports de signalétique pour les bâtiments du Département et pour les évènements organisés ou non par la collectivité Pavoisement Signalétique protocolaire Structures de promotion mobiles Signalétique fonctionnelle Voiles et kakémonos Adhésifs Enseignes Le Département de la Gironde souhaite pour :-ses bâtiments (collèges, siège social de l'institution..)-ses domaines de loisirs-ses manifestations de différentes naturesmettre en place ou renouveler sa signalétique qui donnera lieu à la réalisation de divers éléments (drapeaux, pavillons,drapeau de table) Le Département de la Gironde souhaite pour :-ses bâtiments (collèges, siège social de l'institution..)-ses domaines de loisirs-ses manifestations de différentes naturesmettre en place ou renouveler sa signalétique qui donnera lieu à la réalisation de divers éléments (plaques inaugurales, porte-visuel, porte-badge) Le Département de la Gironde souhaite pour :-ses bâtiments (collèges, siège social de l'institution..)-ses domaines de loisirs-ses manifestations de différentes naturesmettre en place ou renouveler sa signalétique qui donnera lieu à la réalisation de divers éléments (stand parapluie, arche, colonne et stand gonflable) Le Département de la Gironde souhaite pour :-ses bâtiments (collèges, siège social de l'institution..)-ses domaines de loisirs-ses manifestations de différentes naturesmettre en place ou renouveler sa signalétique qui donnera lieu à la réalisation de divers éléments (totems extérieur et intérieur,panneaux pour usage intérieur et extérieur, panneau d'information, flèche, signalisation directionnelle, banderoles, toiles tendues, sucettes) Le Département de la Gironde souhaite pour :-ses bâtiments (collèges, siège social de l'institution..)-ses domaines de loisirs-ses manifestations de différentes naturesmettre en place ou renouveler sa signalétique qui donnera lieu à la réalisation de divers éléments (flammes, kakemonos intérieur, à suspendre et extérieur) Le Département de la Gironde souhaite pour :-ses bâtiments (collèges, siège social de l'institution..)-ses domaines de loisirs-ses manifestations de différentes naturesmettre en place ou renouveler sa signalétique qui donnera lieu à la réalisation de divers éléments (adhésifs pour véhicules, cars, covering véhicules, lettrages et adhésifs muraux Le Département de la Gironde souhaite pour :-ses bâtiments (collèges, siège social de l'institution..)-ses domaines de loisirs-ses manifestations de différentes naturesmettre en place ou renouveler sa signalétique qui donnera lieu à la réalisation de divers éléments (enseignes lumineuses)","Département de la Gironde - Fourniture et pose de signalisation verticale sur les routes départementales (Réf.1831)Suite à précédente consultation déclarée sans suite Crd du Bassin d'Arcachon Crd de Graves Entre-deux-Mers Crd de Haute Gironde Crd du Libournais Crd du Médoc Crd du Sud Gironde Durée à compter de la notification de l'accord cadre et jusqu'au 31/12/19Accord Cadre à Bons de commandes montant minimum 20 000 euro(s) Ht sans maximum Durée à compter de la notification de l'accord cadre et jusqu'au 31/12/19Accord Cadre à Bons de commandes montant minimum 30 000 euro(s) Ht sans maximum
Département de la Gironde - Fourniture et pose de signalisation verticale sur les routes départementales (Réf.1831)Suite à précédente consultation déclarée sans suite Crd du Bassin d'Arcachon Crd de Graves Entre-deux-Mers Crd de Haute Gironde Crd du Libournais Crd du Médoc Crd du Sud Gironde Durée à compter de la notification de l'accord cadre et jusqu'au 31/12/19Accord Cadre à Bons de commandes montant minimum 20 000 euro(s) Ht sans maximum Durée à compter de la notification de l'accord cadre et jusqu'au 31/12/19Accord Cadre à Bons de commandes montant minimum 30 000 euro(s) Ht sans maximum Pose de signalisation",,,,,,,
R057,Département de la Seine-Maritime,Département de la Seine-Maritime,Normandie,Normandie,2024-04-12,2025-07-30,474,48900000,71351500,"[""48900000""]","[""71351500""]",True,,unresolved,"Acquisition d'une solution de réservation, billetterie, contrôle d'accès et boutique pour les sites et musées, prestations et maintenance associées Avenue-Web Systèmes Département de la Seine-Maritime BELLANGER Bertrand Tribunal administratif de Rouen DIPTICK Le Département de la Seine-Maritime engage une procédure d'appel d'offres ouvert en vue de la passation d'un accord cadre à bons de commande sans montant minimum et avec un montant maximum de 250 000 euro(s) HT par période de 2 ans, mono-attributaire, d'une durée de 2 ans à compter de la notification, reconductible 1 fois 2 ans, pour une durée maximale de 4 ans, en application des articles R2124-2 1°, R2162-2 alinéa 2, R2162-4 2°, R2162-13 et R2162-14 du Code de la commande publique, pour l'acquisition d'une solution de réservation, billetterie, contrôle d'accès et boutique pour les sites et musées du Département de la Seine-Maritime, des prestations et de la maintenance associées Le prix n'est pas le seul critère d'attribution et tous les critères sont énoncés uniquement dans les documents du marché. « - Référé précontractuel prévu aux articles L. 551-1 à L. 551-12 du code de justice administrative et pouvant être exercé avant la signature du contrat. - Référé contractuel prévu aux articles L.551-13 à L.551-23 du code de justice administrative, et pouvant être exercé dans les délais prévus à l'article R. 551-7 du CJA. - Recours en contestation de validité du contrat, issu de la jurisprudence &quot;Tarn-et-Garonne&quot; dans un délai de 2 mois à compter des mesures de publicité appropriées. » 2 ans reconductible 1 fois 2 ans pour une durée maximale de 4 ans","Réalisation d'études de pollution des sols Avenue-Web Systèmes Département de la Seine-Maritime BELLANGER Bertrand Tribunal administratif de Rouen La forme retenue pour l'exécution du contrat est à bons de commande sans montant minimum et avec un montant maximum annuel de 150 000 euro(s) HT, mono-attributaire en application des articles R2162-2, R2162-4 2° et R2162-13 à R2162-14 du Code de la commande publique « - Référé précontractuel prévu aux articles L. 551-1 à L. 551-12 du code de justice administrative et pouvant être exercé avant la signature du contrat. - Référé contractuel prévu aux articles L.551-13 à L.551-23 du code de justice administrative, et pouvant être exercé dans les délais prévus à l'article R. 551-7 du CJA. - Recours en contestation de validité du contrat, issu de la jurisprudence &quot;Tarn-et-Garonne&quot; dans un délai de 2 mois à compter des mesures de publicité appropriées. » Le contrat est conclu pour une durée de 1 an à compter de la notification du contrat. Le marché est reconductible de manière tacite, 3 fois, pour une période de 1 an, soit une durée maximale de 4 ans
Réalisation d'études de pollution des sols Avenue-Web Systèmes Département de la Seine-Maritime BELLANGER Bertrand Tribunal administratif de Rouen La forme retenue pour l'exécution du contrat est à bons de commande sans montant minimum et avec un montant maximum annuel de 150 000 euro(s) HT, mono-attributaire en application des articles R2162-2, R2162-4 2° et R2162-13 à R2162-14 du Code de la commande publique Valeur technique de l'offre appréciée à l'aide du mémoire technique Prise en compte de la notion de développement durable Prix « - Référé précontractuel prévu aux articles L. 551-1 à L. 551-12 du code de justice administrative et pouvant être exercé avant la signature du contrat. - Référé contractuel prévu aux articles L.551-13 à L.551-23 du code de justice administrative, et pouvant être exercé dans les délais prévus à l'article R. 551-7 du CJA. - Recours en contestation de validité du contrat, issu de la jurisprudence &quot;Tarn-et-Garonne&quot; dans un délai de 2 mois à compter des mesures de publicité appropriées. » Le contrat est conclu pour une durée de 1 an à compter de la notification du contrat. Le marché est reconductible de manière tacite, 3 fois, pour une période de 1 an, soit une durée maximale de 4 ans",,,,,,,
R058,DEPARTEMENT DE LA CORREZE,DEPARTEMENT DE LA CORREZE,,,2020-05-28,2021-03-17,293,18100000,71314000,"[""18100000""]","[""71314000""]",False,,unresolved,"Fourniture de vêtements de travail Haute Visibilité pour les agents du Conseil Départemental de la Corrèze.
Fourniture de vêtements de travail Haute Visibilité pour les agents du Conseil Départemental de la Corrèze. Fourniture de vêtements de travail Haute Visibilité pour les agents du Conseil Départemental de la Corrèze","Renouvellement du contrat de chauffage type P2 PFI - P3 au collège Cabanis à Brive Renouvellement du contrat de chauffage type P2 PFI - P3 au collège Cabanis à BrivePoste P2 : à la charge de l'établissementPoste P3 : à la charge du Conseil DépartementalModalité de fourniture d'énergie : A la charge de l'établissementPrestations de conduite et petit entretien des installations (cette prestation est désignée communément par le terme P2), avec une obligation de résultat par l'obtention et le maintien des engagements définis dans le CCTP. Fourniture d'eau chaude sanitaire (ECS)Prestation de Gros Entretien et Renouvellement (GER) des installations (cette prestation est désignée communément par le terme P3). Le contrat de maintenance des installations thermiques a pour objectif de maîtriser trois composantes fondamentales à l'exploitation, soit :PFl : gestion de l'énergie,P2 : maintenance et conduite des installations,P3 : renouvellement du matériel.
Renouvellement du contrat de chauffage type P2 PFI - P3 au collège Cabanis à Brive Renouvellement du contrat de chauffage type P2 P3 au collège Cabanis à Brive Renouvellement du contrat de chauffage type P2 PFI - P3 au collège Cabanis à BrivePoste P2 : à la charge de l'établissementPoste P3 : à la charge du Conseil DépartementalModalité de fourniture d'énergie : A la charge de l'établissementPrestations de conduite et petit entretien des installations (cette prestation est désignée communément par le terme P2), avec une obligation de résultat par l'obtention et le maintien des engagements définis dans le CCTP. Fourniture d'eau chaude sanitaire (ECS)Prestation de Gros Entretien et Renouvellement (GER) des installations (cette prestation est désignée communément par le terme P3). Le contrat de maintenance des installations thermiques a pour objectif de maîtriser trois composantes fondamentales à l'exploitation, soit :PFl : gestion de l'énergie,P2 : maintenance et conduite des installations,P3 : renouvellement du matériel.",,,,,,,
R059,CC Pays de Coulommiers,CC Pays de Coulommiers,,,2018-09-02,2018-12-19,108,60172000,60172000,"[""60172000""]","[""60172000""]",False,,unresolved,Service de transports collectifs d'enfants au centre aquatique de Coulommiers et pour les sorties des accueils de loisirs Le présent marché a pour objet l'exécution de services de transports collectifs d'enfants (et de leurs accompagnateurs) dans le cadre de l'apprentissage de la natation au Centre Aquatique des Capucins à Coulommiers. Il comprend également le transport d'enfants (et de leurs accompagnateurs) dans le cadre des Accueils de Loisirs Sans Hébergement : sorties organisées les mercredis et pendant les vacances scolaires,Service de transports collectifs d'enfants au centre aquatique de Coulommiers et pour les sorties des accueils de loisirs Le présent marché a pour objet l'exécution de services de transports collectifs d'enfants (et de leurs accompagnateurs) dans le cadre de l'apprentissage de la natation au Centre Aquatique des Capucins à Coulommiers. Il comprend également le transport d'enfants (et de leurs accompagnateurs) dans le cadre des Accueils de Loisirs Sans Hébergement : sorties organisées les mercredis et pendant les vacances scolaires,,,,,,,
R060,PORTS DE LILLE - CCI HAUTS DE FRANCE,Chambre de Commerce et d'Industrie de région Hauts-de-France,,,2023-02-28,2025-01-09,681,34600000,72500000,"[""34600000""]","[""72500000""]",False,24.0,typed_consensus,Marché de location d'un pousse wagon Rail Route pour le Terminal à conteneurs de Lille (LCT) et prestations associées,"PRESTATIONS D'HEBERGEMENT ET D'INFOGERANCE POUR LES SITES INTERNET DES CCI DE LA REGION HAUTS DE FRANCE Chambre de Commerce et d'Industrie de région Hauts-de-France L'ensemble des critères de sélection sont disponibles dans le règlement de consultation. Voir article 6.1 du RC PRESTATIONS D'HEBERGEMENT ET D'INFOGERANCE POUR LES SITES INTERNET DES CCI DE LA REGION HAUTS DE FRANCE (RELANCE) Le présent marché a pour objet l'hébergement des sites internet de la CCI Hauts de France. La mission consiste à héberger des sites web de la CCI de région Hauts de France et d?assurer la maintenance, l?exploitation et le suivi de l?infrastructure d'hébergement. Dans le cadre de ce marché, il est attendu un service d'infogérance complet avec des prestations associées. Cet appel d'offre constitue une relance. L'appel d'offre CCIR-DSI-2024-71 a été déclarée sans suite. Cette nouvelle procédure a été initiée à la suite de la décision de renoncer à passer le marché public pour des raisons spécifiques ne résultant pas de l'infructuosité de la procédure. Le marché est passé selon une procédure d'appel d'offres ouvert conformément aux dispositions suivantes de l'article R2124-2 1° - Code de la commande publique. Il s'agit d'un accord-cadre mono-attributaire sans seuil minimum et avec un seuil maximum de 250 000 Euros HT sur la durée totale de l'accord cadre, reconductions comprises. Le montant maximum pour 12 mois est fixé à 62 500Euros HT. Un contrat d'hébergement est en cours, celui-ci prendra fin au 30 avril 2025. Le présent accord-cadre prendra effet à compter du 01 mai 2025 ou à défaut la date indiquée dans le courrier de notification pour une durée ferme de 12 mois. Le marché sera reconductible 3 fois par tacite reconduction pour une période de 12 mois, soit une durée globale de 48 mois maximum. voir article 7.2.1 du RC Si des difficultés surviennent à l'occasion de l'interprétation ou de l'exécution du présent marché, le Pouvoir Adjudicateur et le Titulaire auront recours à une conciliation préalablement à toute instance judiciaire. La juridiction compétente pour régler tout différend ou incident relatif au présent marché est le suivant : Tribunal administratif de Lille 5 Rue Geoffroy Saint-Hilaire CS 62039 59014 Lille Téléphone: 03 59 54 23 42 Courriel: greffe.ta-lille@juradm.fr Le présent marché a pour objet l'hébergement des sites internet de la CCI Hauts de France. La mission consiste à héberger des sites web de la CCI de région Hauts de France et d'assurer la maintenance, l'exploitation et le suivi de l'infrastructure d'hébergement. Dans le cadre de ce marché, il est attendu un service d'infogérance complet avec des prestations associées.
PRESTATIONS D'HEBERGEMENT ET D'INFOGERANCE POUR LES SITES INTERNET DES CCI DE LA REGION HAUTS DE FRANCE ECRITEL Chambre de Commerce et d'Industrie de région Hauts-de-France TRIBUNAL ADMINISTRATIF DE LILLE buyer-categories PRESTATIONS D'HEBERGEMENT ET D'INFOGERANCE POUR LES SITES INTERNET DES CCI DE LA REGION HAUTS DE FRANCE (RELANCE) Le présent marché a pour objet l'hébergement des sites internet de la CCI Hauts de France. La mission consiste à héberger des sites web de la CCI de région Hauts de France et d?assurer la maintenance, l?exploitation et le suivi de l?infrastructure d'hébergement. Dans le cadre de ce marché, il est attendu un service d'infogérance complet avec des prestations associées. Cet appel d'offre constitue une relance. L'appel d'offre CCIR-DSI-2024-71 a été déclarée sans suite. Cette nouvelle procédure a été initiée à la suite de la décision de renoncer à passer le marché public pour des raisons spécifiques ne résultant pas de l'infructuosité de la procédure. voir article 7.2.1 du RC Si des difficultés surviennent à l'occasion de l'interprétation ou de l'exécution du présent marché, le Pouvoir Adjudicateur et le Titulaire auront recours à une conciliation préalablement à toute instance judiciaire. La juridiction compétente pour régler tout différend ou incident relatif au présent marché est le suivant : Tribunal administratif de Lille 5 Rue Geoffroy Saint-Hilaire CS 62039 59014 Lille Téléphone: 03 59 54 23 42 Courriel: greffe.ta-lille@juradm.fr Le présent marché a pour objet l'hébergement des sites internet de la CCI Hauts de France. La mission consiste à héberger des sites web de la CCI de région Hauts de France et d'assurer la maintenance, l'exploitation et le suivi de l'infrastructure d'hébergement. Dans le cadre de ce marché, il est attendu un service d'infogérance complet avec des prestations associées.",,,,,,,
