"Objet","Acheteur","Domaine","Région","Type","Date pub.","Date limite","URL"
"Maintenance de la Gestion Technique des Bâtiments","Institut Supérieur de l'Aéronautique et de l'Espace","cloud","Occitanie","SERVICES","2026-08-07","2026-09-16","https://www.boamp.fr/pages/avis/?q=idweb:26-78497"
"Prestations d'infogérance du système d'information du Paris Saclay Cancer Cluster","PARIS SACLAY CANCER CLUSTER","cloud","Île-de-France","SERVICES","2026-08-07","2026-09-11","https://www.boamp.fr/pages/avis/?q=idweb:26-78319"
"Acquisition, installation, paramétrage et maintenance de scanners, ainsi que maintenance des équipements déjà déployés à l’OFPRA.","OFPRA","cloud","Île-de-France","FOURNITURES","2026-08-06","2026-09-08","https://www.boamp.fr/pages/avis/?q=idweb:26-77954"
"MARCHE ASSURANCES DOMMAGES AUX BIENS/RC/FLOTTE AUTOMOBILES/CYBER RISQUES","Maison d'Enfants Les Tisserands (38)","cybersécurité","Auvergne-Rhône-Alpes","SERVICES","2026-08-06","2026-10-21","https://www.boamp.fr/pages/avis/?q=idweb:26-77888"
"Renouvellement de l'infrastructure serveurs et stockage","Commune de Marquette-lez-Lille","cloud","Hauts-de-France","SERVICES","2026-08-05","2026-08-20","https://www.boamp.fr/pages/avis/?q=idweb:26-77696"
"Maintenance corrective, évolutive et préventive de l'environnement M365","Aéroport de La Réunion Roland Garros (974)","cloud","La Réunion","SERVICES","2026-08-05","2026-08-26","https://www.boamp.fr/pages/avis/?q=idweb:26-78070"
"Accord-cadre de fournitures et services courants Achat ou location avec option d'achat de photocopieurs multifonction avec maintenance","MAIRIE DE COUTRAS","cloud","Nouvelle-Aquitaine","FOURNITURES","2026-08-05","2026-09-25","https://www.boamp.fr/pages/avis/?q=idweb:26-78058"
"Fourniture, installation, intégration, déploiement et maintenance d’un système d’information Gestionnaire de Réseau de Distribution (GRD), fournisseur et producteur d’électricité - RCM","REGIE COMMUNALE DE MONTDIDIER","cloud","Hauts-de-France","SERVICES","2026-08-02","","https://www.boamp.fr/pages/avis/?q=idweb:26-76924"
"Fourniture, déploiement, hébergement et maintenance d’un système d’information dédié aux marchés publics de la Ville de Marseille","Ville de Marseille","cloud","Provence-Alpes-Côte d'Azur","SERVICES","2026-08-02","","https://www.boamp.fr/pages/avis/?q=idweb:26-77119"
"Prestations de support, d’exploitation, de tierce maintenance applicative (TMA) des applications HR ACCESS, TalentSoft au sein du Musée du Louvre.","Musée du Louvre","cloud","Île-de-France","SERVICES","2026-08-02","2026-08-06","https://www.boamp.fr/pages/avis/?q=idweb:26-77137"
"Hébergement en mode SaaS d’un progiciel de Management Santé Sécurité Environnement","GPM Guyane","cloud","Guyane","SERVICES","2026-07-30","2026-09-03","https://www.boamp.fr/pages/avis/?q=idweb:26-75469"
"Renouvellement de la tierce maintenance applicative du SI Contentieux","CNSO Orléans","cloud","Centre-Val de Loire","SERVICES","2026-07-30","2026-09-15","https://www.boamp.fr/pages/avis/?q=idweb:26-75817"
"Prestations de support micro-informatique, numérique et prestations connexes en France (métropolitaine et ultramarine)","INSTITUT NATIONAL DE RECHERCHES ARCHEOLOGIQUES PREVENTIVES","cloud","Île-de-France","SERVICES","2026-07-30","2026-09-15","https://www.boamp.fr/pages/avis/?q=idweb:26-75847"
"Administration, maintenance et assistance informatique","SAC-SPM","cloud","Outre-mer","SERVICES","2026-07-29","2026-09-03","https://www.boamp.fr/pages/avis/?q=idweb:26-75385"
"Maintenance de la boucle optique locale (BOL) et petits travaux d'extension pour la Ville de Neuilly-sur-Seine","Ville de Neuilly-sur-Seine","cloud","Île-de-France","SERVICES","2026-07-29","2026-10-01","https://www.boamp.fr/pages/avis/?q=idweb:26-75063"
"Maintien en condition opérationnelle des systèmes radar des Centres Régionaux Opérationnels de Surveillance et de Sauvetage (CROSS) de la Manche","DGAMPA","cloud","Île-de-France","SERVICES","2026-07-29","2026-09-15","https://www.boamp.fr/pages/avis/?q=idweb:26-75359"
"MAINTENANCE DU LOGICIEL DE SURVEILLANCE DE LA TEMPERATURE ET DU CO2 - MYSIRIUS DE MARQUE JRI -ETALONNAGE DES SONDES JRI","HOPITAL NORD OUEST - VILLEFRANCHE SUR SAONE","cloud","Auvergne-Rhône-Alpes","SERVICES","2026-07-29","2026-09-21","https://www.boamp.fr/pages/avis/?q=idweb:26-75395"
"Prestations d'infogérance informatique pour le Centre de gestion de la fonction publique territoriale de l'Allier","Centre de gestion de la fonction publique territoriale de l'Allier","cloud","Auvergne-Rhône-Alpes","SERVICES","2026-07-29","2026-09-10","https://www.boamp.fr/pages/avis/?q=idweb:26-75952"
"PROCEDURE N° 2 - N° OPERATION T26_4007 ACCORDS-CADRES TRAVAUX 2027-2030 POUR LE CENTRE HOSPITALIER LE VINATIER (Lot 10 à 14)","CHU Lyon","cloud","Auvergne-Rhône-Alpes","TRAVAUX","2026-07-29","2026-09-07","https://www.boamp.fr/pages/avis/?q=idweb:26-75989"
"fourniture, la mise en oeuvre, l’exploitation, la maintenance et le support de solutions de cybersécurité au bénéfice du syndicat mixte régional e-Collectivités et de ses collectivités adhérentes.","Syndicat Mixte e-Collectivités","cloud","Pays de la Loire","FOURNITURES","2026-07-28","2026-09-09","https://www.boamp.fr/pages/avis/?q=idweb:26-75585"
"Acquisition de la maintenance et prestations associées pour le logiciel Business-Object de l'éditeur Sap","Département de la Haute-Loire","cloud","Auvergne-Rhône-Alpes","SERVICES","2026-07-27","2026-09-17","https://www.boamp.fr/pages/avis/?q=idweb:26-74886"
"26V0253 - ASSISTANCE ET MAINTENANCE HYDRAULIQUE DES PLATEFORMES AUTOTRACTEES DES CHARS DU CARNAVAL","VILLE DE NICE","cloud","Provence-Alpes-Côte d'Azur","SERVICES","2026-07-26","2026-09-15","https://www.boamp.fr/pages/avis/?q=idweb:26-74147"
"Marché de fourniture, de mise en oeuvre et de maintenance d'un système d'information des Ressources Humaines (SIRH) pour Espacil Habitat et Espacil Accession","service info","cloud","Bretagne","SERVICES","2026-07-26","","https://www.boamp.fr/pages/avis/?q=idweb:26-74165"
"PRESTATIONS DE SERVICES D'ASSURANCES - DOMMAGES AUX BIENS - RESPONSABILITE CIVILE - FLOTTE AUTOMOBILE - CYBER RISQUES","COMMUNAUTÉ DE COMMUNES DU TERNOIS","cybersécurité","Hauts-de-France","SERVICES","2026-07-26","2026-10-19","https://www.boamp.fr/pages/avis/?q=idweb:26-74626"
"Maintenance et amélioration du système informatique industriel et des automatismes du réseau d’assainissement parisien (en 2 lots)","VILLE de PARIS - DFA - SDA","cloud","Île-de-France","SERVICES","2026-07-26","2026-09-29","https://www.boamp.fr/pages/avis/?q=idweb:26-74512"
"Fourniture, installation, intégration, déploiement et maintenance d’un système d’information Gestionnaire de Réseau de Distribution (GRD), fournisseur et producteur d’électricité - RCM","REGIE COMMUNALE DE MONTDIDIER","cloud","Hauts-de-France","FOURNITURES","2026-07-26","","https://www.boamp.fr/pages/avis/?q=idweb:26-74563"
"ERE 7","Ministère de l'Intérieur","cloud","Île-de-France","FOURNITURES","2026-07-26","2026-07-28","https://www.boamp.fr/pages/avis/?q=idweb:26-74382"
"Achat de fournitures dentaires et matériels spécifiques pour les centres municipaux de santé de la ville de Montreuil","Mairie de Montreuil","cloud","Île-de-France","FOURNITURES","2026-07-25","2026-09-07","https://www.boamp.fr/pages/avis/?q=idweb:26-73960"
"TIERCE MAINTENANCE APPLICATIVE DE LA PLATEFORME MES DEMARCHES EN NOUVELLE-AQUITAINE (PORTAIL DE GESTION DES SUBVENTIONS REGIONALES ET EUROPEENNES) ET DE SES COMPOSANTS","Région Nouvelle-Aquitaine","cloud","Nouvelle-Aquitaine","SERVICES","2026-07-24","2026-09-21","https://www.boamp.fr/pages/avis/?q=idweb:26-73306"
"MARCHE PUBLIC DE SERVICES D’ASSURANCE DES RISQUES CYBER","CHU Amiens-PICARDIE","cybersécurité","Hauts-de-France","SERVICES","2026-07-24","2026-09-18","https://www.boamp.fr/pages/avis/?q=idweb:26-73784"
"Marché d'assurances couvrant les risques de dommages aux biens, responsabilité civile, flotte automobile et cyber risques","COMMUNAUTE DE COMMUNES DES BARONNIES EN DROME PROVENCALE","cybersécurité","Auvergne-Rhône-Alpes","SERVICES","2026-07-23","2026-10-05","https://www.boamp.fr/pages/avis/?q=idweb:26-73063"
"INFOGERANCE DU SYSTEME D'INFORMATION","COMMUNAUTE D'AGGLOMERATION DE MONTELIMAR AGGLOMERATION","cloud","Auvergne-Rhône-Alpes","SERVICES","2026-07-22","2026-07-29","https://www.boamp.fr/pages/avis/?q=idweb:26-72338"
"La conception, la fourniture, la livraison, l’installation, la configuration, la migration, la mise en service, le transfert de compétences ainsi que la maintenance de la nouvelle infrastructure.","CAFAT","cloud","Outre-mer","FOURNITURES","2026-07-22","2026-08-17","https://www.boamp.fr/pages/avis/?q=idweb:26-73470"
"PRESTATIONS DE MAINTENANCE, CONCEPTION, REALISATION ET SUPPORT D’APPLICATIONS EN TECHNOLOGIE .NET","AMF","cloud","Île-de-France","SERVICES","2026-07-21","2026-09-16","https://www.boamp.fr/pages/avis/?q=idweb:26-71946"
"Groupement de commandes pour les assurances ""cyber risques"" 2027 - 2029","CIG Versailles","cybersécurité","Île-de-France","SERVICES","2026-07-21","","https://www.boamp.fr/pages/avis/?q=idweb:26-72018"
"Fourniture et livraison de vaisselle pour les services de la ville et de son Ccas et de la ville de la Celle Saint Cloud","Ville de Versailles","cloud","Île-de-France","FOURNITURES","2026-07-21","2026-09-21","https://www.boamp.fr/pages/avis/?q=idweb:26-72475"
"Fourniture, installation et mise en service de matériels informatiques pour le projet ACAI","UNIVERSITE DE GUYANE","cloud","Guyane","FOURNITURES","2026-07-19","2026-09-01","https://www.boamp.fr/pages/avis/?q=idweb:26-71569"
"Le présent marché a donc pour objet l’administration, la maintenance, l’animation, le développement, et la gestion des sites numériques de l’ EDMP de l’Université.","UNIVERSITE PARIS-PANTHEON-ASSAS","cloud","Hauts-de-France","SERVICES","2026-07-18","2026-09-03","https://www.boamp.fr/pages/avis/?q=idweb:26-70944"
"Développement et maintenance des sites Web avec le CMS.EOLAS et Infogérance des serveurs WEB","GRENOBLE ALPES METROPOLE","cloud","Auvergne-Rhône-Alpes","SERVICES","2026-07-18","2026-07-31","https://www.boamp.fr/pages/avis/?q=idweb:26-71175"
"Maintenance de materiel informatique et de téléphonie","MOSELL A","cloud","Grand Est","SERVICES","2026-07-17","2026-09-11","https://www.boamp.fr/pages/avis/?q=idweb:26-71550"
"Remplacement, extension et maintenance du système de de supervision des équipement de vidéoprotection","Aéroport de La Réunion Roland Garros (974)","cloud","La Réunion","FOURNITURES","2026-07-16","","https://www.boamp.fr/pages/avis/?q=idweb:26-70324"
"Marché de Maintenance technique et évolutive relative au progiciel SAGE FRP TREASURY","CAISSE CENTRALE MSA","cloud","Île-de-France","SERVICES","2026-07-16","2026-07-29","https://www.boamp.fr/pages/avis/?q=idweb:26-70963"
"Tierce maintenance de matériels d'infrastructure et prestations associées","D.R.S","cloud","Île-de-France","SERVICES","2026-07-15","2026-09-15","https://www.boamp.fr/pages/avis/?q=idweb:26-69996"
"Extension Et Entretien Des Systemes De Cablage Et Des Supports Passifs De Reseaux De Communication","Grand port fluvio maritime de l'axe Seine - Direction territoriale du Havre","cloud","Normandie","TRAVAUX","2026-07-15","2026-09-04","https://www.boamp.fr/pages/avis/?q=idweb:26-70451"
"Maintenance des logiciels et automates de gestion et supervision des zones piétonnes","Orléans Métropole","cloud","Centre-Val de Loire","SERVICES","2026-07-14","2026-09-30","https://www.boamp.fr/pages/avis/?q=idweb:26-69803"
"Marché pour la location, l'installation et la mise en service sur les réseaux de copieurs multifonctions pour les membres adhérents au groupement d'achats Bartholdi des établissements scolaires Alsace","GA Bartholdi Ets scolaires - Alsace","cloud","Grand Est","SERVICES","2026-07-14","2026-09-07","https://www.boamp.fr/pages/avis/?q=idweb:26-69896"
"Accord-cadre relatif à la maintenance de serveurs virtuels permettant la mise en ligne du SIG","SIEA (01)","cloud","Auvergne-Rhône-Alpes","SERVICES","2026-07-11","2026-08-10","https://www.boamp.fr/pages/avis/?q=idweb:26-68849"
"Fourniture de services, de prestations, de logiciels et de matériels pour la solution de téléphonie IP Genesys des SAMU de Normandie","Normand'e-santé","cloud","Normandie","SERVICES","2026-07-11","2026-08-24","https://www.boamp.fr/pages/avis/?q=idweb:26-69017"
"Prestations de TIERCE MAINTENANCE APPLICATIVE sur le SIRH HR ACCESS de l'éditeur SOPRA HR","GRAND PORT MARITIME DE MARSEILLE","cloud","Provence-Alpes-Côte d'Azur","SERVICES","2026-07-10","2026-09-03","https://www.boamp.fr/pages/avis/?q=idweb:26-68245"
"Groupement de commandes pour l'externalisation des outils de communication interne","Seine Normandie Agglomération","cloud","Normandie","FOURNITURES","2026-07-10","2026-08-28","https://www.boamp.fr/pages/avis/?q=idweb:26-68532"
"L'infogérance du système informatique de la commune Ottmarsheim.","Commune d'OTTMARSHEIM","cloud","Grand Est","SERVICES","2026-07-10","2026-08-12","https://www.boamp.fr/pages/avis/?q=idweb:26-69519"
"Fourniture, mise en œuvre, exploitation et maintenance d’un logiciel de suivi administratif des marchés publics","OPPIC","cloud","Île-de-France","SERVICES","2026-07-10","2026-08-10","https://www.boamp.fr/pages/avis/?q=idweb:26-69430"
"MAINTENANCE/EVOLUTION DU PORTAIL WEB DE L'EPV ET AUTRES PRESTATIONS DE DESIGN ET CONSEIL ASSOCIEES","ETBT du Château de Versailles","cloud","Île-de-France","SERVICES","2026-07-09","2026-07-10","https://www.boamp.fr/pages/avis/?q=idweb:26-67858"
"Marché n°17-26 : Mission d'Assistance à Maîtrise d'Ouvrage pour l'élaboration du Schéma Directeur des Systèmes d'Information et l'accompagnement de la transformation digitale de la CMAR","Chambre de Métiers et de l'Artisanat de la Réunion","cloud","La Réunion","SERVICES","2026-07-09","2026-07-30","https://www.boamp.fr/pages/avis/?q=idweb:26-68416"
"Maintien en condition opérationnelle des systèmes radar des Centres Régionaux Opérationnels de Surveillance et de Sauvetage (CROSS) de la Manche","DGAMPA","cloud","Île-de-France","SERVICES","2026-07-08","2026-08-31","https://www.boamp.fr/pages/avis/?q=idweb:26-67428"
"Prestations de support, d’exploitation, de tierce maintenance applicative (TMA) des applications HR ACCESS, TalentSoft au sein du Musée du Louvre.","Musée du Louvre","cloud","Île-de-France","SERVICES","2026-07-08","2026-08-06","https://www.boamp.fr/pages/avis/?q=idweb:26-67244"
"Etude et rénovation du banc d’essai hydraulique polyvalent","13ème BSMAT - Dét. Moulins - A.SAR","cloud","Nouvelle-Aquitaine","SERVICES","2026-07-08","2026-09-07","https://www.boamp.fr/pages/avis/?q=idweb:26-67520"
"Accord-cadre à bons de commande de travaux d'évolutions et maintien en condition opérationnelle du système de vidéoprotection urbaine et de l'infrastructure fibre optique intersites","Commune LES DEUX ALPES","cloud","Auvergne-Rhône-Alpes","TRAVAUX","2026-07-08","2026-08-07","https://www.boamp.fr/pages/avis/?q=idweb:26-68328"
"Extension d'un système de vidéoprotection et sa maintenance ( Relance suite à Déclaration sans suite pour motif d'intérêt général)","Commune de Fontenay Le Comte","cloud","Pays de la Loire","FOURNITURES","2026-07-07","2026-08-05","https://www.boamp.fr/pages/avis/?q=idweb:26-67753"
"Maintenance et évolution des outils logiciels et matériels informatiques pour l'exploitation des équipements et des données du réseau d'assainissement du Val-de-Marne","Département du Val-de-Marne","cloud","Île-de-France","SERVICES","2026-07-05","2026-09-21","https://www.boamp.fr/pages/avis/?q=idweb:26-66424"
"CONCESSION DE SERVICE PUBLIC POUR L'EXPLOITATION­MAINTENANCE, LA COMMERCIALISATION ET LA REALISATION DES EXTENSIONS DU RESEAU DE COMMUNICATIONS ELECTRONIQUES LIANE ET LA FOURNITURE DE SERVICES NUME...","COLLECTIVITE TERRITORIALE DE MARTINIQUE","cloud","Martinique","SERVICES","2026-07-05","2026-09-21","https://www.boamp.fr/pages/avis/?q=idweb:26-66639"
"Fourniture, maintenance du parc infrastructure système Pollet et prestations de service connexes","EuraTechnologies","cloud","Hauts-de-France","FOURNITURES","2026-07-03","2026-09-01","https://www.boamp.fr/pages/avis/?q=idweb:26-65340"
"Maintenance et évolution des outils logiciels et matériels informatiques pour l'exploitation des équipements et des données du réseau d'assainissement du Val-de-Marne","Département du Val-de-Marne","cloud","Île-de-France","SERVICES","2026-07-03","2026-08-17","https://www.boamp.fr/pages/avis/?q=idweb:26-65387"
"Infrastructure VPN Inter-sites","EPLEFPA Oise","cloud","Hauts-de-France","FOURNITURES","2026-07-02","2026-08-31","https://www.boamp.fr/pages/avis/?q=idweb:26-65215"
"Développements informatiques et TMA de la plateforme « Mon Master » et prestations associées","Ministère de l’éducation nationale - Ministère de l’enseignement supérieur, de la recherche et de l'espace – Secrétariat général - Service de l’action administrative et des moyens - Sous-direction des achats","cloud","Île-de-France","SERVICES","2026-07-02","2026-09-23","https://www.boamp.fr/pages/avis/?q=idweb:26-65153"
"PRESTATIONS DE VEILLE, D'INGENIERIE, DE FOURNITURE ET DE REPARATION DE MATERIELS POUR LE POSTE INFORMATIQUE A TECHNOLOGIE PC (PIPC) DE LA LIGNE DES CHEMINS DE FER DE PROVENCE.","Régie Régionale des Transports PACA","cloud","Provence-Alpes-Côte d'Azur","SERVICES","2026-07-02","","https://www.boamp.fr/pages/avis/?q=idweb:26-64843"
"Diagnostic Structure Et Reseaux Pour Les Besoins Du Service Rit De La Commune De La Garde","Ville de La Garde","cloud","Provence-Alpes-Côte d'Azur","SERVICES","2026-07-02","2026-07-24","https://www.boamp.fr/pages/avis/?q=idweb:26-65682"
"Infogérance et services managés du système d'information","Ville de Fontenay-aux-Roses","cloud","Île-de-France","SERVICES","2026-07-01","2026-07-07","https://www.boamp.fr/pages/avis/?q=idweb:26-64247"
"ASSISTANCE, MAINTENANCE CORRECTVE ET EVOLUTIVE DES BASES DE DONNEES THERIAQUE ET ONCOTHERIAQUE","HOPITAL NORD OUEST - VILLEFRANCHE SUR SAONE","cloud","Auvergne-Rhône-Alpes","SERVICES","2026-06-30","2026-08-31","https://www.boamp.fr/pages/avis/?q=idweb:26-64137"
"2026DSN176 Maintenance des stations de travail et périphériques pour le CD14","CONSEIL DEPARTEMENTAL DU CALVADOS (CD 14)","cloud","Normandie","SERVICES","2026-06-28","2026-07-27","https://www.boamp.fr/pages/avis/?q=idweb:26-63697"
"G5D0040ND - Maintenance applicative et corrective pour le service de la communication Internet de sites de la Ville et de la Métropole de Montpellier","Montpellier Méditerranée Métropole","cloud","Occitanie","SERVICES","2026-06-27","2026-09-14","https://www.boamp.fr/pages/avis/?q=idweb:26-63168"
"Acquisition, prestations de maintenance et de gestion des infrastructures réseau, Wi-Fi et de téléphonie","Centre Hospitalier Angoulème","cloud","Nouvelle-Aquitaine","SERVICES","2026-06-27","2026-07-29","https://www.boamp.fr/pages/avis/?q=idweb:26-63260"
"Achat de matériels informatiques et prestations associées pour les services de la ville de Saint-Ouen-sur-Seine.","COMMUNE DE ST OUEN-SUR-SEINE","cloud","Île-de-France","FOURNITURES","2026-06-26","2026-09-07","https://www.boamp.fr/pages/avis/?q=idweb:26-63065"
"Le cadrage, la conception, le développement, le maintien en conditions opérationnelles et de sécurité et l’assistance pour les applications composant le système d'information du Casier Judiciaire.","Ministère de la justice","cloud","Pays de la Loire","SERVICES","2026-06-25","2026-07-25","https://www.boamp.fr/pages/avis/?q=idweb:26-62132"
"Shom_26AC09 REPRISE, MAINTENANCE ET DEVELOPPEMENT DE L’APPLICATION NAV&CO","EPA / SHOM","cloud","Bretagne","SERVICES","2026-06-25","2026-07-27","https://www.boamp.fr/pages/avis/?q=idweb:26-62437"
"Renouvellement de l'infrastructure serveurs et stockage","Commune de Marquette-lez-Lille","cloud","Hauts-de-France","SERVICES","2026-06-25","2026-07-09","https://www.boamp.fr/pages/avis/?q=idweb:26-62282"
"INFOGERANCE DU SYSTEME D'INFORMATION","COMMUNAUTE D'AGGLOMERATION DE MONTELIMAR AGGLOMERATION","cloud","Auvergne-Rhône-Alpes","SERVICES","2026-06-24","2026-07-23","https://www.boamp.fr/pages/avis/?q=idweb:26-61404"
"Maintenance du parc des photocopieurs CANON et de la solution UNIFLOW déployés au Département de Vaucluse et acquisition de photocopieurs CANON","Département de Vaucluse","cloud","Provence-Alpes-Côte d'Azur","SERVICES","2026-06-24","2026-07-22","https://www.boamp.fr/pages/avis/?q=idweb:26-61423"
"Reprise et maintenance du référentiel de données multimodal Atoumod","Syndicat mixte Atoumod","cloud","Normandie","SERVICES","2026-06-24","2026-08-07","https://www.boamp.fr/pages/avis/?q=idweb:26-61366"
"Mise à jour, renouvellement et acquisition de produits AUTODESK et prestations associées","Rennes Métropole","cloud","Bretagne","SERVICES","2026-06-24","2026-07-07","https://www.boamp.fr/pages/avis/?q=idweb:26-61356"
"INTERCONNEXION DES RESAUX INFORMATIQUES DES SITES DE LA BIBLIOTHEQUE NATIONALE DE FRANCE PAR DES LIAISONS FIBRES OPTIQUES NOIRES","Bibliothèque nationale de France","cloud","Île-de-France","SERVICES","2026-06-24","2026-07-27","https://www.boamp.fr/pages/avis/?q=idweb:26-62444"
"Marché de maintenance informatique","CENTRE DE GESTION DE LA FONCTION PUBLIQUE TERRITORIALE DES PYRENEES ORIENTALES","cloud","Occitanie","SERVICES","2026-06-24","2026-07-31","https://www.boamp.fr/pages/avis/?q=idweb:26-62776"
"Maintenance du dispositif de vidéoprotection","Ville de Croissy-sur-Seine","cloud","Île-de-France","SERVICES","2026-06-24","2026-07-24","https://www.boamp.fr/pages/avis/?q=idweb:26-61799"
"ERE 7","Ministère de l'Intérieur","cloud","Île-de-France","FOURNITURES","2026-06-24","2026-07-22","https://www.boamp.fr/pages/avis/?q=idweb:26-61738"
"Fourniture d’une solution informatique pour le suivi des prestations de collecte des déchets ménagers et assimilés","SINNOVAL - Syndicat d'Innovation et de Valorisation de Guadeloupe (971)","cloud","Guadeloupe","SERVICES","2026-06-22","2026-07-13","https://www.boamp.fr/pages/avis/?q=idweb:26-61798"
"ACCES INTERNET","Ministere de l'intérieur et des outres mers","cloud","Île-de-France","SERVICES","2026-06-21","2026-07-29","https://www.boamp.fr/pages/avis/?q=idweb:26-61228"
"MAINTENANCE DU RÉSEAU MULTI-SERVICES DE L’EPPGHV ET DE L’EXPLOITATION DU RÉSEAU ÉVÉNEMENTIEL","EPPGHV","cloud","Île-de-France","SERVICES","2026-06-21","2026-09-15","https://www.boamp.fr/pages/avis/?q=idweb:26-61279"
"Fourniture matériels informatiques, équipements réseau, solution de stockage, périphériques et licences logicielles","Ville de Dembeni (976)","cloud","Mayotte","FOURNITURES","2026-06-19","2026-07-17","https://www.boamp.fr/pages/avis/?q=idweb:26-60534"
"Développement et maintenance des sites Web avec le CMS.EOLAS et Infogérance des serveurs WEB","GRENOBLE ALPES METROPOLE","cloud","Auvergne-Rhône-Alpes","SERVICES","2026-06-19","2026-07-20","https://www.boamp.fr/pages/avis/?q=idweb:26-60139"
"Maintenance et évolution du système central de sécurité vidéoprotection et contrôle d'accès de la métropole européenne de Lille et de Sourcéo","Métropole européenne de Lille","cloud","Hauts-de-France","SERVICES","2026-06-19","2026-07-21","https://www.boamp.fr/pages/avis/?q=idweb:26-60424"
"Prestations de tierce maintenance applicatif pour le lot applicatif TMA-JAK","Conseil d'Etat","cloud","Île-de-France","SERVICES","2026-06-19","","https://www.boamp.fr/pages/avis/?q=idweb:26-60278"
"Evolutions applicatives, extensions de licence, assistance et support clients du gestionnaire d’EPN et ses web services pour les médiathèques","Etablissement Public Territorial Plaine Commune","cloud","Île-de-France","SERVICES","2026-06-16","2026-07-22","https://www.boamp.fr/pages/avis/?q=idweb:26-59676"
"Renvision - Solution de Supervision Ignition Développement, Maintenance et Prestations associées","Rennes Métropole","cloud","Bretagne","SERVICES","2026-06-15","2026-07-23","https://www.boamp.fr/pages/avis/?q=idweb:26-58757"
"MAINTENANCE/EVOLUTION DU PORTAIL WEB DE L'EPV ET AUTRES PRESTATIONS DE DESIGN ET CONSEIL ASSOCIEES","ETBT du Château de Versailles","cloud","Île-de-France","SERVICES","2026-06-14","2026-07-10","https://www.boamp.fr/pages/avis/?q=idweb:26-58106"
"Fourniture, installation et maintenance de deux trieurs RFID pour les bibliothèques de la Ville de Lyon","Ville de Lyon","cloud","Auvergne-Rhône-Alpes","FOURNITURES","2026-06-14","2026-07-15","https://www.boamp.fr/pages/avis/?q=idweb:26-58288"
"Fourniture, mise en service et management d'un réseau MPLS d'interconnexion de sites et d'accès internet sécurisé pour les besoins de la CMA Normandie","CMAR Normandie","cloud","Normandie","SERVICES","2026-06-13","2026-07-17","https://www.boamp.fr/pages/avis/?q=idweb:26-57842"
"Gestion technique et opérationnelle liée au câble sous-marin ""Guadeloupe Numérique""","Région Guadeloupe","connectivité","Guadeloupe","SERVICES","2026-07-31","2026-09-21","https://www.boamp.fr/pages/avis/?q=idweb:26-76057"
"Travaux de construction d’éléments additionnels du réseau d’initiative publique à très haut débit des Pyrénées Atlantiques","Syndicat Mixte La Fibre64","connectivité","Nouvelle-Aquitaine","TRAVAUX","2026-07-22","2026-08-26","https://www.boamp.fr/pages/avis/?q=idweb:26-72314"
"Etudes et travaux de complétude et d'extension de réseaux fibres optiques","SM Manche Numérique","connectivité","Normandie","TRAVAUX","2026-07-22","2026-09-11","https://www.boamp.fr/pages/avis/?q=idweb:26-72244"
"Travaux d'interconnexion","Syndicat intercommunal de la périphérie de Paris pour les énergies et les réseaux de communication (Sipperec)","connectivité","Île-de-France","TRAVAUX","2026-07-19","2026-09-22","https://www.boamp.fr/pages/avis/?q=idweb:26-71245"
"Gestion technique et opérationnelle liée au câble sous-marin ""Guadeloupe Numérique""","Région Guadeloupe","connectivité","Guadeloupe","SERVICES","2026-07-18","2026-09-02","https://www.boamp.fr/pages/avis/?q=idweb:26-71176"
"26007_MAINTENANCE ET EXTENSION DU RÉSEAU OPTIQUE ET VIDEOSURVEILLANCE DE LA COMMUNE DE CABRIES.","Mairie de Cabriès","connectivité","Provence-Alpes-Côte d'Azur","TRAVAUX","2026-07-08","2026-09-07","https://www.boamp.fr/pages/avis/?q=idweb:26-68363"
"Gestion technique et opérationnelle liée au câble sous-marin ""Guadeloupe Numérique""","Région Guadeloupe","connectivité","Guadeloupe","SERVICES","2026-07-04","2026-08-25","https://www.boamp.fr/pages/avis/?q=idweb:26-66046"
"Travaux d'installation et d'entretien de câblages informatiques et téléphoniques pour la Ville de Paris, le CASVP, l'EPPM et l'Ecole du Breuil","VILLE de PARIS - DFA - SDA","connectivité","Île-de-France","TRAVAUX","2026-07-03","2026-09-01","https://www.boamp.fr/pages/avis/?q=idweb:26-65452"
"Opération de travaux : Sécurisation réseau informatique – FO (Fibres Optiques)","HOPITAL MARIN DE HENDAYE","connectivité","Nouvelle-Aquitaine","TRAVAUX","2026-07-03","2026-08-14","https://www.boamp.fr/pages/avis/?q=idweb:26-66254"
"Mission globale d'accompagnement relative aux conventions de délégation de service public en matière de réseau de télécommunication de fibre optique de type FTTH et FFTO et de tous services numériq...","CA GRAND PARIS SUD SEINE ESSONNE SENART","connectivité","Île-de-France","SERVICES","2026-07-02","2026-07-31","https://www.boamp.fr/pages/avis/?q=idweb:26-64715"
"Réseau d’initiative publique – RIP71 -Travaux relatifs à la vie du réseau fibre optique","DEPARTEMENT DE SAONE-ET-LOIRE","connectivité","Bourgogne-Franche-Comté","TRAVAUX","2026-06-30","2026-09-10","https://www.boamp.fr/pages/avis/?q=idweb:26-64670"
"Numérisation de documents climatologiques anciens","METEO-FRANCE","data","Occitanie","SERVICES","2026-08-11","2026-09-15","https://www.boamp.fr/pages/avis/?q=idweb:26-79738"
"26N0103 - NUMERISATION D'ARCHIVES PATRIMONIALES","METROPOLE NICE COTE D'AZUR","data","Provence-Alpes-Côte d'Azur","SERVICES","2026-08-08","2026-09-17","https://www.boamp.fr/pages/avis/?q=idweb:26-78722"
"Numérisation de documents (manuscrits ou sonores) - Archives départementales des Landes.","Conseil départemental des Landes","data","Nouvelle-Aquitaine","SERVICES","2026-08-04","2026-09-09","https://www.boamp.fr/pages/avis/?q=idweb:26-77908"
"Acquisition d'un scanner pour la numérisation d'archives, de documents anciens et patrimoniaux","CAMPUS CONDORCET","data","Île-de-France","FOURNITURES","2026-08-03","2026-09-21","https://www.boamp.fr/pages/avis/?q=idweb:26-77253"
"L’objet du marché est de sauvegarder (scanner, de numériser et documenter) plusieurs ensembles de données pluviométriques et hydrométriques actuellement conservées sous forme papier","DREAL OCCITANIE","data","Occitanie","SERVICES","2026-08-01","2026-09-30","https://www.boamp.fr/pages/avis/?q=idweb:26-76438"
"Prestations de services de numérisation de documents pour les mises à jour du fonds documentaire ""REEF"" du CSTB.","CSTB.","data","Île-de-France","SERVICES","2026-07-30","2026-09-28","https://www.boamp.fr/pages/avis/?q=idweb:26-76400"
"NUMERISATION EN MODE IMAGE DE DOCUMENTS D'ARCHIVES DU DEPARTEMENT DE LA HAUTE-VIENNE","Conseil Départemental Haute-Vienne","data","Nouvelle-Aquitaine","SERVICES","2026-07-28","2026-09-18","https://www.boamp.fr/pages/avis/?q=idweb:26-75159"
"DEVELOPPEMENT, HEBERGEMENT, ET MAINTENANCE D'UNE INFRASTRUCTURE SIG ET PRESTATIONS ASSOCIEES","ETBT du Château de Versailles","data","Île-de-France","SERVICES","2026-07-24","2026-07-24","https://www.boamp.fr/pages/avis/?q=idweb:26-73513"
"AC_IMPRESSION_REPRO_NUMERISATION","SEDIF","data","Île-de-France","SERVICES","2026-07-17","2026-08-21","https://www.boamp.fr/pages/avis/?q=idweb:26-70564"
"26VC0093AOO - Marché de numérisation des stocks de dossiers d'agents sur postes permanents de la DGRH de la ville et de la métropole de Toulouse","Ville de Toulouse","data","Occitanie","SERVICES","2026-07-17","2026-08-06","https://www.boamp.fr/pages/avis/?q=idweb:26-70845"
"Conception, développement et déploiement d'une plateforme numérique 3D réglementaire et collaborative pour l'urbanisme, au bénéfice d'AGUR et de ses partenaires publics.","AGUR Flandre-Dunkerque","data","Hauts-de-France","SERVICES","2026-07-15","2026-08-24","https://www.boamp.fr/pages/avis/?q=idweb:26-70220"
"Acquisition de données GNSS des véhicules circulant sur le réseau routier parisien","Ville de Paris - DFA- SDA","data","Île-de-France","SERVICES","2026-07-12","2026-09-01","https://www.boamp.fr/pages/avis/?q=idweb:26-69368"
"VOCE 2- Mise à disposition d’une solution de vote par internet hébergée, sécurisée et Centre de Traitement des Élections Professionnelles","Ministères sociaux","data","Île-de-France","SERVICES","2026-07-11","2026-06-29","https://www.boamp.fr/pages/avis/?q=idweb:26-68759"
"Accord-cadre de services pour l’Externalisation des archives intermédiaires de l’OPPIC","OPPIC","data","Île-de-France","SERVICES","2026-07-10","2026-07-27","https://www.boamp.fr/pages/avis/?q=idweb:26-68731"
"Numérisation des dossiers de demande déposés par les usagers de la MDPH29","Maison départementale du Finistère","data","Bretagne","SERVICES","2026-07-10","2026-09-03","https://www.boamp.fr/pages/avis/?q=idweb:26-69160"
"VOCE 2- Mise à disposition d’une solution de vote par internet hébergée, sécurisée et Centre de Traitement des Élections Professionnelles","Ministères sociaux","data","Île-de-France","SERVICES","2026-07-08","2026-06-29","https://www.boamp.fr/pages/avis/?q=idweb:26-67206"
"Marché d’accompagnement à la mise en œuvre du Plan de Transformation Numérique","DEPARTEMENT DE LA REUNION","data","La Réunion","SERVICES","2026-07-07","2026-07-23","https://www.boamp.fr/pages/avis/?q=idweb:26-66731"
"26N0103 - NUMERISATION D'ARCHIVES PATRIMONIALES","METROPOLE NICE COTE D'AZUR","data","Provence-Alpes-Côte d'Azur","SERVICES","2026-07-01","2026-09-03","https://www.boamp.fr/pages/avis/?q=idweb:26-64621"
"PRESTATIONS DE GESTION ET DE CONSERVATION EXTERNALISEES DES ARCHIVES DE L’ETABLISSEMENT FRANÇAIS DU SANG – BOURGOGNE-FRANCHE-COMTE","EFS BOURGOGNE-FRANCHE-COMTE","data","Bourgogne-Franche-Comté","SERVICES","2026-06-29","2026-07-27","https://www.boamp.fr/pages/avis/?q=idweb:26-63945"
"26VC0093AOO - Marché de numérisation des stocks de dossiers d'agents sur postes permanents de la DGRH de la ville et de la métropole de Toulouse","Ville de Toulouse","data","Occitanie","SERVICES","2026-06-28","2026-07-27","https://www.boamp.fr/pages/avis/?q=idweb:26-63533"
"Prestations d'archivage pour les services et établissements publics de l’État en Pays de la Loire _ Maine et Loire","Prefet de Région Pays de la Loire","data","Pays de la Loire","SERVICES","2026-06-27","2026-08-06","https://www.boamp.fr/pages/avis/?q=idweb:26-63306"
"VOCE 2- Mise à disposition d’une solution de vote par internet hébergée, sécurisée et Centre de Traitement des Élections Professionnelles","Ministères sociaux","data","Île-de-France","SERVICES","2026-06-25","2026-06-29","https://www.boamp.fr/pages/avis/?q=idweb:26-62319"
"Numérisation d'archives","SGCD92","data","Île-de-France","SERVICES","2026-06-25","2026-07-23","https://www.boamp.fr/pages/avis/?q=idweb:26-61861"
"Numérisation patrimoniale de documents d'archives conservés aux Archives départementales des Hautes-Pyrénées","Département des Hautes Pyrénées","data","Occitanie","SERVICES","2026-06-24","2026-07-31","https://www.boamp.fr/pages/avis/?q=idweb:26-61753"
"Marché d’accompagnement à la mise en œuvre du Plan de Transformation Numérique","DEPARTEMENT DE LA REUNION","data","La Réunion","SERVICES","2026-06-17","2026-07-16","https://www.boamp.fr/pages/avis/?q=idweb:26-59233"
"Numérisation, indexation, océrisation et intégration dans Gallica de documents patrimoniaux - Agence Unique, Occitanie Culture","Agence Unique, Occitanie Culture","data","Occitanie","SERVICES","2026-06-17","2026-07-15","https://www.boamp.fr/pages/avis/?q=idweb:26-59200"
"Numérisation des dossiers d'urbanisme de Rennes Métropole","Rennes Métropole","data","Bretagne","SERVICES","2026-06-16","2026-07-30","https://www.boamp.fr/pages/avis/?q=idweb:26-59619"
"Maintenance du parc informatique des collèges publics de Loire-Atlantique","Conseil départemental Loire Atlantique","prestations_num","Pays de la Loire","SERVICES","2026-08-12","2026-09-18","https://www.boamp.fr/pages/avis/?q=idweb:26-79723"
"ABONNEMENTS ET GESTION DE LICENCES INFORMATIQUES TYPE MICROSOFT 365","Ville de Saint Sébastien sur Loire","logiciels","Pays de la Loire","FOURNITURES","2026-08-11","2026-09-14","https://www.boamp.fr/pages/avis/?q=idweb:26-79313"
"Fourniture, installation et maintenance d'équipements numériques.","Ville de Fort-de France","prestations_num","Martinique","FOURNITURES","2026-08-11","2026-09-04","https://www.boamp.fr/pages/avis/?q=idweb:26-79791"
"Mise en place et maintenance des stations de désinfection Usb","Bureau de Recherche en Géologie Minière (Brgm)","prestations_num","Centre-Val de Loire","FOURNITURES","2026-08-10","2026-09-14","https://www.boamp.fr/pages/avis/?q=idweb:26-79490"
"BAMAC_2026_362","MEFSIN","prestations_num","Île-de-France","SERVICES","2026-08-09","2026-09-16","https://www.boamp.fr/pages/avis/?q=idweb:26-78968"
"Fourniture d’une solution logicielle de filtrage de niveau 7 en complément du pare-feu","GIP RECIA","logiciels","Centre-Val de Loire","SERVICES","2026-08-09","2026-09-15","https://www.boamp.fr/pages/avis/?q=idweb:26-78943"
"Fourniture, mise en oeuvre et maintenance d'un logiciel de Gestion des Emplois et des Parcours Professionnels (GEPP) pour le compte de la région Grand Est, et prestations diverses (N0295)","Région Grand Est","logiciels","Grand Est","SERVICES","2026-08-09","2026-09-07","https://www.boamp.fr/pages/avis/?q=idweb:26-79142"
"MISSIONS DE CONSEILS, D'ETUDES, D'ASSISTANCE A MAITRISE D'OUVRAGE ET DE MAITRISE D'OEUVRE DANS LES DOMAINES INFRASTRUCTURES, VOIRIE, RESEAUX DIVERS, HYDRAULIQUE, URBANISME, PAYSAGE ET BÂTIMENT","COMMUNE DE COLLIOURE","prestations_num","Occitanie","SERVICES","2026-08-09","2026-09-11","https://www.boamp.fr/pages/avis/?q=idweb:26-79190"
"Fourniture et maintenance de solutions d'impression multifonctions","Communauté d'agglomération Gaillac Graulhet","prestations_num","Occitanie","FOURNITURES","2026-08-08","2026-09-17","https://www.boamp.fr/pages/avis/?q=idweb:26-78785"
"Mise à disposition d'une solution logicielle de gestion locative et d'intermédiation locative, et prestations associées : déploiement, intégration, paramétrage, maintenance et support.","Coallia","logiciels","Île-de-France","FOURNITURES","2026-08-08","2026-08-31","https://www.boamp.fr/pages/avis/?q=idweb:26-78791"
"Gestion des Actifs Informatiques (GDAI)","Coallia","prestations_num","Île-de-France","SERVICES","2026-08-08","2026-09-04","https://www.boamp.fr/pages/avis/?q=idweb:26-78842"
"Infogérance et service de support utilisateur pour les chaînes de traitement de l'ANTAI","ANTAI","prestations_num","Bretagne","SERVICES","2026-08-07","2026-10-28","https://www.boamp.fr/pages/avis/?q=idweb:26-78485"
"Outil de pilotage des risques et de la qualité - Paramétrage et périmètre fonctionnel","Coallia","prestations_num","Île-de-France","SERVICES","2026-08-07","","https://www.boamp.fr/pages/avis/?q=idweb:26-78335"
"Travaux liés au Schéma Directeur Technique Electrique et Thermique GH Sud – CHU de Bordeaux - Relance lots 2 et 5","CHU BORDEAUX","logiciels","Nouvelle-Aquitaine","TRAVAUX","2026-08-07","2026-09-30","https://www.boamp.fr/pages/avis/?q=idweb:26-78289"
"Fourniture et mise en place de serveurs, stockage, réseaux et virtualisation","Mairie de Paray-Vieille-Poste","prestations_num","Île-de-France","FOURNITURES","2026-08-07","2026-08-31","https://www.boamp.fr/pages/avis/?q=idweb:26-78404"
"REFONTE DU SYSTEME D’INFORMATION DE GESTION DES RESSOURCES HUMAINES (SIRH)","VILLE DE MARSEILLE","logiciels","Provence-Alpes-Côte d'Azur","FOURNITURES","2026-08-07","","https://www.boamp.fr/pages/avis/?q=idweb:26-78350"
"Travaux de conversion électrique du Centre Opérationnel Bus de Pontault Combault","Keolis Grand Paris Vallee de la Marne","prestations_num","Île-de-France","TRAVAUX","2026-08-07","2026-10-02","https://www.boamp.fr/pages/avis/?q=idweb:26-79232"
"Fourniture, intégration et maintenance de solutions d'infrastructure serveurs, stockage et sauvegarde pour datacenter et prestations associées","Seine et Yvelines Numérique","prestations_num","Île-de-France","FOURNITURES","2026-08-06","2026-09-11","https://www.boamp.fr/pages/avis/?q=idweb:26-78030"
"ACQUISITION DE LICENCES ET DE PRESTATIONS GOOGLE WORKSPACE POUR LA CMAR PACA","CMAR PACA","prestations_num","Provence-Alpes-Côte d'Azur","FOURNITURES","2026-08-06","2026-09-11","https://www.boamp.fr/pages/avis/?q=idweb:26-77892"
"Massification des opérations de maintenance du parc applicatif de l’ASP - MP 26-09","A.S.P","prestations_num","Nouvelle-Aquitaine","SERVICES","2026-08-06","2026-10-23","https://www.boamp.fr/pages/avis/?q=idweb:26-77919"
"ASSISTANCE A MAITRISE D’OUVRAGE EN MATIERE INFORMATIQUE","CNAM.","prestations_num","Île-de-France","SERVICES","2026-08-06","2026-09-30","https://www.boamp.fr/pages/avis/?q=idweb:26-78042"
"Réalisation de missions d'ingénierie géotechniques, de diagnostics et de contrôles sur les opérations de la Direction de la Mobilité et du Réseau Routier (D.M.R.R) et des Maisons du Département Aménag","Conseil Départemental du Pas-de-Calais","prestations_num","Hauts-de-France","SERVICES","2026-08-06","2026-09-14","https://www.boamp.fr/pages/avis/?q=idweb:26-78205"
"MAINTENANCE RESEAUX WIFI","Régie Ligne d'Azur (06)","prestations_num","Provence-Alpes-Côte d'Azur","SERVICES","2026-08-06","2026-09-14","https://www.boamp.fr/pages/avis/?q=idweb:26-78523"
"Plateforme numérique pour la gestion des appels à projets et appels à candidatures du 3CA","Comité de concertation et de coordination de l'apprentissage du BTP","prestations_num","Île-de-France","SERVICES","2026-08-05","2026-09-12","https://www.boamp.fr/pages/avis/?q=idweb:26-77587"
"2025-04 - MISE A DISPOSITION DE BASES DE DONNEES EN MODE SAAS","Choose Paris Region","prestations_num","Île-de-France","FOURNITURES","2026-08-05","2026-09-28","https://www.boamp.fr/pages/avis/?q=idweb:26-77506"
"PRESTATIONS DE SOURCING, DE RECRUTEMENT ET D'ANIMATION DE FORMATIONS PROFESSIONNELLES DANS LE CADRE DES PARCOURS INFORMATIQUES DU SFER (SE FORMER POUR UN EMPLOI EN REGION)","CHAMBRE DE COMMERCE ET D'INDUSTRIE DE REGION HAUTS-DE-FRANCE","prestations_num","Hauts-de-France","SERVICES","2026-08-05","2026-09-07","https://www.boamp.fr/pages/avis/?q=idweb:26-77842"
"TRAVAUX de Construction d'un équipement de proximité du quartier des Navigateurs ERP 1 & d'un parking public ERP 2 - CHOISY-LE-ROI (94)","Mairie de Choisy-le-Roi","logiciels","Île-de-France","TRAVAUX","2026-08-05","2026-10-05","https://www.boamp.fr/pages/avis/?q=idweb:26-77567"
"Le présent accord-cadre concerne la fourniture et la livraison de petites fournitures informatiques pour la Caisse d’Allocations Familiales de la Haute-Garonne.","CAF de Toulouse","prestations_num","Occitanie","FOURNITURES","2026-08-05","2026-09-07","https://www.boamp.fr/pages/avis/?q=idweb:26-78243"
"BAMAC-2026-349-Tracfin","MEFSIN","prestations_num","Île-de-France","SERVICES","2026-08-05","2026-10-01","https://www.boamp.fr/pages/avis/?q=idweb:26-78344"
"Solutions de gestion RH, de préparation de la paie et de déplacements professionnels","GIP OFDT","logiciels","Île-de-France","SERVICES","2026-08-04","2026-09-07","https://www.boamp.fr/pages/avis/?q=idweb:26-77187"
"Évolution de la plateforme informatique et réseau et fourniture de prestations d'infogérance et MCO/MCS de la plateforme et de l'environnement bureautique","REGIE AUTONOME PORT CAMARGUE-CAPITAINERIE","prestations_num","Occitanie","SERVICES","2026-08-04","2026-10-12","https://www.boamp.fr/pages/avis/?q=idweb:26-77196"
"Tierce maintenance applicative du SI ARIA (outils de gestion de l’accidentologie) et assistance aux utilisateurs internes","Ministère chargé de la transition écologique - Direction générale de la prévention des risques (DGPR)","prestations_num","Île-de-France","SERVICES","2026-08-04","2026-09-21","https://www.boamp.fr/pages/avis/?q=idweb:26-77301"
"Achat d'un computer to plate (Ctp) neuf, et prestations annexes, pour l'atelier d'imprimerie","Ville du Havre","prestations_num","Normandie","FOURNITURES","2026-08-04","2026-09-18","https://www.boamp.fr/pages/avis/?q=idweb:26-77810"
"Fourniture de certificats publics Ssl et prestations de service associées","Region Centre Val De Loire","prestations_num","Centre-Val de Loire","SERVICES","2026-08-04","2026-09-04","https://www.boamp.fr/pages/avis/?q=idweb:26-77872"
"Accord-cadre de prestations de Tierce Maintenance Applicative (TMA) de la solution Access V3 de l'activité d’accompagnement budgétaire du Crédit Municipal de Paris.","Crédit Municipal de Paris","prestations_num","Île-de-France","SERVICES","2026-08-03","2026-09-02","https://www.boamp.fr/pages/avis/?q=idweb:26-77249"
"Acquisition et maintenance de caméras piétons et d'un logiciel de gestion des vidéos issues des caméras","Eurométropole de Strasbourg","logiciels","Grand Est","SERVICES","2026-08-03","2026-09-22","https://www.boamp.fr/pages/avis/?q=idweb:26-77476"
"Solution de gestion pour les Centres Municipaux de Santé de Tremblay-en-France et Bobigny- Remplacement du logiciel métier MAIDIS","SII Syndicat Mixte des Systèmes d'Information","logiciels","Île-de-France","SERVICES","2026-08-02","2026-09-02","https://www.boamp.fr/pages/avis/?q=idweb:26-76717"
"Accompagnement sur la Solution Oktotis - Développement, Tierce Maintenance Applicative (TMA), conformité RGAA et design UX-UI","GIP OKANTIS","prestations_num","Nouvelle-Aquitaine","SERVICES","2026-08-02","2026-09-07","https://www.boamp.fr/pages/avis/?q=idweb:26-76868"
"Sélectionner un prestataire capable de fournir une plateforme en ligne de réservation de voyages professionnels (vols, hébergements) notamment en termes de destinations africaines","DIGITAL AFRICA","logiciels","Provence-Alpes-Côte d'Azur","SERVICES","2026-08-02","2026-08-30","https://www.boamp.fr/pages/avis/?q=idweb:26-76860"
"Réalisation de prestations de conception, de développement, de maintenance, d'évolution et d'assistance technique relatives à la solution KOATY éditées par le GIP OKANTIS","GIP OKANTIS","prestations_num","Nouvelle-Aquitaine","SERVICES","2026-08-02","2026-09-07","https://www.boamp.fr/pages/avis/?q=idweb:26-76870"
"Accord-cadre relatif à la fourniture, la gestion et l'optimisation des programmes de licences Microsoft dans le cadre du programme Services Provider License Agreement (SPLA), comprenant les prestation","GIP OKANTIS","prestations_num","Nouvelle-Aquitaine","SERVICES","2026-08-02","2026-09-07","https://www.boamp.fr/pages/avis/?q=idweb:26-76903"
"Fourniture de solutions logicielles de sécurité pour les postes informatiques","Somme Numérique","logiciels","Hauts-de-France","FOURNITURES","2026-08-02","2026-09-04","https://www.boamp.fr/pages/avis/?q=idweb:26-76620"
"Evolution des infrastructures systèmes et réseaux du Centre Hospitalier Simone Veil de Blois. La présente consultation a pour objet l'évolution de l'architecture Systèmes et Réseaux, ainsi que le","CH Blois Etablissement support du GHT Santé 41","prestations_num","Centre-Val de Loire","FOURNITURES","2026-08-02","2026-08-24","https://www.boamp.fr/pages/avis/?q=idweb:26-77170"
"Prestations de sténotypie et frappe de courriers ou comptes rendus médicaux","SMMPS","logiciels","Île-de-France","SERVICES","2026-08-02","2026-09-18","https://www.boamp.fr/pages/avis/?q=idweb:26-77026"
"PILOTAGE TECHNIQUE, HEBERGEMENT, MAINTENACE APPLICATIVE ET EVOLUTIVE DE LA PLATEFORME CARTE JEUNE REGION","Région Occitanie","prestations_num","Occitanie","SERVICES","2026-08-02","2026-10-05","https://www.boamp.fr/pages/avis/?q=idweb:26-77031"
"Conception d'expériences utilisateur et d'interfaces (UX/UI Design) et Accessibilité Numérique (RGAA)","Département de la Seine-Maritime","prestations_num","Normandie","SERVICES","2026-08-02","2026-09-15","https://www.boamp.fr/pages/avis/?q=idweb:26-77105"
"Acquisition de ressources numériques pour la Médiathèque numérique de la Loire - RELANCE DU LOT 1","Département de la Loire","prestations_num","Auvergne-Rhône-Alpes","SERVICES","2026-08-02","2026-09-25","https://www.boamp.fr/pages/avis/?q=idweb:26-77099"
"Développement et mise en place de l'outil de gestion et de suivi de projets scientifiques de la cohorte Constances","Université Versailles Saint Quentin en Yvelines","prestations_num","Île-de-France","SERVICES","2026-08-02","2026-09-04","https://www.boamp.fr/pages/avis/?q=idweb:26-77177"
"Installation, hébergement et maintenance du progiciel de gestion de la restauration scolaire des lycées de Bourgogne Franche-Comté","Région Bourgogne Franche-Comté","logiciels","Bourgogne-Franche-Comté","SERVICES","2026-08-01","2026-09-15","https://www.boamp.fr/pages/avis/?q=idweb:26-76427"
"Accord-cadre à bons de commande pour la fourniture de consommables informatiques et de papiers d'impression","Ville de Fort-de France","prestations_num","Martinique","FOURNITURES","2026-08-01","2026-09-04","https://www.boamp.fr/pages/avis/?q=idweb:26-76496"
"Mise à disposition d’une plateforme SaaS pour l’import, la centralisation et la restitution de données ESG","Caisse des dépôts et consignations","prestations_num","Île-de-France","SERVICES","2026-08-01","2026-09-04","https://www.boamp.fr/pages/avis/?q=idweb:26-76497"
"Maintenance applicative du traitement des infractions et des redevances","ANTAI","prestations_num","Bretagne","SERVICES","2026-08-01","2026-10-21","https://www.boamp.fr/pages/avis/?q=idweb:26-76445"
"Fourniture et mise en place de serveurs, stockage, réseaux et virtualisation","Mairie de Paray-Vieille-Poste","prestations_num","Île-de-France","FOURNITURES","2026-08-01","2026-08-31","https://www.boamp.fr/pages/avis/?q=idweb:26-76588"
"Prestation d’Assistance à la mise en œuvre d’Approches distribuées et régionalisées utilisées dans les Méthodes développées par l’Equipe RHAX de l’Unité RECOVER du Centre INRAE PACA Aix en Provence","INRAE - Centre PACA","prestations_num","Provence-Alpes-Côte d'Azur","SERVICES","2026-08-01","2026-09-03","https://www.boamp.fr/pages/avis/?q=idweb:26-76439"
"PRESTATIONS DE SERVICES DE SUPPORT, D’INGENIERIE ET DE GESTION DE PARC POUR LES ENVIRONNEMENTS POSTE DE TRAVAIL","44 CHU","prestations_num","Pays de la Loire","SERVICES","2026-08-01","2026-09-18","https://www.boamp.fr/pages/avis/?q=idweb:26-76443"
"ACQUISITION ET MAINTIEN EN CONDITIONS OPERATIONNELLES D'UN SYSTEME REGIONAL DE MESSAGERIE SECURISEE DE SANTE","GIP Pulsy","prestations_num","Grand Est","SERVICES","2026-07-31","2026-09-01","https://www.boamp.fr/pages/avis/?q=idweb:26-75929"
"Accord cadre relatif à la mise en place de services et solutions de détection, supervision, et protection du SI - (SOC, EDR/EPP, SIEM, WAF, Antispam)","GCS SARA","prestations_num","Auvergne-Rhône-Alpes","SERVICES","2026-07-31","2026-08-28","https://www.boamp.fr/pages/avis/?q=idweb:26-76345"
"Fourniture, hébergement et maintien de plateformes digitales","FRANCE TRAVAIL DSI","logiciels","Île-de-France","FOURNITURES","2026-07-31","","https://www.boamp.fr/pages/avis/?q=idweb:26-75883"
"26M0227AOO - ACCES INTERNET SECURISE","Toulouse Métropole","prestations_num","Occitanie","SERVICES","2026-07-31","2026-08-21","https://www.boamp.fr/pages/avis/?q=idweb:26-76131"
"Acquisition d’équipements de capture volumétrique pour le studio mobile","ENSAM","prestations_num","Pays de la Loire","FOURNITURES","2026-07-31","2026-09-24","https://www.boamp.fr/pages/avis/?q=idweb:26-76221"
"Prise en charge des responsabilités Surveillance de la Conformité et de la Sécurité (RSCS) et Surveillance de la Conformité des Systèmes de l’Information (RSCSI) pour le compte du SIA de l’IGN","Institut national de l'information géographique et forestière (IGN)","prestations_num","Île-de-France","SERVICES","2026-07-31","2026-09-01","https://www.boamp.fr/pages/avis/?q=idweb:26-75902"
"Fourniture, évolution, sécurisation et maintenance des infrastructures du système d'informations","Terres de Montaigu","prestations_num","Pays de la Loire","SERVICES","2026-07-31","2026-09-18","https://www.boamp.fr/pages/avis/?q=idweb:26-76270"
"Conception, réalisation, mise en oeuvre et maintenance d'un dispositif immersif « 135 BPM - Le Campus du Sport »","135 BPM Le Campus du Sport","prestations_num","Hauts-de-France","SERVICES","2026-07-31","2026-09-15","https://www.boamp.fr/pages/avis/?q=idweb:26-76274"
"2026_INRAE_AOO_TMA-SIRH","INRAE","prestations_num","Île-de-France","SERVICES","2026-07-31","2026-09-09","https://www.boamp.fr/pages/avis/?q=idweb:26-75916"
"Acquisition d'une solution de gestion pour le CESU du CHU de Lille, maintenance et prestations complémentaires","CHU de Lille - ES du GHT HPGL","logiciels","Hauts-de-France","SERVICES","2026-07-31","2026-09-14","https://www.boamp.fr/pages/avis/?q=idweb:26-76246"
"Renouvellement des licences Autodesk Forma Build Value-Based","Aéroport de Bâle Mulhouse (68)","logiciels","Grand Est","FOURNITURES","2026-07-31","2026-09-08","https://www.boamp.fr/pages/avis/?q=idweb:26-76228"
"HYPERVISION DEDIEE A LA SURVEILLANCE ET A L'ANTICIPATION DES PHENOMENES NATURELS SUSCEPTIBLES D'AFFECTER LE TERRITOIRE ET LE FONCTIONNEMENT DU SYSTEME D'ASSAINISSEMENT DES EAUX USEES","SYNDICAT INTERCOMMUNAL DU BASSIN D&#039;ARCACHON","prestations_num","Nouvelle-Aquitaine","FOURNITURES","2026-07-31","2026-09-11","https://www.boamp.fr/pages/avis/?q=idweb:26-76352"
"Location et maintenance de photocopieurs pour les services de la CASUD","COMMUNAUTE D'AGGLOMERATION DU SUD","prestations_num","La Réunion","FOURNITURES","2026-07-31","2026-09-10","https://www.boamp.fr/pages/avis/?q=idweb:26-76091"
"Fourniture de solutions d'impressions bureautique, de consommables et des prestations associées","Ville de Villefranche-sur-Saône","prestations_num","Auvergne-Rhône-Alpes","FOURNITURES","2026-07-31","2026-09-16","https://www.boamp.fr/pages/avis/?q=idweb:26-76127"
"Réalisation du portain national de l'édition accessible et adaptée","Bibliothèque nationale de France","prestations_num","Île-de-France","SERVICES","2026-07-31","2026-09-28","https://www.boamp.fr/pages/avis/?q=idweb:26-76046"
"Prestations de maintien en conditions opérationnelles et fourniture des licences de la solution Solarwinds Arm (Access Rights Managers)","Mairie de Colomiers","prestations_num","Occitanie","SERVICES","2026-07-31","2026-09-01","https://www.boamp.fr/pages/avis/?q=idweb:26-76670"
"Projet de développement numérique du site de la Cassine-.","Conseil Départemental des Ardennes","prestations_num","Grand Est","SERVICES","2026-07-31","2026-08-21","https://www.boamp.fr/pages/avis/?q=idweb:26-77027"
"Fourniture de matériels informatiques, solutions de stockage, périphériques","ETS PORTUAIRE DE ST MARTIN","prestations_num","Outre-mer","FOURNITURES","2026-07-31","2026-08-25","https://www.boamp.fr/pages/avis/?q=idweb:26-76953"
"Assistance à maîtrise d'ouvrage dans le cadre de la sécurisation et refonte de l'infrastructure du système d'information industriel","Golfe du Morbihan - Vannes agglomération","prestations_num","Bretagne","SERVICES","2026-07-31","2026-09-25","https://www.boamp.fr/pages/avis/?q=idweb:26-77009"
"Maintenance des photocopieurs multifonctions et fournitures complémentaires","Ville de Sevran","prestations_num","Île-de-France","SERVICES","2026-07-30","2026-08-31","https://www.boamp.fr/pages/avis/?q=idweb:26-75512"
"Conception d'une Marketplace territoriale et d'une solution de billetterie dédiées à la commercialisation des offres du territoire de Brest métropole","Brest en vue","logiciels","Bretagne","SERVICES","2026-07-30","","https://www.boamp.fr/pages/avis/?q=idweb:26-75481"
"Formation à l'accompagnement numérique des acteurs sociaux","Bordeaux Métropole","prestations_num","Nouvelle-Aquitaine","SERVICES","2026-07-30","2026-09-11","https://www.boamp.fr/pages/avis/?q=idweb:26-75563"
"AO hébergement et infogérance du SI VISALE","APAGL","prestations_num","Île-de-France","SERVICES","2026-07-30","2026-10-01","https://www.boamp.fr/pages/avis/?q=idweb:26-75798"
"Maintenance corrective, évolutive et applicative de l'outil de gestion de la relation clients - Fourniture de licences complémentaires","CCI REGION NORMANDIE","prestations_num","Normandie","SERVICES","2026-07-30","2026-10-14","https://www.boamp.fr/pages/avis/?q=idweb:26-75857"
"Mise aux normes de la bibliothèque ville de Chiconi","Commune de Chiconi (976)","prestations_num","Mayotte","TRAVAUX","2026-07-30","2026-08-21","https://www.boamp.fr/pages/avis/?q=idweb:26-76117"
"Fourniture d'un outil informatique de suivi des consommations, productions et facturations des fluides","Ville de Gennevilliers","logiciels","Île-de-France","SERVICES","2026-07-29","2026-09-14","https://www.boamp.fr/pages/avis/?q=idweb:26-75250"
"Conception, développement et maintenance du site web Opco 2i","OPCO 2i - Direction de la Communication et Du Marketing","logiciels","Île-de-France","SERVICES","2026-07-29","2026-08-21","https://www.boamp.fr/pages/avis/?q=idweb:26-75041"
"FOURNITURE D'UNE SOLUTION D'AGREGATION ET D'ANALYSE DES DONNEES DE COMPTAGE VOYAGEUR ET FOURNITURE ET POSE DE CELLULES DE COMPTAGE","Région Nouvelle-Aquitaine","logiciels","Nouvelle-Aquitaine","FOURNITURES","2026-07-29","2026-09-10","https://www.boamp.fr/pages/avis/?q=idweb:26-75403"
"PRESTATIONS D'ASSISTANCE ET D'EXPERTISE INFORMATIQUE","LE HAVRE SEINE METROPOLE","prestations_num","Normandie","SERVICES","2026-07-29","2026-10-02","https://www.boamp.fr/pages/avis/?q=idweb:26-75040"
"Sélectionner un prestataire capable de fournir une plateforme en ligne de réservation de voyages professionnels (vols, hébergements) notamment en termes de destinations africaines","DIGITAL AFRICA","logiciels","Provence-Alpes-Côte d'Azur","SERVICES","2026-07-29","2026-08-30","https://www.boamp.fr/pages/avis/?q=idweb:26-75057"
"Prestations de mise à disposition de personnel intérimaire pour le compte du Centre Départemental Enfance Familles (CDEF)","Conseil départemental Loire Atlantique","prestations_num","Pays de la Loire","SERVICES","2026-07-29","2026-09-30","https://www.boamp.fr/pages/avis/?q=idweb:26-75122"
"ACQUISITION DE SOLUTIONS D'AFFICHAGE NUMERIQUE (PADS4) ET IPTV, PRESTATIONS DE MAINTENANCE ET AUTRES PRESTATIONS ASSOCIEES","CDC Informatique","logiciels","Île-de-France","FOURNITURES","2026-07-29","2026-09-28","https://www.boamp.fr/pages/avis/?q=idweb:26-75007"
"Solution CRM de gestion de la relation client et de l'activité commerciale","VICHY DESTINATIONS","logiciels","Auvergne-Rhône-Alpes","SERVICES","2026-07-29","2026-08-19","https://www.boamp.fr/pages/avis/?q=idweb:26-75876"
"Solution complète de gestion connectée des clés du parc de véhicules et vélos - CCI Bordeaux Gironde","CCI Bordeaux Gironde","logiciels","Nouvelle-Aquitaine","SERVICES","2026-07-29","2026-09-25","https://www.boamp.fr/pages/avis/?q=idweb:26-76013"
"L'objet du marché concerne les prestations d’exploitation sur site et à distance en infogérance des différents systèmes d’information de la BnF dans ses locaux parisiens et régionaux.","Bibliothèque nationale de France","prestations_num","Île-de-France","SERVICES","2026-07-28","2026-09-30","https://www.boamp.fr/pages/avis/?q=idweb:26-74735"
"Prestations de conception, de développement, de maintenance, d'expertise et d'assistance sur le produit MSA pour les socles et applications Data et IA","GIE iMSA","prestations_num","Occitanie","SERVICES","2026-07-28","2026-09-18","https://www.boamp.fr/pages/avis/?q=idweb:26-74681"
"CASTRES (81) – 8ÈME RPIMA – QUARTIER PESQUIE – SCORPION MISSION D’ASSISTANCE À MAITRISE D’OUVRAGE (AMO) CYBER ((SID-SE 26 165 ; 461650)","SID Sud-Est","prestations_num","Occitanie","SERVICES","2026-07-28","2026-09-01","https://www.boamp.fr/pages/avis/?q=idweb:26-74732"
"Accord-cadre mono-attributaire à bons de commande et à marchés subséquents pour la fourniture et le déploiement d’une solution informatique permettant la gestion de la ressource en eau du SIDEN SIA...","NOREADE SIDEN-SIAN","logiciels","Hauts-de-France","FOURNITURES","2026-07-28","","https://www.boamp.fr/pages/avis/?q=idweb:26-74706"
"Gestion des identités et des habilitations (IAM)","Coallia","logiciels","Île-de-France","SERVICES","2026-07-28","2026-09-10","https://www.boamp.fr/pages/avis/?q=idweb:26-74673"
"Fourniture, maintenance et recyclage de postes informatiques à usage professionnel","Syndicat Mixte de Gestion de l'Eau et de l'Assainissement de Guadeloupe","prestations_num","Guadeloupe","FOURNITURES","2026-07-28","2026-08-27","https://www.boamp.fr/pages/avis/?q=idweb:26-75414"
"ACCORD-CADRE MONOATTRIBUTAIRE DE TECHNIQUES DE L'INFORMATION ET DE LA COMMUNICATION - MISE EN OEUVRE ET MAINTENANCE D'UN SYSTEME D'INFORMATION DES RESSOURCES HUMAINES (SIRH)","EPAMARNE","logiciels","Île-de-France","SERVICES","2026-07-28","","https://www.boamp.fr/pages/avis/?q=idweb:26-75493"
"Accord-cadre à bons de commande pour l'assistance technique, l'entretien, la maintenance et le dépannage pour la chaufferie bois et le réseau de chaleur de Dampierre Les Bois (25490)","Syndicat Mixte d'Energies du Doubs (25)","prestations_num","Bourgogne-Franche-Comté","SERVICES","2026-07-27","2026-09-11","https://www.boamp.fr/pages/avis/?q=idweb:26-74920"
"ANTICIPATION ET SUIVI EN TEMPS REEL DES EVENEMENTS METEOROLOGIQUES","Montpellier Méditerranée Métropole","logiciels","Occitanie","SERVICES","2026-07-27","2026-09-15","https://www.boamp.fr/pages/avis/?q=idweb:26-75032"
"Fourniture, formation et maintenance de l'outil Crm Hubspot pour la Spl Destination Rennes","Destination Rennes","logiciels","Bretagne","SERVICES","2026-07-27","2026-09-07","https://www.boamp.fr/pages/avis/?q=idweb:26-75088"
"Prestations de Tiers Maintenance Applicative pour une solution informatique de Gestion Electronique du courrier qui utilise « le socle Maarch - solution Open source"" en mode Saas","Cu Grand Paris Seine & Oise","logiciels","Île-de-France","SERVICES","2026-07-27","2026-09-11","https://www.boamp.fr/pages/avis/?q=idweb:26-75028"
"Mise en œuvre, fourniture, évolution, formation et réversibilité d’un espace numérique de travail (ENT) pour le projet ÉCLAT-BFC","Région Bourgogne Franche-Comté","logiciels","Bourgogne-Franche-Comté","SERVICES","2026-07-26","2026-09-21","https://www.boamp.fr/pages/avis/?q=idweb:26-74166"
"VIZIRD - Tierce Maintenance Applicative du Système d'information Vizird","DIR Centre-Est","prestations_num","Auvergne-Rhône-Alpes","SERVICES","2026-07-26","2026-09-17","https://www.boamp.fr/pages/avis/?q=idweb:26-74066"
"Fourniture, pose, mise en service et smartisation de bornes de distribution d’eau et d’électricité sur les ports des Sablons et de Vauban à Saint-Malo","BRETAGNE PLAISANCE","logiciels","Bretagne","FOURNITURES","2026-07-26","2026-08-31","https://www.boamp.fr/pages/avis/?q=idweb:26-74316"
"Fourniture et mise en service d'un robot trieur de masse pour la gestion automatisée des documents de la réserve centrale des bibliothèques parisiennes","VILLE de PARIS - DFA - SDA","logiciels","Île-de-France","FOURNITURES","2026-07-26","2026-09-15","https://www.boamp.fr/pages/avis/?q=idweb:26-74063"
"Fourniture de matériels informatiques et péri-informatiques, de logiciels bureautiques et de communication, et de prestations associées pour les besoins des services départementaux-.","Département de l'aube","prestations_num","Grand Est","FOURNITURES","2026-07-26","2026-09-14","https://www.boamp.fr/pages/avis/?q=idweb:26-74102"
"Fourniture, prestations de mise en oeuvre, d'hébergement et de maintenance d'un système de billetterie et de contrôle d'accès pour les établissements sportifs de la Ville d'Annecy","Ville d'ANNECY","prestations_num","Auvergne-Rhône-Alpes","FOURNITURES","2026-07-26","2026-10-15","https://www.boamp.fr/pages/avis/?q=idweb:26-74287"
"Prestations de conseil et assistance en UX/UI, en développement, intégration et maintenance des projets numériques en 2 lots","VILLE de PARIS - DFA - SDA","logiciels","Île-de-France","SERVICES","2026-07-26","2026-09-22","https://www.boamp.fr/pages/avis/?q=idweb:26-74389"
"Assistance à maitrise d'ouvrage relatif à l'aménagement numérique du territoire du département de Loire-Atlantique","Conseil départemental Loire Atlantique","prestations_num","Pays de la Loire","SERVICES","2026-07-26","2026-09-11","https://www.boamp.fr/pages/avis/?q=idweb:26-74517"
"Système d'acquisition dynamique pour l'achat de matériels informatiques pour la Communauté d'Agglomération Les Sorgues du Comtat","Communauté d'Agglomération Les Sorgues du Comtat","prestations_num","Provence-Alpes-Côte d'Azur","FOURNITURES","2026-07-26","2030-07-23","https://www.boamp.fr/pages/avis/?q=idweb:26-74603"
"26MC0155AOO_MHD_VP_PRESTATIONS DE CONSEIL D'EXPERTISE ET D'ASSISTANCE DANS LA SECURITE DES S.I. DE GESTION ET INDUSTRIEL","Toulouse Métropole","prestations_num","Occitanie","SERVICES","2026-07-26","2026-08-07","https://www.boamp.fr/pages/avis/?q=idweb:26-74538"
"Mise en place d'une plateforme dédiée à l'action sociale du personnel du Département des Deux-Sèvres 2026-2030","DEPARTEMENT DES DEUX-SEVRES","prestations_num","Nouvelle-Aquitaine","SERVICES","2026-07-26","2026-08-31","https://www.boamp.fr/pages/avis/?q=idweb:26-74579"
"26_04_BIS_Accord-cadre de distribution, de pilotage opérationnel et d'optimisation des environnements Microsoft 26_04_BIS_ DISTRI MICROSOFT","69 CAIH","logiciels","Auvergne-Rhône-Alpes","FOURNITURES","2026-07-26","2026-09-21","https://www.boamp.fr/pages/avis/?q=idweb:26-74431"
"Marché public de services d'assistance à la rédaction d'un dossier de consultation des entreprises et l'analyse des offres pour un marché public du système d'information de gestion des relations av...","FGDR (Fonds de garantie des dépôts et de Résolution)","prestations_num","Île-de-France","SERVICES","2026-07-26","2026-09-11","https://www.boamp.fr/pages/avis/?q=idweb:26-74650"
"REPRISE DE LA TIERCE MAINTENANCE APPLICATIVE DU LOGICIEL MÉTIER BEL@IR ET DES APPLICATIONS ASSOCIÉES, ET SUPPORT DE PROXIMITÉ N1 DES UTILISATEURS DU GROUPE CIF","SERVICE INFORMATIQUE","prestations_num","Pays de la Loire","SERVICES","2026-07-25","2026-09-28","https://www.boamp.fr/pages/avis/?q=idweb:26-73884"
"Infogérance IA","ASNR FONTENAY","prestations_num","Île-de-France","SERVICES","2026-07-25","2026-09-28","https://www.boamp.fr/pages/avis/?q=idweb:26-74041"
"MAINTENANCE DE COPIEURS MULTIFONCTIONS SHARP ET PRESTATIONS ASSOCIEES","CNFPT - Direction de l'achat public","prestations_num","Île-de-France","SERVICES","2026-07-25","2026-09-11","https://www.boamp.fr/pages/avis/?q=idweb:26-73984"
"Acquisition de matériels et logiciels informatiques pour les bâtiments communaux","Ville de Saint-Michel-sur-Orge","logiciels","Île-de-France","FOURNITURES","2026-07-25","2026-09-10","https://www.boamp.fr/pages/avis/?q=idweb:26-73894"
"Accord cadre acquisition et livraison de consommables, matériels informatiques, accessoires multimédia et équipements de visioconférence, avec installation dédiée à la visioconférence","Département-Région de Mayotte","prestations_num","Mayotte","FOURNITURES","2026-07-25","2026-08-26","https://www.boamp.fr/pages/avis/?q=idweb:26-73968"
"PRESTATIONS DE SECURISATION DES SYSTEMES D'INFORMATION","Euro-Métropole de Metz","prestations_num","Grand Est","SERVICES","2026-07-25","2026-09-07","https://www.boamp.fr/pages/avis/?q=idweb:26-73902"
"Prestations de fourniture et déploiement d'un logiciel d'accessibilité des contenus pédagogiques","CMAR Occitanie","logiciels","Occitanie","FOURNITURES","2026-07-24","2026-08-27","https://www.boamp.fr/pages/avis/?q=idweb:26-73609"
"SOLUTION DE VOTE DEMATERIALISEE PAR INTERNET, PRESTATIONS ASSOCIEES,UNE EXPERTISE INDEPENDANTE DU SYSTEME DE VOTE ELECTRONIQUE","UNIVERSITE DE POITIERS","logiciels","Nouvelle-Aquitaine","FOURNITURES","2026-07-24","2026-08-31","https://www.boamp.fr/pages/avis/?q=idweb:26-73701"
"Refonte du système d'information Routes et Rivière (SIR) de la Direction des Infrastructures de Mobilité : Gestion des données de la route, gestion des données de la rivière, saisie sur le terrain, pr","Conseil Départemental de la Mayenne","logiciels","Pays de la Loire","SERVICES","2026-07-24","2026-09-17","https://www.boamp.fr/pages/avis/?q=idweb:26-73420"
"Gestion et maintenance de la plateforme GRC, Portail Client et IssyGPT","Mairie d'Issy-les-Moulineaux","prestations_num","Île-de-France","SERVICES","2026-07-24","2026-09-18","https://www.boamp.fr/pages/avis/?q=idweb:26-73732"
"Fourniture de matériels, de logiciels, de solutions de connectivité et de prestations de services, liés à l'Internet des objets (IoT)","GIP Resah","prestations_num","Île-de-France","FOURNITURES","2026-07-24","2026-09-30","https://www.boamp.fr/pages/avis/?q=idweb:26-73329"
"Fourniture de logiciels d'infrastructure informatique et de prestations associées","SICIO","logiciels","Île-de-France","FOURNITURES","2026-07-24","2026-08-25","https://www.boamp.fr/pages/avis/?q=idweb:26-73805"
"MATERIELS, LOGICIELS ET PRESTATIONS D'ACCESSIBILITE ET D'INCLUSION NUMERIQUES","CANUT","prestations_num","Auvergne-Rhône-Alpes","SERVICES","2026-07-24","2026-09-25","https://www.boamp.fr/pages/avis/?q=idweb:26-73341"
"Fourniture d’une solution logicielle solution pour la sauvegarde des environnements MS365 et Entra ID","CSTB.","logiciels","Île-de-France","FOURNITURES","2026-07-24","2026-09-14","https://www.boamp.fr/pages/avis/?q=idweb:26-74269"
"Sensibilisation des utilisateurs aux risques Cyber","Département du Finistère","logiciels","Bretagne","SERVICES","2026-07-24","2026-09-14","https://www.boamp.fr/pages/avis/?q=idweb:26-74630"
"MATERIELS INFORMATIQUES","Cap Excellence (971)","prestations_num","Guadeloupe","FOURNITURES","2026-07-24","2026-09-11","https://www.boamp.fr/pages/avis/?q=idweb:26-74664"
"Maintenance corrective, évolutive et hébergement des applications des caméras piétons de la société Axon ou équivalent & prestations associées","Bordeaux Métropole","logiciels","Nouvelle-Aquitaine","SERVICES","2026-07-23","2026-08-21","https://www.boamp.fr/pages/avis/?q=idweb:26-73147"
"Accord-cadre pour la fourniture, la configuration et la maintenance matérielle et logicielle des matériels informatique et hébergement de l’infrastructure de la SPL C’Chartres Tourisme","C'Chartres Tourisme (28)","prestations_num","Centre-Val de Loire","SERVICES","2026-07-23","2026-09-29","https://www.boamp.fr/pages/avis/?q=idweb:26-73156"
"Accord-cadre pour le développement de fonctions complémentaires, la maintenance et l'hébergement de l'outil foncier informatique et cartographique « MCMA »","ETABLISSEMENT PUBLIC FONCIER LOCAL DE LA SAVOIE","prestations_num","Auvergne-Rhône-Alpes","SERVICES","2026-07-23","2026-09-01","https://www.boamp.fr/pages/avis/?q=idweb:26-73017"
"LOCATION DE MAINTENANCE ET PRESTATIONS COMPLÉMENTAIRES LOGICIEL DE BILLETTERIE POUR LE SESTA","Conseil Départemental de l'Ariège (09)","logiciels","Occitanie","SERVICES","2026-07-23","2026-08-24","https://www.boamp.fr/pages/avis/?q=idweb:26-72736"
"Solution dématérialisée de billetterie cinéma à destination des personnels d’Aix-Marseille Université dans le cadre de l’action sociale","Université d’Aix-Marseille","logiciels","Provence-Alpes-Côte d'Azur","SERVICES","2026-07-23","2026-09-11","https://www.boamp.fr/pages/avis/?q=idweb:26-73563"
"Logiciel de Réservation des Salles & Matériels POUR LE POLE REGIONAL D'EXCELLENCE","Centre hospitalier du Mans","logiciels","Pays de la Loire","FOURNITURES","2026-07-23","2026-09-08","https://www.boamp.fr/pages/avis/?q=idweb:26-73486"
"Fourniture, Installation, maintenance et supervision/exploitation d'un réseau d'infrastructures de recharge pour véhicules électriques.","Cté de Communes de l'Arc Mosellan","prestations_num","Grand Est","FOURNITURES","2026-07-23","2026-08-31","https://www.boamp.fr/pages/avis/?q=idweb:26-73516"
"Accompagnement à la mise en oeuvre des différentes briques logicielles de Georchestra et de Mviewer","Département de la Haute-Loire","logiciels","Auvergne-Rhône-Alpes","SERVICES","2026-07-23","2026-09-17","https://www.boamp.fr/pages/avis/?q=idweb:26-73981"
"Acquisition d'une plateforme de Cyber Threat Intelligence (CTI)et d'un outil de Breach et Attack Simulation / Automated Exposure Validation (BAS / AEV), assorties de prestations associées","ACCYB - Agence Caribéenne pour la Cybersécurité (971)","logiciels","Guadeloupe","SERVICES","2026-07-22","2026-08-24","https://www.boamp.fr/pages/avis/?q=idweb:26-72225"
"Acquisition de droits d'usage d'un logiciel de gestion de la dette propre et de la dette garantie avec prestations associées","Region Normandie","logiciels","Normandie","FOURNITURES","2026-07-22","2026-09-15","https://www.boamp.fr/pages/avis/?q=idweb:26-72956"
"MAINTENANCE ET PRESTATIONS ASSOCIEES DES SITES INTERNET DU GHT EST-HERAULT SUD-AVEYRON","CHU de Montpellier","logiciels","Occitanie","SERVICES","2026-07-22","2026-07-30","https://www.boamp.fr/pages/avis/?q=idweb:26-72617"
"2026 - Déploiement d'une Plateforme IA RAG Agentique (RAG + LLM)","AUVERGNE RHONE ALPES TOURISME","logiciels","Auvergne-Rhône-Alpes","SERVICES","2026-07-22","2026-08-24","https://www.boamp.fr/pages/avis/?q=idweb:26-72388"
"Accord-cadre mono-attributaire à bons de commande et à marchés subséquents pour la fourniture et le déploiement d’une solution informatique permettant la gestion de la ressource en eau du SIDEN SIA...","NOREADE SIDEN-SIAN","logiciels","Hauts-de-France","FOURNITURES","2026-07-22","","https://www.boamp.fr/pages/avis/?q=idweb:26-72259"
"Maintenance, prestations techniques et acquisition de matériel et de logiciels pour le dispositif de vidéoprotection de la ville d'Alençon","Ville d'Alençon","logiciels","Normandie","SERVICES","2026-07-22","2026-09-17","https://www.boamp.fr/pages/avis/?q=idweb:26-72657"
"Progiciels de gestion pour les établissements publics, les communes et leurs groupements : acquisition, maintenance, hébergement et prestations associées","SOLURIS (17)","logiciels","Nouvelle-Aquitaine","SERVICES","2026-07-22","2026-09-14","https://www.boamp.fr/pages/avis/?q=idweb:26-72310"
"Acquisition d'un centre de réalité virtuelle pour la Maison de la Formation Jacqueline Auriol (MFJA)","Université de Toulouse","prestations_num","Occitanie","FOURNITURES","2026-07-22","2026-09-15","https://www.boamp.fr/pages/avis/?q=idweb:26-72175"
"PRESTATION DE TIERCE MAINTENANCE APPLICATIVE (TMA) DES PROJETS DE LA MOS PREVENTION DE LA CCMSA","CAISSE CENTRALE MSA","prestations_num","Île-de-France","SERVICES","2026-07-22","2026-09-14","https://www.boamp.fr/pages/avis/?q=idweb:26-72526"
"Recettes informatiques",".ASP.","prestations_num","Nouvelle-Aquitaine","SERVICES","2026-07-22","2026-08-24","https://www.boamp.fr/pages/avis/?q=idweb:26-72274"
"Acquisition de prestation de sécurité pour le système d'information de Manche Numérique, ses membres et sa Centrale d'Achat","SM Manche Numérique","prestations_num","Normandie","SERVICES","2026-07-22","2026-09-28","https://www.boamp.fr/pages/avis/?q=idweb:26-72321"
"l’acquisition de solutions de logiciels pour les Services techniques Lot 1. Bâtiments communaux - Lot 2. Garage","Ville de Draguignan (83)","logiciels","Provence-Alpes-Côte d'Azur","FOURNITURES","2026-07-22","2026-09-08","https://www.boamp.fr/pages/avis/?q=idweb:26-73397"
"Fourniture, installation, mise en service et maintenance de câblage VDI et d'équipement du système d'information","SDIS 31 Haute Garonne","logiciels","Occitanie","FOURNITURES","2026-07-21","2026-09-21","https://www.boamp.fr/pages/avis/?q=idweb:26-72112"
"MEAE_24058_DNUM","1-MMA","prestations_num","Île-de-France","FOURNITURES","2026-07-21","2026-06-27","https://www.boamp.fr/pages/avis/?q=idweb:26-72079"
"ACQUISITION D’UNE APPLICATION RELATIVE A LA TRANSFORMATION DIGITALE DES ACTIVITES MTI DE L’EFS","Etablissement français du sang","logiciels","Île-de-France","FOURNITURES","2026-07-21","","https://www.boamp.fr/pages/avis/?q=idweb:26-72028"
"Assistance à l’exploitation de l’infrastructure virtuelle sous VMware et environnement Windows du Défenseur des droits et prestations associées","D.S.A.F.","prestations_num","Île-de-France","SERVICES","2026-07-21","2026-09-11","https://www.boamp.fr/pages/avis/?q=idweb:26-72131"
"Acquisition d'un outil de test de messages DATALINK pour le système Air Traffic Control de la navigation aérienne","DSNA-DTI","logiciels","Occitanie","FOURNITURES","2026-07-21","2026-09-15","https://www.boamp.fr/pages/avis/?q=idweb:26-72569"
"Bureau d'études fluides - Rénovation du système de chauffage - climatisation et réseaux de distribution de la direction départementale des services d'incendie et de secours de la Haute-Savoie","SDIS 74","prestations_num","Auvergne-Rhône-Alpes","SERVICES","2026-07-21","2026-09-22","https://www.boamp.fr/pages/avis/?q=idweb:26-72745"
"Mission d’assistance à Maîtrise d’ouvrage pour la construction du Pôle Educatif et Sportif NUNGESSER à Valenciennes (59).","Mairie de Valenciennes","prestations_num","Hauts-de-France","SERVICES","2026-07-20","2026-09-11","https://www.boamp.fr/pages/avis/?q=idweb:26-71959"
"Fourniture de pré-localisateurs de bruit destinés à la sectorisation acoustique et à la détection à distance de fuites d'eau","communauté agglo albigeois","prestations_num","Occitanie","FOURNITURES","2026-07-20","2026-09-04","https://www.boamp.fr/pages/avis/?q=idweb:26-72230"
"MISSION DE MAITRISE D’OEUVRE POUR LA RENOVATION DU RESEAU DE CHAUFFAGE DES LOCAUX DU SIEGE DE LA CAF DE LA SOMME","80 - CAF DE LA SOMME","prestations_num","Hauts-de-France","SERVICES","2026-07-19","","https://www.boamp.fr/pages/avis/?q=idweb:26-71308"
"Redéveloppement de la plateforme SIGREC (Système d'Information et de Gestion de la Recherche et des Essais Cliniques), maintenance et prestations associées","CHU de Lille - ES du GHT HPGL","prestations_num","Hauts-de-France","SERVICES","2026-07-19","2026-09-14","https://www.boamp.fr/pages/avis/?q=idweb:26-71360"
"Fourniture de denrées alimentaires et gestion des approvisionnements","Ville d'Argelès-sur-Mer","logiciels","Occitanie","FOURNITURES","2026-07-19","2026-09-07","https://www.boamp.fr/pages/avis/?q=idweb:26-71364"
"ASSISTANCE À MAITRISE D'OUVRAGE (AMOA)","CNBF Caisse Nationale des Barreaux Français","prestations_num","Île-de-France","SERVICES","2026-07-19","2026-09-04","https://www.boamp.fr/pages/avis/?q=idweb:26-71812"
"Développement du logiciel métier SIRS Digues V3.","SYMADREM : Syndicat Mixte Interrégional d'Aménagement des Digues du Delta du Rhône et de la Mer (13)","prestations_num","Provence-Alpes-Côte d'Azur","SERVICES","2026-07-19","2026-09-15","https://www.boamp.fr/pages/avis/?q=idweb:26-71622"
"Développement et maintenance des solutions logicielles basées sur la plateforme APPIAN","Conseil Départemental des Yvelines","logiciels","Île-de-France","SERVICES","2026-07-19","2026-09-07","https://www.boamp.fr/pages/avis/?q=idweb:26-71755"
"Fourniture et livraison de tablettes, périphériques, pièces détachées informatiques et services associés","Université Côte d'Azur","prestations_num","Provence-Alpes-Côte d'Azur","FOURNITURES","2026-07-18","2026-09-04","https://www.boamp.fr/pages/avis/?q=idweb:26-71189"
"PRESTATIONS D'ASSISTANCE ET D'EXPERTISE INFORMATIQUE","LE HAVRE SEINE METROPOLE","prestations_num","Normandie","SERVICES","2026-07-18","2026-09-25","https://www.boamp.fr/pages/avis/?q=idweb:26-70973"
"INFOGÉRANCE DES INFRASTRUCTURES DE RÉSEAUX LAN, WIFI ET DE SÉCURITÉ DU CONSEIL DÉPARTEMENTAL DES BOUCHES-DU-RHÔNE","Conseil départemental des Bouches-du-Rhône","prestations_num","Provence-Alpes-Côte d'Azur","SERVICES","2026-07-18","","https://www.boamp.fr/pages/avis/?q=idweb:26-71056"
"Fourniture de micro-ordinateurs fixes, portables, moniteurs, téléphones, tablettes, logiciels bureautique","MOSELLE FIBRE Agissant comme Centrale d'Achat","prestations_num","Grand Est","FOURNITURES","2026-07-18","2026-09-15","https://www.boamp.fr/pages/avis/?q=idweb:26-71159"
"A compléter","Vallée Sud - Grand Paris (92)","prestations_num","Île-de-France","FOURNITURES","2026-07-18","","https://www.boamp.fr/pages/avis/?q=idweb:26-71088"
"Tierce maintenance applicative de logiciels nationaux de production des données hydrométriques OCTAVE et JACINTHE","DGPR/SRN/Service central VIGICRUES","prestations_num","Occitanie","SERVICES","2026-07-18","2026-09-15","https://www.boamp.fr/pages/avis/?q=idweb:26-71003"
"Etude d'implantation, fourniture, livraison, installation, mise en service, maintenance d'équipements et logiciels d'anatomie cytologie pathologiques et pathologie numérique pour CLCC et EA","UNICANCER ACHATS","logiciels","Île-de-France","FOURNITURES","2026-07-18","2026-09-22","https://www.boamp.fr/pages/avis/?q=idweb:26-71164"
"ACQUISITION DE LOGICIEL ET SERVICES ASSOCIES AU SUPPORT DES INSTANCES DELIBERANTES DE LA CAGSC","CA Sud Basse-Terre","logiciels","Guadeloupe","FOURNITURES","2026-07-18","","https://www.boamp.fr/pages/avis/?q=idweb:26-71072"
"2605_DISTRIBUTION DE LOGICIELS MULTI-ÉDITEURS ET PRESTATIONS COMPLÉMENTAIRES ASSOCIÉES POUR LES ADHÉRENTS DE LA CAIH","69 CAIH","logiciels","Auvergne-Rhône-Alpes","FOURNITURES","2026-07-18","2026-08-31","https://www.boamp.fr/pages/avis/?q=idweb:26-71094"
"Fourniture de solutions d'infrastructure informatique (matériels, logiciels et prestations associées)","Union des Groupements d'Achats Publics","prestations_num","Île-de-France","FOURNITURES","2026-07-17","2026-07-20","https://www.boamp.fr/pages/avis/?q=idweb:26-70550"
"ASSISTANCE INFORMATIQUE UTILISATEURS","FranceAgriMer","prestations_num","Île-de-France","SERVICES","2026-07-17","2026-08-13","https://www.boamp.fr/pages/avis/?q=idweb:26-70745"
"Marché de fourniture, d'intégration, de mise en oeuvre et de maintenance du système d'information SI DESMA relatif à la vente, à la connaissance client, à l'intégration des solutions marketing et à la","Opéra national de Paris","logiciels","Île-de-France","SERVICES","2026-07-17","2026-09-18","https://www.boamp.fr/pages/avis/?q=idweb:26-70869"
"Accord-cadre interministériel relatif à la Mesure d'audience des sites internet et applications","Service d'information du Gouvernement","prestations_num","Île-de-France","SERVICES","2026-07-17","2026-09-11","https://www.boamp.fr/pages/avis/?q=idweb:26-70409"
"SERVICES DE CYBER SÉCURITÉ POUR LE DÉPARTEMENT DU TARN","DEPARTEMENT DU TARN","prestations_num","Occitanie","SERVICES","2026-07-17","2026-08-17","https://www.boamp.fr/pages/avis/?q=idweb:26-70875"
"Accord-cadre pour la mise en place d’une bibliothèque multi-éditeurs et la réalisation de prestations associées (maintenance et prestations d’assistance)","CAP Territoires (60)","logiciels","Hauts-de-France","FOURNITURES","2026-07-17","2026-09-11","https://www.boamp.fr/pages/avis/?q=idweb:26-70734"
"ACQUISITION, IMPEMENTATION ET MAINTENANCE D'UNE DIGITAL WORKPLACE","DEPARTEMENT DES DEUX-SEVRES","logiciels","Nouvelle-Aquitaine","FOURNITURES","2026-07-17","2026-08-21","https://www.boamp.fr/pages/avis/?q=idweb:26-70538"
"Mise en place d'une solution de gestion pour l'Ehpad Dr Reynaud à Ennezat","Cias Riom Limagne Et Volcans","logiciels","Auvergne-Rhône-Alpes","FOURNITURES","2026-07-17","2026-09-07","https://www.boamp.fr/pages/avis/?q=idweb:26-71438"
"Mission d’assistance et de conseil Stratégie Microsoft et évolution de l’Accord Entreprise 2028 de licences du Conseil départemental du Finistère et ses organismes associés","Département du Finistère","prestations_num","Bretagne","SERVICES","2026-07-17","2026-09-07","https://www.boamp.fr/pages/avis/?q=idweb:26-71825"
"Fourniture de matériels informatiques","CC OSARTIS MARQUION","prestations_num","Hauts-de-France","FOURNITURES","2026-07-17","2026-09-03","https://www.boamp.fr/pages/avis/?q=idweb:26-71710"
"Etendre le périmètre fonctionnel du système d’information d'ARTE GEIE et de proposer aux managers et collaborateurs une interface permettant d’adresser différentes thématiques de développement RH.","ASS RELATIVE TELEVISION EUROPEENNE","logiciels","Grand Est","SERVICES","2026-07-17","2026-09-08","https://www.boamp.fr/pages/avis/?q=idweb:26-71632"
"Assistance à Maîtrise d'Ouvrage relative à la fin du contrat de DSP Exploitation du réseau Très Haut Débit de la Métropole Aix Marseille Provence, 2 lots","Métropole Aix Marseille Provence","prestations_num","Provence-Alpes-Côte d'Azur","SERVICES","2026-07-17","2026-09-15","https://www.boamp.fr/pages/avis/?q=idweb:26-71807"
"Fourniture, déploiement, hébergement et maintenance d'une plateforme de billetterie intégrée pour le Musée des Arts et Métiers – Cnam à Paris","Conservatoire National des Arts et Métiers - Cnam","logiciels","Île-de-France","FOURNITURES","2026-07-16","2026-08-26","https://www.boamp.fr/pages/avis/?q=idweb:26-70081"
"Création du nouveau site web de NEOMA BUSINESS SCHOOL avec accompagnement technique","NEOMA REIMS","prestations_num","Grand Est","SERVICES","2026-07-16","2026-08-17","https://www.boamp.fr/pages/avis/?q=idweb:26-70254"
"Assistance à maîtrise d'ouvrage pour la réalisation de projets informatiques","AGENCE DE GESTION DE L'IMMOBILIER DE L'ETAT","prestations_num","Île-de-France","SERVICES","2026-07-16","2026-07-31","https://www.boamp.fr/pages/avis/?q=idweb:26-70345"
"FOURNITURE DE LOGICIELS ET LICENCES INFORMATIQUES-CONSEIL AVANT-VENTE ET PRESTATIONS D'ACCOMPAGNEMENT","SDIS du Pas-de-Calais","prestations_num","Hauts-de-France","FOURNITURES","2026-07-16","2027-08-17","https://www.boamp.fr/pages/avis/?q=idweb:26-70136"
"Fourniture, mise en œuvre, hébergement, maintenance, assistance, formation, reprise des données et réversibilité d'une suite logicielle métiers SaaS destinée à la COPAS et et à ses communes.","CC DU PAYS D'ALESIA ET DE LA SEINE","logiciels","Bourgogne-Franche-Comté","SERVICES","2026-07-16","2026-08-28","https://www.boamp.fr/pages/avis/?q=idweb:26-70729"
"Publication accord-cadre de fourniture de matériels informatiques","Communauté de Communes des Pays de l'Oise et d'Halatte (60)","prestations_num","Hauts-de-France","FOURNITURES","2026-07-16","2026-09-03","https://www.boamp.fr/pages/avis/?q=idweb:26-71075"
"Accord-cadre mono-attributaire à bons de commande et à marchés subséquents pour la fourniture et le déploiement d’une solution informatique permettant la gestion de la ressource en eau du SIDEN SIA...","NOREADE SIDEN-SIAN","logiciels","Hauts-de-France","FOURNITURES","2026-07-15","","https://www.boamp.fr/pages/avis/?q=idweb:26-69948"
"FOURNITURE D’EQUIPEMENTS ET LOGICIELS DE RADIOTHERAPIE ET PRESTATIONS ASSOCIEES","GIP RESAH","logiciels","Île-de-France","FOURNITURES","2026-07-15","2026-09-30","https://www.boamp.fr/pages/avis/?q=idweb:26-70077"
"Outil de gestion de planning des professionnels des ESMS de Coallia","Coallia","logiciels","Île-de-France","SERVICES","2026-07-15","2026-09-15","https://www.boamp.fr/pages/avis/?q=idweb:26-69971"
"Tierce Maintenance Applicative Du Systeme D'Informations Décisionnel","Département du Var","prestations_num","Provence-Alpes-Côte d'Azur","SERVICES","2026-07-15","2026-09-03","https://www.boamp.fr/pages/avis/?q=idweb:26-70450"
"Mise à disposition d'une solution logicielle de Dossier Usager Informatisé (DUI) - Couloirs PDS et PDE","Coallia","logiciels","Île-de-France","SERVICES","2026-07-14","2026-09-15","https://www.boamp.fr/pages/avis/?q=idweb:26-69923"
"Prestations de suite privative informatique 2 (hébergement du second DataCenter de production de l’INPI)","Institut national de la propriété industrielle","prestations_num","Île-de-France","SERVICES","2026-07-14","2026-09-04","https://www.boamp.fr/pages/avis/?q=idweb:26-69790"
"Maintenance des matériels informatiques dans les collèges publics du Département de l'Indre","Département de L'Indre","prestations_num","Centre-Val de Loire","SERVICES","2026-07-14","2026-09-04","https://www.boamp.fr/pages/avis/?q=idweb:26-69866"
"Prestations de captation, diffusion, hébergement et maintenance des contenus des séances du Conseil municipal et d’évènements municipaux","COMMUNE DE FONTENAY-SOUS-BOIS","prestations_num","Île-de-France","SERVICES","2026-07-13","2026-08-10","https://www.boamp.fr/pages/avis/?q=idweb:26-69846"
"Concession de droit d’usage, support et maintenance des licences APL/W et assistance à la maintenance applicative de l'application ORISON","DRS..","prestations_num","Île-de-France","SERVICES","2026-07-13","2026-08-31","https://www.boamp.fr/pages/avis/?q=idweb:26-69957"
"Fourniture et maintenance de licences ou d’abonnement pour des solutions numériques de divers environnements dans le cadre de la Centrale d'Achat du Syndicat (4 lots)","SMOVON","logiciels","Île-de-France","FOURNITURES","2026-07-13","2026-09-30","https://www.boamp.fr/pages/avis/?q=idweb:26-69769"
"SOLUTION DE VOTE ELECTRONIQUE ELECTIONS PARENTS D'ELEVES ET AUTRES SCRUTINS 2026-2028 POUR LES ETABLISSENTS ADHERENTS DU GROUPEMENT D'ACHATS NATIONAL SERVICES NUMERIQUES","GROUPEMENT D'ACHATS NATIONAL SERVICES NUMERIQUES LYCEE DES METIERS ENTRE MEURTHE ET SANON","logiciels","Grand Est","SERVICES","2026-07-13","2026-07-29","https://www.boamp.fr/pages/avis/?q=idweb:26-70068"
"ASSISTANCE INFORMATIQUE UTILISATEURS","FranceAgriMer","prestations_num","Île-de-France","SERVICES","2026-07-12","2026-08-13","https://www.boamp.fr/pages/avis/?q=idweb:26-69081"
"MAINTENANCE ET EXTENSION DU SYSTEME DE VIDEOPROTECTION DE LA VILLE DE VALENCIENNES","Mairie de Valenciennes","prestations_num","Hauts-de-France","SERVICES","2026-07-12","2026-09-08","https://www.boamp.fr/pages/avis/?q=idweb:26-69095"
"Tierce maintenance applicative pour le système d'information décisionnel de la Région","REGION CENTRE VAL DE LOIRE","prestations_num","Centre-Val de Loire","SERVICES","2026-07-12","2026-09-11","https://www.boamp.fr/pages/avis/?q=idweb:26-69058"
"Maintenance préventive, curative, évolutive et support logiciel des systèmes de contrôles d'accès et systèmes associés","Fonds de Garantie des Assurances Obligatoires de Dommages","logiciels","Île-de-France","SERVICES","2026-07-12","2026-07-17","https://www.boamp.fr/pages/avis/?q=idweb:26-69129"
"Tierce maintenance applicative de la plateforme Phoenix","REGION CENTRE VAL DE LOIRE","prestations_num","Centre-Val de Loire","SERVICES","2026-07-12","2026-09-11","https://www.boamp.fr/pages/avis/?q=idweb:26-69057"
"Acquisition, livraison et réparation des équipements au profit du personnel du MINARM atteint de déficience visuelle, ainsi que la prestation d'accompagnement à leur utilisation.","PFC Paris","logiciels","Île-de-France","FOURNITURES","2026-07-12","2026-09-04","https://www.boamp.fr/pages/avis/?q=idweb:26-69186"
"Fourniture de Consommables Informatiques pour les besoins du GHT CANTAL","Centre Hospitalier d'Aurillac - Etablissement support du GHT Cantal","prestations_num","Auvergne-Rhône-Alpes","FOURNITURES","2026-07-12","2026-08-17","https://www.boamp.fr/pages/avis/?q=idweb:26-69200"
"Acquisition d’une solution SASE (Secure Access Service Edge) pour la cybersécurité du Groupe SOREGIES","Société d'Economie Mixte Locale Sorégies (86)","logiciels","Nouvelle-Aquitaine","FOURNITURES","2026-07-12","","https://www.boamp.fr/pages/avis/?q=idweb:26-69375"
"ASSISTANCE À MAITRISE D'OUVRAGE (AMOA)","CNBF Caisse Nationale des Barreaux Français","prestations_num","Île-de-France","SERVICES","2026-07-12","2026-09-04","https://www.boamp.fr/pages/avis/?q=idweb:26-69685"
"Fourniture de matériels informatiques bureautiques auprès des organismes de Sécurité sociale ainsi que les accessoires et prestations associées","Ucanss (Union des Caisses Nationales de Securite Sociale)","prestations_num","Île-de-France","FOURNITURES","2026-07-12","2034-09-14","https://www.boamp.fr/pages/avis/?q=idweb:26-69557"
"Prestations d'ingénierie et intégration dans les domaines de l'informatique multimédia des expositions et des studios de productions de l'EPPDCSI","EPPDCSI - UNIVERSCIENCE Etablissement public à caractère industriel et commercial créé par décret interministériel du 3 décembre 2009","prestations_num","Île-de-France","SERVICES","2026-07-12","2026-09-16","https://www.boamp.fr/pages/avis/?q=idweb:26-69669"
"Acquisition de 120 licences annuelles pour l'utilisation du logiciel Geneious édité par Dotmatics. Le type de licence souhaité est Geneious Prime Enterprise Academic Yearly Subscription","ANSES","logiciels","Île-de-France","SERVICES","2026-07-12","2026-09-01","https://www.boamp.fr/pages/avis/?q=idweb:26-69481"
"Infogérance des infrastructures informatiques et prestations associées","Agence nationale de l'habitat","prestations_num","Île-de-France","SERVICES","2026-07-12","2026-08-17","https://www.boamp.fr/pages/avis/?q=idweb:26-69729"
"2026-103 - CHL - CHBB - Mise en place d'un outil de management de la qualité pour les laboratoires de biologie médicale des centres hospitaliers de Lens et de Béthune Beuvry","Centre Hospitalier de Lens","logiciels","Hauts-de-France","FOURNITURES","2026-07-11","2026-08-21","https://www.boamp.fr/pages/avis/?q=idweb:26-68871"
"Fourniture d'accès internet pour les sites du CD59 avec débit et temps de rétablissement garantis","Conseil Départemental du Nord","prestations_num","Hauts-de-France","SERVICES","2026-07-11","2026-08-28","https://www.boamp.fr/pages/avis/?q=idweb:26-68765"
"Remplacement du système de supervision du GCS Blanchisserie Sud Lorraine","GCS Blanchisserie Sud Lorraine","logiciels","Grand Est","SERVICES","2026-07-11","2026-07-24","https://www.boamp.fr/pages/avis/?q=idweb:26-68827"
"Centre de Services Packaging/Déploiement","CDC Informatique","prestations_num","Île-de-France","SERVICES","2026-07-11","2026-09-10","https://www.boamp.fr/pages/avis/?q=idweb:26-68985"
"Conception, développement et maintenance du site web Opco 2i","OPCO 2i - Direction de la Communication et Du Marketing","logiciels","Île-de-France","SERVICES","2026-07-10","2026-08-17","https://www.boamp.fr/pages/avis/?q=idweb:26-68353"
"Fourniture, hébergement et maintien de plateformes digitales","FRANCE TRAVAIL DSI","logiciels","Île-de-France","FOURNITURES","2026-07-10","","https://www.boamp.fr/pages/avis/?q=idweb:26-68689"
"Mise à disposition d'une solution SaaS de gestion d'un Système d'Information Touristique et prestations associées","Vendée Expansion - SEM","prestations_num","Pays de la Loire","SERVICES","2026-07-10","2026-08-10","https://www.boamp.fr/pages/avis/?q=idweb:26-68497"
"Rennes Métropole - Prestation de diagnostic de voirie avec mise en oeuvre d'une solution logicielle et aide à la programmation des travaux","Rennes Métropole","prestations_num","Bretagne","SERVICES","2026-07-10","2026-09-08","https://www.boamp.fr/pages/avis/?q=idweb:26-68636"
"Acquisition et maintenance de copieurs, de multifonctions, de traceurs, fournitures et prestations associées","Saint-Etienne Métropole","prestations_num","Auvergne-Rhône-Alpes","SERVICES","2026-07-10","2026-09-04","https://www.boamp.fr/pages/avis/?q=idweb:26-68460"
"Tierce Maintenance Applicative de la gestion de contenus Alfresco et prestations associées","Ville de Marseille","prestations_num","Provence-Alpes-Côte d'Azur","SERVICES","2026-07-10","2026-08-24","https://www.boamp.fr/pages/avis/?q=idweb:26-68632"
"Le présent accord-cadre a pour objet des prestations d'accompagnement SI sur le Maintien en condition opérationnelle et les projets du Système d'Information interne de la Cipav","La Cipav","prestations_num","Île-de-France","SERVICES","2026-07-10","2026-09-30","https://www.boamp.fr/pages/avis/?q=idweb:26-68620"
"ACQUISITION DE MATERIELS INFORMATIQUES, PRESTATIONS ASSOCIEES ET ASSISTANCE DE PROXIMITE","Conseil Départemental d'Ille et Vilaine","prestations_num","Bretagne","FOURNITURES","2026-07-10","2026-09-17","https://www.boamp.fr/pages/avis/?q=idweb:26-68477"
"FOURNITURE D'EQUIPEMENTS DE PRÉ-LOCALISATION FIXES CORRELANTS POUR LA RECHERCHE DE FUITES SUR LE RESEAU D'EAU POTABLE, D'UNE APPLICATION DE SUPERVISION ET DES PRESTATIONS ASSOCIEES","Communauté d'Agglomération de La Rochelle","prestations_num","Nouvelle-Aquitaine","FOURNITURES","2026-07-10","2026-09-07","https://www.boamp.fr/pages/avis/?q=idweb:26-68678"
"Fourniture de capteurs, mise en œuvre et frais d'abonnement d'une solution logicielle pour le suivi énergétique du patrimoine de l'Agglomération Maubeuge Val de Sambre","AGGLOMERATION MAUBEUGE VAL DE SAMBRE (AMVS)","logiciels","Hauts-de-France","FOURNITURES","2026-07-10","2026-07-30","https://www.boamp.fr/pages/avis/?q=idweb:26-69041"
"Fourniture d'une solution Internet de gestion des marchés subséquents d'un accord cadre d'impression","Département de L'Indre","logiciels","Centre-Val de Loire","SERVICES","2026-07-10","2026-08-06","https://www.boamp.fr/pages/avis/?q=idweb:26-69036"
"Fourniture, préparation et déploiement d’ordinateurs, écrans et périphériques informatiques","GIP Réussite Éducative Marseille","prestations_num","Provence-Alpes-Côte d'Azur","FOURNITURES","2026-07-10","2026-08-17","https://www.boamp.fr/pages/avis/?q=idweb:26-69162"
"Acquisition, mise en place et maintenance d'une solution logicielle de système d'information géographique patrimoniale eau et assainissement pour la Direction du cycle de l'eau","Communauté d'Agglomération Vichy Communauté","logiciels","Auvergne-Rhône-Alpes","FOURNITURES","2026-07-10","2026-09-14","https://www.boamp.fr/pages/avis/?q=idweb:26-69345"
"Fourniture et maintenance de sondes de télérelève de remplissage et logiciel d'exploitation des données collectées pour conteneurs d'apport volontaire à déchets ménagers","Grenoble Alpes Metropole","prestations_num","Auvergne-Rhône-Alpes","SERVICES","2026-07-10","2026-08-19","https://www.boamp.fr/pages/avis/?q=idweb:26-69392"
"Conception, fourniture et mise en œuvre d'une solution d'amphithéâtre connecté immersif","ISEN YNCREA MEDITERRANEE","prestations_num","Provence-Alpes-Côte d'Azur","FOURNITURES","2026-07-10","2026-08-24","https://www.boamp.fr/pages/avis/?q=idweb:26-69611"
"Fourniture et mise en oeuvre d'une infrastructure hyperconvergée","COMMUNAUTE D'AGGLOMERATION DE MONTELIMAR AGGLOMERATION","prestations_num","Auvergne-Rhône-Alpes","FOURNITURES","2026-07-09","2026-08-12","https://www.boamp.fr/pages/avis/?q=idweb:26-67875"
"Mise en œuvre, fourniture, évolution, formation et réversibilité d’un espace numérique de travail (ENT) pour le projet ÉCLAT-BFC","Région Bourgogne Franche-Comté","logiciels","Bourgogne-Franche-Comté","SERVICES","2026-07-09","2026-09-14","https://www.boamp.fr/pages/avis/?q=idweb:26-67857"
"26N0003_Maintenance, optimisation et évolution de la plateforme de GED Alfresco","METROPOLE NICE COTE D'AZUR","logiciels","Provence-Alpes-Côte d'Azur","SERVICES","2026-07-09","2026-09-03","https://www.boamp.fr/pages/avis/?q=idweb:26-67912"
"Maintenance et acquisition d'écrans numériques interactifs (ENI), de tableaux blancs coulissants et prestations complémentaires","VILLE DE PAU","prestations_num","Nouvelle-Aquitaine","SERVICES","2026-07-09","2026-09-02","https://www.boamp.fr/pages/avis/?q=idweb:26-67988"
"Transit internet zone nord","SPM/DSAF","prestations_num","Île-de-France","SERVICES","2026-07-09","2026-09-14","https://www.boamp.fr/pages/avis/?q=idweb:26-68069"
"FOURNITURE D'UNE SOLUTION D'AGREGATION ET D'ANALYSE DES DONNEES DE COMPTAGE VOYAGEUR ET FOURNITURE ET POSE DE CELLULES DE COMPTAGE","Région Nouvelle-Aquitaine","logiciels","Nouvelle-Aquitaine","FOURNITURES","2026-07-09","2026-08-10","https://www.boamp.fr/pages/avis/?q=idweb:26-67982"
"Relance accord-cadre à bons de commande et à marchés subséquents d'hébergement des sites et applications WEB du Département du Nord","Conseil Départemental du Nord","prestations_num","Hauts-de-France","SERVICES","2026-07-09","2026-08-19","https://www.boamp.fr/pages/avis/?q=idweb:26-67989"
"Maintenance applicative de la gestion électronique de documents de la Communauté d'Agglomération du Niortais et de la ville de Niort","NIORT AGGLOMERATION","prestations_num","Nouvelle-Aquitaine","SERVICES","2026-07-09","2026-09-04","https://www.boamp.fr/pages/avis/?q=idweb:26-68148"
"Mise en oeuvre d'une solution de prospective budgétaire pluriannuelle, maintenance, assistance et prestations associées","Conseil Départemental de la Mayenne","prestations_num","Pays de la Loire","SERVICES","2026-07-09","2026-09-02","https://www.boamp.fr/pages/avis/?q=idweb:26-68630"
"FOURNITURE, MISE EN SERVICE ET MAINTENANCE D’UN OUTIL DE GESTION ADMINISTRATIVE ET LOGISTIQUE POUR UN ORGANISME DE FORMATION EXTERNE","CEREMA","logiciels","Hauts-de-France","SERVICES","2026-07-09","2026-08-28","https://www.boamp.fr/pages/avis/?q=idweb:26-68612"
"PRESTATIONS D’ASSISTANCE INFORMATIQUE POUR LE CRM E DEAL DES CCI DE LA REGION AUVERGNE-RHONE-ALPES","CCI de région Auvergne-Rhône-Alpes","prestations_num","Auvergne-Rhône-Alpes","SERVICES","2026-07-09","2026-08-31","https://www.boamp.fr/pages/avis/?q=idweb:26-68775"
"Acquisition, mise en œuvre et maintenance de logiciels de gestion financière (Lot 1) et de gestion de la paie (Lot 2), exploités en mode SaaS, ainsi que de prestations associées.","CENTRE DE GESTION DU BAS-RHIN","logiciels","Grand Est","SERVICES","2026-07-09","2026-07-30","https://www.boamp.fr/pages/avis/?q=idweb:26-68969"
"Poursuite du développement de l'application numérique MIRAGE","COREPEM","prestations_num","Provence-Alpes-Côte d'Azur","SERVICES","2026-07-09","2026-09-18","https://www.boamp.fr/pages/avis/?q=idweb:26-68729"
"Fourniture De Materiel Informatique Et De Reseaux Industriels / Co-Installation De Reseaux Informatiques Industriels (Process) / Prestations De Telemaintenance Et D'Assistance","C'Chartres Traitement Et Valorisation","prestations_num","Centre-Val de Loire","FOURNITURES","2026-07-09","2026-07-31","https://www.boamp.fr/pages/avis/?q=idweb:26-68774"
"Acquisition en mode SaaS d'une plateforme de Cyber Threat Intelligence (Lot 1) et d'un outil de Breach et Attack Simulation / Automated Exposure Validation (Lot 2) ainsi que les prestations associées","ACCYB - Agence Caribéenne pour la Cybersécurité (971)","prestations_num","Guadeloupe","SERVICES","2026-07-09","2026-08-13","https://www.boamp.fr/pages/avis/?q=idweb:26-69026"
"FOURNITURE GESTION ET MAINTENANCE DES BACS ROULANTS ET LAVAGE DES MOBILIERS URBAINS DE COLLECTE SUR LE TERRITOIRE DE CLERMONT AUVERGNE METROPOLE","CLERMONT AUVERGNE METROPOLE","logiciels","Auvergne-Rhône-Alpes","SERVICES","2026-07-08","2026-09-18","https://www.boamp.fr/pages/avis/?q=idweb:26-67578"
"Marché de modernisation, d'infogérance et de sécurisation du système d'information de la Communauté de Communes Inter Caux Vexin","Communauté de Communes Inter Caux Vexin","prestations_num","Normandie","SERVICES","2026-07-08","2026-08-31","https://www.boamp.fr/pages/avis/?q=idweb:26-67525"
"Maintenance et acquisition de licences BO SAP et prestations de montée de version","Région Hauts-de-France","logiciels","Hauts-de-France","SERVICES","2026-07-08","2026-09-11","https://www.boamp.fr/pages/avis/?q=idweb:26-67334"
"2026AVN0014-Fourniture et installation d'une solution télématique pour la gestion de la flotte de véhicules","Ville d'Avignon","logiciels","Provence-Alpes-Côte d'Azur","FOURNITURES","2026-07-08","2026-09-30","https://www.boamp.fr/pages/avis/?q=idweb:26-67171"
"Conception et réalisation de projets, d'évolutions et Maintenance des sites web de l'INRS","INRS CENTRE DE PARIS","prestations_num","Île-de-France","SERVICES","2026-07-08","2026-09-04","https://www.boamp.fr/pages/avis/?q=idweb:26-67399"
"Location, installation, configuration, formation et maintenance d'un parc de photocopieurs numériques - Octobre 2026-septembre 2030","CC Rives de Moselle","prestations_num","Grand Est","SERVICES","2026-07-08","2026-08-12","https://www.boamp.fr/pages/avis/?q=idweb:26-67050"
"Fourniture, installation et maintenance d’équipements numériques et de solutions audiovisuelles et interactives intégrées à usages pédagogiques, collaboratifs et administratifs, de solutions d’afficha","SMOVON","prestations_num","Île-de-France","FOURNITURES","2026-07-08","2026-09-15","https://www.boamp.fr/pages/avis/?q=idweb:26-67057"
"Prestations d'hébergement et supervision informatique du système central billettique relatif aux réseaux de transport routier interurbain de voyageurs Fluo Grand Est 54, 55 et 88","Région Grand Est","prestations_num","Grand Est","SERVICES","2026-07-08","2026-08-18","https://www.boamp.fr/pages/avis/?q=idweb:26-67182"
"Achat de scanners 3D, d’imprimantes 3D, de dispositifs holographiques et de casques VR pour l’Université de Montpellier Paul-Valéry","UMPV.","prestations_num","Occitanie","FOURNITURES","2026-07-08","2026-09-07","https://www.boamp.fr/pages/avis/?q=idweb:26-67502"
"Fourniture, installation et maintenance de système d'identification, de système de pesée et d'ordinateur de bord, d'équipements de détection et suivi des erreurs de tri sur les bennes à ordures ménagè","Grand Besançon Métropole","logiciels","Bourgogne-Franche-Comté","SERVICES","2026-07-08","2026-09-21","https://www.boamp.fr/pages/avis/?q=idweb:26-67535"
"Maintenance et Acquisition d'outils et prestations associées à la solution décisionnelle Sap Business Objects (Sap Bo)","Grand Besançon Métropole","prestations_num","Bourgogne-Franche-Comté","SERVICES","2026-07-08","2026-09-01","https://www.boamp.fr/pages/avis/?q=idweb:26-67882"
"Fourniture de logiciels métiers-.","Communauté de Communes de l'Argonne Ardennaise","logiciels","Grand Est","FOURNITURES","2026-07-08","2026-08-28","https://www.boamp.fr/pages/avis/?q=idweb:26-68283"
"INITIALISATION, MISE A DISPOSITION ET MAINTENANCE D'UN SYSTEME D'INFORMATION DE MANAGEMENT DE L'ENERGIE (SIME)","Syndicat Départemental d'Energie du Tarn (SDET)","logiciels","Occitanie","SERVICES","2026-07-07","2026-09-01","https://www.boamp.fr/pages/avis/?q=idweb:26-66867"
"Prestation d'infogérance et d'Hébergement : La présente consultation concerne la 1ère phase : présélection de 5 candidats admis à soumissionner","M.R.L. MAISON DE RETRAITE DE LA LOIRE EHPAD - Foyer de Vie - SSIAD - Accueil de Jour","prestations_num","Auvergne-Rhône-Alpes","SERVICES","2026-07-07","2026-08-05","https://www.boamp.fr/pages/avis/?q=idweb:26-66926"
"PRESTATIONS D'ASSISTANCE ET D'EXPERTISE INFORMATIQUE","LE HAVRE SEINE METROPOLE","prestations_num","Normandie","SERVICES","2026-07-07","2026-09-18","https://www.boamp.fr/pages/avis/?q=idweb:26-66929"
"Acquisition d'un Système d'Information et de Gestion des Identités et des Accès (IAM/IGA)","INST NAL DES SCIENCES APPLIQUEES LYON","logiciels","Auvergne-Rhône-Alpes","FOURNITURES","2026-07-07","2026-08-24","https://www.boamp.fr/pages/avis/?q=idweb:26-66994"
"LA PRESTATION DE SERVICE DE MISE A DISPOSTION DE CONTENU OU DE DONNEES (CDN : CONTENT DELIVERY NETWORK)","CDC Informatique","prestations_num","Île-de-France","SERVICES","2026-07-07","2026-09-14","https://www.boamp.fr/pages/avis/?q=idweb:26-66776"
"ASSISTANCE_MCO_SITES_SPIP","Rectorat d'Aix-Marseille","prestations_num","Provence-Alpes-Côte d'Azur","SERVICES","2026-07-07","2026-08-05","https://www.boamp.fr/pages/avis/?q=idweb:26-67681"
"Fourniture Et Livraison De Fournitures Administratives/Papier/Consommables Informatiques Pour La Commune De Rumilly","Ville de Rumilly","prestations_num","Auvergne-Rhône-Alpes","FOURNITURES","2026-07-07","2026-07-30","https://www.boamp.fr/pages/avis/?q=idweb:26-67700"
"Achat de matériels, fournitures et consommables informatiques","Comité de concertation et de coordination de l'apprentissage du BTP","prestations_num","Île-de-France","FOURNITURES","2026-07-05","2026-08-03","https://www.boamp.fr/pages/avis/?q=idweb:26-66050"
"Conseil au pilotage de la DSI de la SGP","Société des grands projets","prestations_num","Île-de-France","SERVICES","2026-07-05","","https://www.boamp.fr/pages/avis/?q=idweb:26-66178"
"Le présent accord-cadre a pour objet la fourniture de prestations d’assistance à la maîtrise d’œuvre pour la DSI de la Branche Recouvrement du Régime Général de la Sécurité Sociale.","ACOSS","prestations_num","Île-de-France","SERVICES","2026-07-05","2026-09-15","https://www.boamp.fr/pages/avis/?q=idweb:26-66237"
"Gestion des Actifs Informatiques (GDAI)","Coallia","prestations_num","Île-de-France","SERVICES","2026-07-05","2026-08-07","https://www.boamp.fr/pages/avis/?q=idweb:26-66411"
"Outil de pilotage des risques et de la qualité - Paramétrage et périmètre fonctionnel","Coallia","prestations_num","Île-de-France","SERVICES","2026-07-05","","https://www.boamp.fr/pages/avis/?q=idweb:26-66396"
"La fourniture de prestations de maintenance des matériels informatiques bureautiques du ministère de la Justice dans le cadre du service national de maintenance (SNM).","Ministère de la justice","prestations_num","Île-de-France","SERVICES","2026-07-05","2026-07-06","https://www.boamp.fr/pages/avis/?q=idweb:26-66479"
"Marché Public d’accompagnement, d’exploitation et d’évolution des services numériques web et intranet","CHU ROUEN","prestations_num","Normandie","SERVICES","2026-07-05","2026-07-15","https://www.boamp.fr/pages/avis/?q=idweb:26-66359"
"acquisition de matériels informatiques (PC bureautique et petits matériels)","Le CESE","prestations_num","Île-de-France","FOURNITURES","2026-07-05","2026-08-04","https://www.boamp.fr/pages/avis/?q=idweb:26-66577"
"Déploiement, mise en service, exploitation d'un Centre de contact usager pour les mobilités régionales","Région Auvergne-Rhône-Alpes","logiciels","Auvergne-Rhône-Alpes","SERVICES","2026-07-05","","https://www.boamp.fr/pages/avis/?q=idweb:26-66493"
"Infrastructures de recharges pour bus électriques et Trambus - Tranche 2 - Programme 2027-2031 - Lot 6","Rennes Métropole","logiciels","Bretagne","SERVICES","2026-07-04","2026-07-28","https://www.boamp.fr/pages/avis/?q=idweb:26-65895"
"Fourniture, mise en oeuvre, maintenance et hébergement externalisé d'un logiciel DACS (Dosimetry Archiving and Communication System) pour certains établissements du GHT Savoie-Belley","GHT Savoie Belley - CH Métropole Savoie","logiciels","Auvergne-Rhône-Alpes","FOURNITURES","2026-07-04","2026-09-15","https://www.boamp.fr/pages/avis/?q=idweb:26-65767"
"Fourniture d'un outil informatique de suivi des consommations, productions et facturations des fluides","Ville de Gennevilliers","logiciels","Île-de-France","SERVICES","2026-07-04","2026-08-10","https://www.boamp.fr/pages/avis/?q=idweb:26-65882"
"Infrastructures de recharges pour bus électriques et Trambus - Tranche 2 - Programme 2027-2031 - lot 7","Rennes Métropole","prestations_num","Bretagne","SERVICES","2026-07-04","2026-07-28","https://www.boamp.fr/pages/avis/?q=idweb:26-65896"
"Acquisition de pistolets à impulsion électrique, caméras piétons, accessoires et hébergement de la solution logicielle et prestations associées","Angers Loire Metropole (49)","logiciels","Pays de la Loire","FOURNITURES","2026-07-04","2026-08-24","https://www.boamp.fr/pages/avis/?q=idweb:26-65847"
"Assistance à la maîtrise d’ouvrage (AMOA) et à la maîtrise d’œuvre (AMOE) de projets informatiques.","Agence Nationale de Sécurité du Médicament et des Produits de Santé","prestations_num","Île-de-France","SERVICES","2026-07-04","","https://www.boamp.fr/pages/avis/?q=idweb:26-66028"
"Prestations de Développements informatiques pour le Département de la Côte-d'Or","Conseil Départemental de Côte d'Or (21)","prestations_num","Bourgogne-Franche-Comté","SERVICES","2026-07-03","2026-08-21","https://www.boamp.fr/pages/avis/?q=idweb:26-65552"
"SERVICE DE LOCATION D'ESPACE HAUTEMENT SECURISE ET HAUTE DISPONIBILITE D'HEBERGEMENT PHYSIQUE DE SERVEURS PAR LE CENTRE D'ACCES SECURISE AUX DONNEES (CASD)","CENTRE D'ACCES SECURISE AUX DONNEES (CASD)","prestations_num","Île-de-France","SERVICES","2026-07-03","2026-08-05","https://www.boamp.fr/pages/avis/?q=idweb:26-65363"
"MISE EN PLACE DE REPORTING SUR LA PLATEFORME BI DE LA SAEM SODIPARC","SODIPARC","logiciels","La Réunion","SERVICES","2026-07-03","2026-08-03","https://www.boamp.fr/pages/avis/?q=idweb:26-65480"
"Refonte technique du portail patrimoine de la Région Bretagne","REGION BRETAGNE","prestations_num","Bretagne","SERVICES","2026-07-03","2026-08-20","https://www.boamp.fr/pages/avis/?q=idweb:26-66135"
"Acquisition d'un site Intranet","Ville De Montbeliard","prestations_num","Bourgogne-Franche-Comté","SERVICES","2026-07-03","2026-08-31","https://www.boamp.fr/pages/avis/?q=idweb:26-66215"
"Solution de protection des identités","BRL - DJRSE","prestations_num","Occitanie","FOURNITURES","2026-07-03","2026-07-31","https://www.boamp.fr/pages/avis/?q=idweb:26-66188"
"La présente consultation a pour objet la maintenance et l'exploitation des copieurs et traceurs de marque EPSON","Département des Pyrénées-Atlantiques","prestations_num","Nouvelle-Aquitaine","SERVICES","2026-07-03","2026-08-17","https://www.boamp.fr/pages/avis/?q=idweb:26-66070"
"2026avn0040 - Accord-cadre à bons de commande pour l'acquisition, la maintenance, l'hébergement et matériel associé, de solutions de paiement de stationnement mobile pour la ville","Ville d'Avignon","prestations_num","Provence-Alpes-Côte d'Azur","SERVICES","2026-07-03","2026-07-31","https://www.boamp.fr/pages/avis/?q=idweb:26-66442"
"Acquisition, mise en oeuvre, maintenance et assistance d'un logiciel de gestion du matériel pour le Laboratoire départemental d'analyses de la Mayenne (Lda53)","Conseil Départemental de la Mayenne","logiciels","Pays de la Loire","FOURNITURES","2026-07-03","2026-09-01","https://www.boamp.fr/pages/avis/?q=idweb:26-66594"
"Acquisition, mise en service et maintenance d’une solution de traitement d’imagerie médicale avec FFR virtuelle","14 CHRU","logiciels","Normandie","FOURNITURES","2026-07-03","2026-07-28","https://www.boamp.fr/pages/avis/?q=idweb:26-66339"
"Acquisition et maintenance d’un outil de gestion des appels et prestations associées pour un centre d'appel Relations Usagers","Département de l'Eure","logiciels","Normandie","SERVICES","2026-07-03","2026-07-24","https://www.boamp.fr/pages/avis/?q=idweb:26-66584"
"Fourniture, assistance et maintenance de logiciels et de matériels à destination de la plateforme de stockage et de virtualisation","TRIFYL","prestations_num","Occitanie","FOURNITURES","2026-07-03","2026-09-03","https://www.boamp.fr/pages/avis/?q=idweb:26-66562"
"Acquisition, mise en oeuvre et maintenance d'un logiciel de gestion dématérialisée des services municipaux","Mairie de Linselles","logiciels","Hauts-de-France","SERVICES","2026-07-03","2026-07-28","https://www.boamp.fr/pages/avis/?q=idweb:26-66351"
"Outil De Pilotage Et De Suivi D'Activite Sur Les Domaines De L'Entretien Et De L'Exploitation De La Route Au Conseil Departemental D'Indre-Et-Loire","Conseil départemental d'Indre et Loire","prestations_num","Centre-Val de Loire","FOURNITURES","2026-07-03","2026-08-28","https://www.boamp.fr/pages/avis/?q=idweb:26-66369"
"Assistance à maîtrise d'ouvrage de l'ANTAI (CNT7)","ANTAI","logiciels","Bretagne","SERVICES","2026-07-02","2026-07-16","https://www.boamp.fr/pages/avis/?q=idweb:26-64818"
"Location, installation, configuration, formation et maintenance d'un parc de photocopieurs numériques - Octobre 2026-septembre 2030","CC Rives de Moselle","prestations_num","Grand Est","SERVICES","2026-07-02","2026-08-05","https://www.boamp.fr/pages/avis/?q=idweb:26-64893"
"Maintenance applicative des applications partenaires de la chaîne de traitement automatisé des infractions et des redevances (ANTAI CNT7)","ANTAI","prestations_num","Bretagne","SERVICES","2026-07-02","2026-09-21","https://www.boamp.fr/pages/avis/?q=idweb:26-65099"
"Prestations de services d'infogérance du système d'information du Centre Pompidou","CENTRE POMPIDOU","prestations_num","Île-de-France","SERVICES","2026-07-02","2026-07-16","https://www.boamp.fr/pages/avis/?q=idweb:26-64831"
"Achat d'un logiciel d'energy management system","GIE AG2R","logiciels","Île-de-France","FOURNITURES","2026-07-02","2026-08-04","https://www.boamp.fr/pages/avis/?q=idweb:26-64909"
"Installation et maintenance de matériels pour système de billettique","Communauté d'agglomération du centre littoral (CACL)","prestations_num","Guyane","SERVICES","2026-07-02","2026-07-31","https://www.boamp.fr/pages/avis/?q=idweb:26-64784"
"Prestations intellectuelles et de services sur la plateforme Talend pour la Région Hauts-de-France","Région Hauts-de-France","prestations_num","Hauts-de-France","SERVICES","2026-07-02","2026-09-21","https://www.boamp.fr/pages/avis/?q=idweb:26-65516"
"Mise en place d'un système de Gestion Technique du Bâtiment (GTB) à la Gare numérique de Jeumont, équipement culturel de l'Agglomération Maubeuge Val de Sambre","AGGLOMERATION MAUBEUGE VAL DE SAMBRE (AMVS)","logiciels","Hauts-de-France","SERVICES","2026-07-02","2026-07-23","https://www.boamp.fr/pages/avis/?q=idweb:26-65571"
"ACQUISITION D’OUTILS NUMERIQUES POUR LA GESTION DES INSTANCES DELIBERANTES DE LA CAGSC","CA Sud Basse-Terre","prestations_num","Guadeloupe","FOURNITURES","2026-07-02","2026-08-10","https://www.boamp.fr/pages/avis/?q=idweb:26-65723"
"Services d'interconnexion de sites et d'internet","Communauté d'agglomération Pays Basque","prestations_num","Nouvelle-Aquitaine","SERVICES","2026-07-01","2026-08-21","https://www.boamp.fr/pages/avis/?q=idweb:26-64359"
"Tierce Maintenance Applicative des applications Sign&Go Global SSO, Portail d'Accès au Système d'Information, Card Management System et Vaultwarden de la Métropole de Lyon","Métropole de Lyon","prestations_num","Auvergne-Rhône-Alpes","SERVICES","2026-07-01","2026-07-30","https://www.boamp.fr/pages/avis/?q=idweb:26-64613"
"Acquisition, mise en oeuvre et maintenance d'un système d'information des ressources humaines RH","OPCO MOBILITES","logiciels","Île-de-France","SERVICES","2026-07-01","2026-07-10","https://www.boamp.fr/pages/avis/?q=idweb:26-64564"
"Acquisition, mise en œuvre, hébergement, assistance et maintenance d'un dispositif d'alerte des travailleurs isolés et de plan particulier de mise en sûreté (logiciels, matériels et prestation-.","C3C Ressources et Territoires","logiciels","Grand Est","SERVICES","2026-07-01","2026-09-03","https://www.boamp.fr/pages/avis/?q=idweb:26-64624"
"Fourniture de matériels, de logiciels, de solutions de connectivité et de prestations de services, liés à l'Internet des objets (IoT)","GIP Resah","prestations_num","Île-de-France","FOURNITURES","2026-07-01","2026-08-31","https://www.boamp.fr/pages/avis/?q=idweb:26-64604"
"Prestation d'infogérance du système d'information","GIE ORAS","prestations_num","Occitanie","SERVICES","2026-07-01","2026-07-31","https://www.boamp.fr/pages/avis/?q=idweb:26-64554"
"Mise en oeuvre d'une solution logicielle de gestion du Centre Municipal de Santé incluant hébergement, maintenance et reprise de données","Ville de Sevran","logiciels","Île-de-France","FOURNITURES","2026-07-01","2026-07-27","https://www.boamp.fr/pages/avis/?q=idweb:26-65059"
"La présente consultation concerne la refonte, l'hébergement et la maintenance du site internet de la Ville de Thiais. Le marché comprend l'ensemble des prestations de services dans le cadre de la...","Mairie de Thiais","logiciels","Île-de-France","SERVICES","2026-07-01","2026-07-31","https://www.boamp.fr/pages/avis/?q=idweb:26-65430"
"Outil de pilotage des risques et de la qualité - Paramétrage et périmètre fonctionnel","Coallia","prestations_num","Île-de-France","SERVICES","2026-06-30","","https://www.boamp.fr/pages/avis/?q=idweb:26-63904"
"Accord-cadre à bons de commande portant sur la fourniture et la livraison de matériel informatique","Ville de Frontignan","prestations_num","Occitanie","FOURNITURES","2026-06-30","2026-07-30","https://www.boamp.fr/pages/avis/?q=idweb:26-63876"
"MAINTENANCE DU SYSTÈME INTÉGRÉ DE GESTION DE BIBLIOTHÈQUE KOHA, DÉVELOPPEMENT ET PRESTATIONS ANNEXES","Université Jean Moulin Lyon 3","logiciels","Auvergne-Rhône-Alpes","SERVICES","2026-06-30","2026-08-25","https://www.boamp.fr/pages/avis/?q=idweb:26-64667"
"Marché public de prestations de services en cybersécurité des systèmes d'information","Gip Grades Corse e-santé","prestations_num","Corse","SERVICES","2026-06-30","2026-07-27","https://www.boamp.fr/pages/avis/?q=idweb:26-64681"
"Extension multi-territoriale, évolutions structurelles, hébergement et interopérabilité de la plateforme ÉcoBoussole","Agence Régionale du Tourisme Grand-Est","prestations_num","Grand Est","SERVICES","2026-06-30","2026-07-20","https://www.boamp.fr/pages/avis/?q=idweb:26-64787"
"Acquisition, mise en oeuvre, hébergement et maintenance d'une solution de gestion des droits de place et de l'occupation temporaire du Domaine Public","Ville de Rennes","logiciels","Bretagne","SERVICES","2026-06-29","2026-09-24","https://www.boamp.fr/pages/avis/?q=idweb:26-63979"
"Conception - réalisation de contenus de médiation numérique sur l’entreprise Majorelle dans le cadre de la rénovation de la Villa Majorelle-.","Ville de Nancy","prestations_num","Grand Est","SERVICES","2026-06-29","2026-09-01","https://www.boamp.fr/pages/avis/?q=idweb:26-64116"
"Acquisition, mise en oeuvre et maintenance d'une solution de gestion du cinéma et prestations associées pour la Ville de Neuilly-sur-Seine","Ville de Neuilly-sur-Seine","logiciels","Île-de-France","SERVICES","2026-06-29","2026-07-30","https://www.boamp.fr/pages/avis/?q=idweb:26-64217"
"Fourniture d’une solution de coffre-fort numérique à destination des agents du Département du Finistère","Département du Finistère","logiciels","Bretagne","SERVICES","2026-06-29","2026-07-28","https://www.boamp.fr/pages/avis/?q=idweb:26-64210"
"CMS DESIGNSYSTEM","AUVERGNE RHONE ALPES TOURISME","logiciels","Auvergne-Rhône-Alpes","SERVICES","2026-06-28","2026-07-28","https://www.boamp.fr/pages/avis/?q=idweb:26-63506"
"Fourniture de solutions d'infrastructure informatique (matériels, logiciels et prestations associées)","Union des Groupements d'Achats Publics","prestations_num","Île-de-France","FOURNITURES","2026-06-28","2026-07-16","https://www.boamp.fr/pages/avis/?q=idweb:26-63458"
"Solution globale de gestion du parcours patient de bout en bout, intégrant des modules basés sur des systèmes IA","RESAH","logiciels","Île-de-France","FOURNITURES","2026-06-28","2026-09-04","https://www.boamp.fr/pages/avis/?q=idweb:26-63480"
"Fourniture d'ordinateurs, de petits matériels informatiques et du matériel de téléphonies","VILLE DE FLERS","prestations_num","Normandie","FOURNITURES","2026-06-28","2026-07-27","https://www.boamp.fr/pages/avis/?q=idweb:26-63528"
"BAMAC-2026-351-BDD","MEFSIN","prestations_num","Île-de-France","SERVICES","2026-06-28","2026-07-01","https://www.boamp.fr/pages/avis/?q=idweb:26-63640"
"Mise à disposition d'une solution logicielle de gestion locative et d'intermédiation locative, et prestations associées : déploiement, intégration, paramétrage, maintenance et support.","Coallia","logiciels","Île-de-France","FOURNITURES","2026-06-27","2026-08-12","https://www.boamp.fr/pages/avis/?q=idweb:26-63167"
"Maintenance et acquisition de licences BO SAP et prestations de montée de version","Région Hauts-de-France","logiciels","Hauts-de-France","SERVICES","2026-06-27","2026-07-17","https://www.boamp.fr/pages/avis/?q=idweb:26-63180"
"REMPLACEMENT SAUVEGARDE","Centre Hospitalier Louis Constant Fleming (978)","prestations_num","Outre-mer","FOURNITURES","2026-06-27","2026-08-03","https://www.boamp.fr/pages/avis/?q=idweb:26-63299"
"Solution logicielle pour plateforme EVASYS","Université Claude Bernard Lyon 1","logiciels","Auvergne-Rhône-Alpes","SERVICES","2026-06-26","2026-08-24","https://www.boamp.fr/pages/avis/?q=idweb:26-62955"
"Prestations EXPERTISES IT","UNEDIC","prestations_num","Île-de-France","SERVICES","2026-06-26","2026-08-21","https://www.boamp.fr/pages/avis/?q=idweb:26-62783"
"MEAE_24058_DNUM","1-MMA","prestations_num","Île-de-France","FOURNITURES","2026-06-26","2026-06-27","https://www.boamp.fr/pages/avis/?q=idweb:26-62881"
"Marché public pour la fourniture de repas en liaison froide et gestion de la restauration scolaire, l'accueil périscolaire et extrascolaire.","COMMUNE DE DIEUDONNE","prestations_num","Hauts-de-France","SERVICES","2026-06-26","2026-07-15","https://www.boamp.fr/pages/avis/?q=idweb:26-63026"
"Licences, Prestations, Maintenance Et Hebergement Du Systeme D'Archivage Electronique Asalae Et De L'Orchestrateur Pastell","Département des Alpes de Haute Provence","logiciels","Provence-Alpes-Côte d'Azur","SERVICES","2026-06-26","2026-09-08","https://www.boamp.fr/pages/avis/?q=idweb:26-63652"
"Conception et production de contenus multimédia (audio, animations, vidéo) pour le guide numérique de visite du musée de l’Armée","EPA / Musée de l'Armée","prestations_num","Île-de-France","SERVICES","2026-06-26","2026-09-07","https://www.boamp.fr/pages/avis/?q=idweb:26-63681"
"Hébergement des sites et applications Web du C2RP","C2RP","prestations_num","Hauts-de-France","SERVICES","2026-06-26","2026-07-25","https://www.boamp.fr/pages/avis/?q=idweb:26-63777"
"Acquisition et maintenance d’un outil de gestion des appels et prestations associées pour un centre d'appel Relations Usagers","Département de l'Eure","logiciels","Normandie","SERVICES","2026-06-26","2026-07-17","https://www.boamp.fr/pages/avis/?q=idweb:26-63753"
"Maintenance corrective, évolutive et hébergement des applications des caméras piétons de la société Axon ou équivalent & prestations associées","Bordeaux Métropole","logiciels","Nouvelle-Aquitaine","SERVICES","2026-06-25","2026-07-28","https://www.boamp.fr/pages/avis/?q=idweb:26-62743"
"Le présent marché a pour objet l’acquisition d’un Système d’information et de gestion des identités et accès (IAM/IGA).","INST NAL DES SCIENCES APPLIQUEES LYON","logiciels","Auvergne-Rhône-Alpes","FOURNITURES","2026-06-25","2026-07-13","https://www.boamp.fr/pages/avis/?q=idweb:26-62026"
"Hébergement et infogérance architecture envoi de mail","GIP MDS","prestations_num","Île-de-France","SERVICES","2026-06-25","2026-07-31","https://www.boamp.fr/pages/avis/?q=idweb:26-62733"
"Accord-cadre de prestations de conception, développement et accompagnement de produits numériques mature","Ministères Transition écologique, Aménagement du territoire, Transports, Ville et Logement","prestations_num","Île-de-France","SERVICES","2026-06-25","2026-09-18","https://www.boamp.fr/pages/avis/?q=idweb:26-61858"
"MEAE_24058_DNUM","1-MMA","prestations_num","Île-de-France","FOURNITURES","2026-06-25","2026-06-27","https://www.boamp.fr/pages/avis/?q=idweb:26-62771"
"Accord-cadre mono-attributaire pour la supervision énergétique - Système de Management de l'Énergie (SME) pour la ville de Cergy","Commune de Cergy","logiciels","Île-de-France","SERVICES","2026-06-25","2026-07-27","https://www.boamp.fr/pages/avis/?q=idweb:26-62676"
"Prestations d'assistance et d'ingénierie informatique","OPCO SANTE","prestations_num","Occitanie","SERVICES","2026-06-25","","https://www.boamp.fr/pages/avis/?q=idweb:26-62538"
"Solutions et prestations de Business Intelligence et de valorisation de données","REGION NORMANDIE","prestations_num","Normandie","SERVICES","2026-06-25","2026-07-28","https://www.boamp.fr/pages/avis/?q=idweb:26-62741"
"Travaux d'aménagement du magasin des E.P.I. (équipements de protection individuelle)","Grenoble Alpes Metropole","prestations_num","Auvergne-Rhône-Alpes","TRAVAUX","2026-06-25","2026-07-28","https://www.boamp.fr/pages/avis/?q=idweb:26-63171"
"Maintenance du modèle de simulations multimodales des déplacements et de transport de marchandises de Nantes Métropole - N3M","Nantes Métropole","logiciels","Pays de la Loire","SERVICES","2026-06-24","2026-10-29","https://www.boamp.fr/pages/avis/?q=idweb:26-61592"
"Assistance technique, Développements et veille Data : Big Data - Maintenance et évolution de la Stack Data (Apache Kafka - Opensearch - écosystème Data ) Veille technolo","Tisséo Voyageurs","prestations_num","Occitanie","SERVICES","2026-06-24","2026-09-08","https://www.boamp.fr/pages/avis/?q=idweb:26-62364"
"Fourniture de PC portables pour le Parc national de La Réunion","PNR 974","prestations_num","La Réunion","FOURNITURES","2026-06-24","2026-07-24","https://www.boamp.fr/pages/avis/?q=idweb:26-62540"
"Achat Matériel Informatique.","AIRPARIF","prestations_num","Hauts-de-France","FOURNITURES","2026-06-24","2026-07-20","https://www.boamp.fr/pages/avis/?q=idweb:26-62439"
"Mise en oeuvre et maintenance d'une solution de Gestion électronique des Courriers et de Gestion de la Relation Usagers (Gec-Gru) - Prestations associées","Ville de Saint Etienne","prestations_num","Auvergne-Rhône-Alpes","SERVICES","2026-06-24","2026-08-24","https://www.boamp.fr/pages/avis/?q=idweb:26-62511"
"MAINTENANCE ET PRESTATIONS ASSOCIEES DES SITES INTERNET DU GHT EST-HERAULT SUD-AVEYRON","CHU de Montpellier","logiciels","Occitanie","SERVICES","2026-06-24","2026-07-30","https://www.boamp.fr/pages/avis/?q=idweb:26-61770"
"26M0227AOO - ACCES INTERNET SECURISE","Toulouse Métropole","prestations_num","Occitanie","SERVICES","2026-06-24","2026-08-07","https://www.boamp.fr/pages/avis/?q=idweb:26-61653"
"Tierce maintenance applicative (TMA) et prestations associées du système d’information au Bordereau d’Évaluation des Constructions Neuves, Réhabilitées et/ou Réutilisées (BECNR)","Commissariat au Numérique de Défense","prestations_num","Centre-Val de Loire","SERVICES","2026-06-24","","https://www.boamp.fr/pages/avis/?q=idweb:26-61635"
"Accord-cadre portant sur un soutien éditorial et digital au programme européen URBACT","ANCT.","prestations_num","Île-de-France","SERVICES","2026-06-24","2026-08-31","https://www.boamp.fr/pages/avis/?q=idweb:26-61687"
"Renouvellement de la gestion technique centralisée de la station d'épuration du Légué","Saint-Brieuc Armor Agglomération","logiciels","Bretagne","FOURNITURES","2026-06-23","2026-07-23","https://www.boamp.fr/pages/avis/?q=idweb:26-62157"
"Fourniture, mise en oeuvre et déploiement (intégrant la Tma) d'une solution de Contract Lifecycle Management (Clm)","Sas pass Culture","logiciels","Île-de-France","SERVICES","2026-06-23","2026-07-20","https://www.boamp.fr/pages/avis/?q=idweb:26-62193"
"Mise à disposition d'un système de vote dématérialisé par internet","Université du Littoral Côte d'Opale","prestations_num","Hauts-de-France","SERVICES","2026-06-22","2026-07-17","https://www.boamp.fr/pages/avis/?q=idweb:26-61649"
"Sélection d’un prestataire pour la reprise, l’évolution et l’extension de la supervision GTC (Gestion Technique Centralisée) du Centre Hospitalier de Laval","Centre Hospitalier de Laval (53)","prestations_num","Pays de la Loire","TRAVAUX","2026-06-22","2026-07-06","https://www.boamp.fr/pages/avis/?q=idweb:26-61746"
"FOURNITURE D’UN LOGICIEL DE GESTION DE LA POLICE MUNICIPALE POUR LES SERVICES DE LA COMMUNE DE PAPEETE","COMMUNE DE PAPEETE","logiciels","Île-de-France","SERVICES","2026-06-22","2026-07-20","https://www.boamp.fr/pages/avis/?q=idweb:26-61806"
"Acquisition de robot, casque réalité virtuelle, imprimante 3D et licence KOXO pour Manche Numérique et sa Centrale d'Achats","SM Manche Numérique","prestations_num","Normandie","FOURNITURES","2026-06-21","2026-07-07","https://www.boamp.fr/pages/avis/?q=idweb:26-60945"
"Accord-cadre portant sur un soutien éditorial et digital au programme européen URBACT","ANCT.","prestations_num","Île-de-France","SERVICES","2026-06-21","2026-08-31","https://www.boamp.fr/pages/avis/?q=idweb:26-60950"
"Développement et déploiement de cas d'usages C-ITS : Acquisition, installation et suivi d'équipements associés - Projet SCALE","Conseil départemental de l'Hérault","prestations_num","Occitanie","SERVICES","2026-06-21","2026-07-20","https://www.boamp.fr/pages/avis/?q=idweb:26-61190"
"Infrastructures de recharges pour bus électriques et Trambus - Tranche 2 - Programme 2027-2031 - lot 7","Rennes Métropole","prestations_num","Bretagne","SERVICES","2026-06-20","2026-07-28","https://www.boamp.fr/pages/avis/?q=idweb:26-60648"
"Prestations de fourniture, l'installation et la mise en service d'une solution de Smartcharging pour la recharge de bus et véhicules de maintenance électrique de Saint-Étienne Métropole","Saint-Etienne Métropole","logiciels","Auvergne-Rhône-Alpes","FOURNITURES","2026-06-20","2026-06-29","https://www.boamp.fr/pages/avis/?q=idweb:26-60702"
"Fournitures administratives et fournitures diverses pour les moyens généraux","Régie des eaux de Montpellier Méditerranée Métropole","prestations_num","Occitanie","FOURNITURES","2026-06-20","2026-07-20","https://www.boamp.fr/pages/avis/?q=idweb:26-60664"
"26M0227AOO - ACCES INTERNET SECURISE","Toulouse Métropole","prestations_num","Occitanie","SERVICES","2026-06-19","2026-07-20","https://www.boamp.fr/pages/avis/?q=idweb:26-60332"
"PRESTATIONS DE CONCEPTION ET D'EXPLOITATION DE MAQUETTES NUMERIQUES 3D DE LA METROPOLE NANTAISE A DES FINS DE COMMUNICATION POUR LE COMPTE DU GROUPEMENT DE COMMANDES","Nantes Métropole","logiciels","Pays de la Loire","FOURNITURES","2026-06-19","2026-07-31","https://www.boamp.fr/pages/avis/?q=idweb:26-60182"
"Fourniture, installation et maintenance d'un système de Vélos à Assistance Electrique en Libre Service (VAELS) à la Gare du Mans","Le Mans Métropole","prestations_num","Pays de la Loire","FOURNITURES","2026-06-19","2026-07-20","https://www.boamp.fr/pages/avis/?q=idweb:26-60130"
"Infrastructures de recharges pour bus électriques et Trambus - Tranche 2 - Programme 2027-2031 - Lot 6","Rennes Métropole","logiciels","Bretagne","SERVICES","2026-06-19","2026-07-28","https://www.boamp.fr/pages/avis/?q=idweb:26-60492"
"Mise à jour du moteur de calcul 3CL-DPE-2021, pour les logiciels de Diagnostic de Performance Énergétique (DPE)","DGALN","logiciels","Île-de-France","SERVICES","2026-06-19","2026-07-20","https://www.boamp.fr/pages/avis/?q=idweb:26-60896"
"Marché public ayant pour objet la fourniture d'un logiciel de gestion d'entrepôt et ses prestations associées","SGDSN","prestations_num","Île-de-France","FOURNITURES","2026-06-19","2026-07-22","https://www.boamp.fr/pages/avis/?q=idweb:26-61071"
"Développement et maintenance du système VigiESPADA","Ville de Nîmes (30)","logiciels","Occitanie","SERVICES","2026-06-18","2026-07-20","https://www.boamp.fr/pages/avis/?q=idweb:26-59825"
"ACQUISITION D'UNE INFRASTRUCTURE SERVEUR HYPERCONVERGEE DEDIE A L'HEBERGEMENT D'UN SIEM/SOC POUR LA SOCIETE AEROPORTUAIRE GUADELOUPE PÔLE CARAÏBES (SAGPC)","Société Aéroportuaire Guadeloupe Pôle Caraibes (SAGPC)","prestations_num","Guadeloupe","FOURNITURES","2026-06-18","2026-06-30","https://www.boamp.fr/pages/avis/?q=idweb:26-60043"
"Développement de modèles numériques et d'outils logiciels pour l'assainissement et le traitement des eaux","Syndicat interdépartemental pour l'assainissement de l'agglomération parisienne (SIAAP)","logiciels","Île-de-France","SERVICES","2026-06-18","2026-07-17","https://www.boamp.fr/pages/avis/?q=idweb:26-59690"
"assistance technique","CNAM..","prestations_num","Île-de-France","SERVICES","2026-06-18","2026-06-18","https://www.boamp.fr/pages/avis/?q=idweb:26-59814"
"Acquisition, déploiement, maintenance et hébergement d'un logiciel de gestion, de billetterie, de caisse, de contrôle d'accès de piscines et de fourniture d'un portail usagers pour","Saint-Lô Agglo","logiciels","Normandie","SERVICES","2026-06-18","2026-07-10","https://www.boamp.fr/pages/avis/?q=idweb:26-60338"
"FOURNITURE POSTE TRAVAIL PC BUREAUTIQUE","SDIS 54","prestations_num","Grand Est","FOURNITURES","2026-06-18","2026-08-05","https://www.boamp.fr/pages/avis/?q=idweb:26-60418"
"Marché de développement, d'exploitation et de maintenance d'une solution de gestion de mots de passe et prestations associées","Syndicat intercommunal des technologies de l'information pour les villes","prestations_num","Auvergne-Rhône-Alpes","SERVICES","2026-06-18","2026-07-17","https://www.boamp.fr/pages/avis/?q=idweb:26-60566"
"Achat d'une Plateforme Lms (Learning Management System) pour l'Ufr des Sciences de la Santé","Université Versailles Saint Quentin en Yvelines","logiciels","Île-de-France","SERVICES","2026-06-18","2026-07-10","https://www.boamp.fr/pages/avis/?q=idweb:26-60656"
"Marche De Maintien En Condition Operationnelle D'Une Plateforme Logicielle De Gestion Des Courriers - Solution Libre Maarch Courrier Et Prestations Associees","Syndicat intercommunal des technologies de l'information pour les villes","prestations_num","Auvergne-Rhône-Alpes","SERVICES","2026-06-18","2026-07-17","https://www.boamp.fr/pages/avis/?q=idweb:26-60565"
"MARCHÉ PUBLIC RELATIF A LA DÉSIGNATION D’UN OPÉRATEUR ECONOMIQUE CHARGÉ DE L’INFOGÉRANCE DU PARC INFORMATIQUE ET DES SYSTÈMES D’INFORMATION EXPLOITÉS PAR LA RTM","Régie Transports de Martinique (972)","prestations_num","Martinique","SERVICES","2026-06-18","2026-07-20","https://www.boamp.fr/pages/avis/?q=idweb:26-60770"
"Prestations de services d'infogérance du système d'information du Centre Pompidou","CENTRE POMPIDOU","prestations_num","Île-de-France","SERVICES","2026-06-17","2026-07-16","https://www.boamp.fr/pages/avis/?q=idweb:26-59145"
"Programme HORUS - Phases 3 & 4","CRPNPAC Caisse de Retraite du Personnel Navigant Professionnel de l'Aéronautique Civile","prestations_num","Île-de-France","SERVICES","2026-06-17","","https://www.boamp.fr/pages/avis/?q=idweb:26-59140"
"Mise à disposition d’une plateforme d’exploitation des données issues de la télérelève des compteurs d’eau de la Régie des eaux de Montpellier Méditerranée Métropole","Régie des eaux de Montpellier Méditerranée Métropole","logiciels","Occitanie","SERVICES","2026-06-17","2026-08-31","https://www.boamp.fr/pages/avis/?q=idweb:26-59326"
"Accord-cadre mono-attributaire à bons de commande relatif aux prestations de fourniture et d’analyse vidéos sur le réseau de la DIR Nord-Ouest","DIR Nord Ouest","prestations_num","Normandie","SERVICES","2026-06-17","2026-07-31","https://www.boamp.fr/pages/avis/?q=idweb:26-59159"
"TMA des référentiels (MDM) du CNRS","CNRS Délégation Occitanie Ouest","prestations_num","Occitanie","SERVICES","2026-06-17","2026-07-20","https://www.boamp.fr/pages/avis/?q=idweb:26-59354"
"26MC0155AOO_MHD_VP_PRESTATIONS DE CONSEIL D'EXPERTISE ET D'ASSISTANCE DANS LA SECURITE DES S.I. DE GESTION ET INDUSTRIEL","Toulouse Métropole","prestations_num","Occitanie","SERVICES","2026-06-17","2026-07-31","https://www.boamp.fr/pages/avis/?q=idweb:26-59050"
"La mise à disposition, la formation à l'utilisation ainsi que la maintenance d'une solution hébergée de détection du plagiat","Université de Lorraine","logiciels","Grand Est","FOURNITURES","2026-06-17","","https://www.boamp.fr/pages/avis/?q=idweb:26-59793"
"Accompagnement à la conception et à la réalisation d’applications de visualisation de données géographiques pour l’observatoire de la santé (projet SynopseViz)","Nantes Métropole","logiciels","Pays de la Loire","FOURNITURES","2026-06-17","2026-08-05","https://www.boamp.fr/pages/avis/?q=idweb:26-60185"
"Solution de routage IP et interconnexion de sites publics","Somme Numérique","prestations_num","Hauts-de-France","FOURNITURES","2026-06-16","2026-07-29","https://www.boamp.fr/pages/avis/?q=idweb:26-58865"
"Location d'équipements d'impression multifonction pour les besoins de la DPVa","Dracénie Provence Verdon Agglomération","prestations_num","Provence-Alpes-Côte d'Azur","FOURNITURES","2026-06-16","2026-07-17","https://www.boamp.fr/pages/avis/?q=idweb:26-58954"
"Acquisition et déploiement d'une solution de gestion de demandes d'impressions pour la Ville de Saint-Herblain","Mairie de St Herblain","logiciels","Pays de la Loire","FOURNITURES","2026-06-16","2026-07-10","https://www.boamp.fr/pages/avis/?q=idweb:26-59246"
"Marche Public De Reinformatisation Du Reseau Des Bibliotheques D'Aix-En-Provence","Mairie d'Aix-en-Provence","logiciels","Provence-Alpes-Côte d'Azur","FOURNITURES","2026-06-15","2026-07-31","https://www.boamp.fr/pages/avis/?q=idweb:26-58753"
"Fournitures administratives, Consommables, Papier du Groupement d'achats GAA 77","Commune d'Avon","prestations_num","Île-de-France","FOURNITURES","2026-06-15","2026-07-06","https://www.boamp.fr/pages/avis/?q=idweb:26-58768"
"Le présent accord-cadre a pour objet la conception et le développement d'un nouveau système d'information CORALI destiné à remplacer la solution actuellement en exploitation. Ce développement repos...","CAP Seniors Aquitaine","logiciels","Nouvelle-Aquitaine","SERVICES","2026-06-15","2026-07-16","https://www.boamp.fr/pages/avis/?q=idweb:26-58897"
"Fourniture d'un service de traçabilité amont des composants alimentaires par Block-Chain","PFC-RBT","prestations_num","Île-de-France","SERVICES","2026-06-15","2026-09-04","https://www.boamp.fr/pages/avis/?q=idweb:26-58920"
"Fourniture et mise en service d'une nouvelle solution de billetterie électronique, maintenances et prestations associées","Ville de Versailles","prestations_num","Île-de-France","FOURNITURES","2026-06-15","2026-07-10","https://www.boamp.fr/pages/avis/?q=idweb:26-59109"
"PARCOURS ECOSYSTEMIQUES BANQUE DES TERRITOIRES","CAISSE DES DEPOTS ET CONSIGNATIONS","prestations_num","Île-de-France","SERVICES","2026-06-14","2026-07-15","https://www.boamp.fr/pages/avis/?q=idweb:26-58133"
"FOURNITURES DE PRESTATIONS DE SERVICES DE CYBERSECURITE ET PRESTATIONS ASSOCIEES","CAP Territoires (60)","prestations_num","Hauts-de-France","SERVICES","2026-06-14","2026-07-30","https://www.boamp.fr/pages/avis/?q=idweb:26-58568"
"Assistance à maîtrise d'ouvrage pour la réalisation de projets informatiques","AGENCE DE GESTION DE L'IMMOBILIER DE L'ETAT","prestations_num","Île-de-France","SERVICES","2026-06-14","2026-07-24","https://www.boamp.fr/pages/avis/?q=idweb:26-58173"
"Maintenance et expertise du Système d’Information Géographique (SIG) de l’Agence de la biomédecine","Agence de la biomédecine","prestations_num","Île-de-France","SERVICES","2026-06-14","2026-07-20","https://www.boamp.fr/pages/avis/?q=idweb:26-58504"
"Prestations de mise à disposition d’une plateforme de collecte de données et de services associés dans le cadre du programme d’évaluation du dispositif des certificats d'économies d'énergie.","CSTB.","logiciels","Île-de-France","SERVICES","2026-06-14","2026-07-28","https://www.boamp.fr/pages/avis/?q=idweb:26-58387"
"Acquisition de terminaux de point de vente et de leurs accessoires au profit des Cerlces-Mess","Plateforme du Commissariat Sud-Est","prestations_num","Auvergne-Rhône-Alpes","FOURNITURES","2026-06-14","2026-06-22","https://www.boamp.fr/pages/avis/?q=idweb:26-58503"
"MARCHE DE DEMATERIALISATION DES PROCEDURES ADMINISTRATIVES","CIG Versailles","logiciels","Île-de-France","SERVICES","2026-06-13","2026-07-15","https://www.boamp.fr/pages/avis/?q=idweb:26-57889"
"Fourniture, mise en oeuvre et maintenance de services de télécommunications pour le Département de Vaucluse","Département de Vaucluse","télécoms","Provence-Alpes-Côte d'Azur","SERVICES","2026-08-08","2026-10-06","https://www.boamp.fr/pages/avis/?q=idweb:26-78684"
"Enfouissement des réseaux secs - rue Maréchal Foch à Yutz","Mairie de Yutz","télécoms","Grand Est","TRAVAUX","2026-08-07","2026-09-14","https://www.boamp.fr/pages/avis/?q=idweb:26-79091"
"Fourniture de composants électroniques, électriques et diverses pièces de rechange destinés au maintien en condition opérationnelle des matériels de télécommunication de la gendarmerie nationale","COMSOPGN","télécoms","Pays de la Loire","FOURNITURES","2026-08-02","2026-11-30","https://www.boamp.fr/pages/avis/?q=idweb:26-77019"
"Maintenance et exploitation du réseau téléphonique SAMU 59 - Centre 15, PDSA, VigilanS, E-PSY et CAP","CHU de Lille - ES du GHT HPGL","télécoms","Hauts-de-France","SERVICES","2026-07-31","2026-09-22","https://www.boamp.fr/pages/avis/?q=idweb:26-76130"
"Marché de paramétrage et maintenance du système de télécommunication des installations de l'Etablissement public du Musée d'Orsay et de l'Orangerie (EPMO-VGE).","Ets public Musées Orsay et Orangerie","télécoms","Île-de-France","SERVICES","2026-07-30","2026-09-03","https://www.boamp.fr/pages/avis/?q=idweb:26-75833"
"Service de télécommunication fixes et mobiles pour le GPMDLR","GRAND PORT MARITIME DE LA REUNION","télécoms","La Réunion","SERVICES","2026-07-29","2026-09-15","https://www.boamp.fr/pages/avis/?q=idweb:26-75371"
"Travaux d'aménagement de la caserne provisoire de Talloires","SDIS 74","télécoms","Auvergne-Rhône-Alpes","TRAVAUX","2026-07-29","2026-09-14","https://www.boamp.fr/pages/avis/?q=idweb:26-75711"
"Fourniture de services opérateur télécoms data et des prestations concourant à la bonne exécution de ces fournitures pour la CIVIS / La Réunion","CIVIS","télécoms","La Réunion","SERVICES","2026-07-26","2026-08-31","https://www.boamp.fr/pages/avis/?q=idweb:26-74052"
"Services de communications mobiles et autres prestations associées pour le compte des services de l’Etat, des ministères et leurs opérateurs ainsi que d’établissements publics et autres organismes","Direction des Achats de l'Etat","télécoms","Île-de-France","SERVICES","2026-07-26","2026-09-30","https://www.boamp.fr/pages/avis/?q=idweb:26-74318"
"Marché n°26.AO.MG.050 - Renfort de personnel au sein du télé-accueil de l'EPT Est Ensemble","Est Ensemble","télécoms","Île-de-France","SERVICES","2026-07-25","2026-09-18","https://www.boamp.fr/pages/avis/?q=idweb:26-73883"
"Services de télécommunications fixe, mobile, réseaux privés de données, Internet et hébergement.","Communauté d'Agglomération Territoire de la Côte Ouest (974)","télécoms","La Réunion","SERVICES","2026-07-24","2026-08-07","https://www.boamp.fr/pages/avis/?q=idweb:26-73734"
"Mise à disposition d'une solution de téléphonie VoIP, hébergement, maintenance et support.","Anact","télécoms","Auvergne-Rhône-Alpes","SERVICES","2026-07-23","2026-09-09","https://www.boamp.fr/pages/avis/?q=idweb:26-72933"
"Exploitation et gestion du service départemental de téléassistance ""Val'Ecoute""","Département du Val de Marne - Direction de l'Achat Public et des Marchés","télécoms","Île-de-France","SERVICES","2026-07-23","2026-09-07","https://www.boamp.fr/pages/avis/?q=idweb:26-72806"
"Réalisation de la campagne de mesures 2026/2027 pour la vérification de la fiabilité de cartes de couverture publiées par des opérateurs de réseaux mobiles en France métropolitaine.","Arcep","télécoms","Île-de-France","SERVICES","2026-07-23","2026-09-21","https://www.boamp.fr/pages/avis/?q=idweb:26-72993"
"Préparation des ouvrages pour la mise en place du réarmement à distance sur le réseau de la Direction Territoriale Bassin de la Seine et Loire Aval (DTBS)","VNF DTBS","télécoms","Hauts-de-France","TRAVAUX","2026-07-23","2026-09-30","https://www.boamp.fr/pages/avis/?q=idweb:26-73181"
"ACCOMPAGNEMENT JURIDIQUE, FISCAL ET FINANCIER DE LA SPL BOURGOGNE-FRANCHE-COMTÉ NUMÉRIQUE","SOCIETE PUBLIQUE LOCALE (SPL) BOURGOGNE-FRANCHE-COMTE NUMERIQUE","télécoms","Bourgogne-Franche-Comté","SERVICES","2026-07-23","2026-09-07","https://www.boamp.fr/pages/avis/?q=idweb:26-72907"
"Marché de maintenance, d'exploitation et d'extension de vidéoprotection","SMO Nord - Pas-de-Calais Numérique - Centrale d'achats","télécoms","Hauts-de-France","TRAVAUX","2026-07-22","2026-09-18","https://www.boamp.fr/pages/avis/?q=idweb:26-72238"
"Fourniture de services de télécommunications fixes et mobiles","SMO Nord - Pas-de-Calais Numérique - Centrale d'achats","télécoms","Hauts-de-France","SERVICES","2026-07-22","2026-09-18","https://www.boamp.fr/pages/avis/?q=idweb:26-72275"
"Services de télécommunications","SAEML Cyclea","télécoms","La Réunion","SERVICES","2026-07-21","2026-09-01","https://www.boamp.fr/pages/avis/?q=idweb:26-71849"
"Prestations de prise en charge du supplément d’appels pour la plateforme d’appels Allonantes","VILLE DE NANTES","télécoms","Pays de la Loire","SERVICES","2026-07-21","2026-09-09","https://www.boamp.fr/pages/avis/?q=idweb:26-72153"
"Prestations de service postal pour les services départementaux","Conseil Départemental de l'Essonne","télécoms","Île-de-France","SERVICES","2026-07-19","2026-08-18","https://www.boamp.fr/pages/avis/?q=idweb:26-71516"
"Fourniture de services de téléphonie fixe pour les services de la DGAC situés dans les DROM","DGAC / DNUM","télécoms","Île-de-France","SERVICES","2026-07-15","2026-09-21","https://www.boamp.fr/pages/avis/?q=idweb:26-69950"
"Fourniture de services d'interconnexions de sites et internet","Département de la Drôme","télécoms","Auvergne-Rhône-Alpes","SERVICES","2026-07-12","2026-09-10","https://www.boamp.fr/pages/avis/?q=idweb:26-69719"
"Fourniture de services de téléphonie fixe pour les services de la DGAC situés dans les DROM","DGAC / DNUM","télécoms","Île-de-France","SERVICES","2026-07-10","2026-08-26","https://www.boamp.fr/pages/avis/?q=idweb:26-68344"
"Système télématique pour la gestion de l'exploitation du parc de véhicules.","Ardelia","télécoms","Grand Est","SERVICES","2026-07-10","2026-08-14","https://www.boamp.fr/pages/avis/?q=idweb:26-69605"
"Services de réseau étendu (WAN) mutualisé pour le compte des établissements membres du GCS-SIRS-CO.","GHT HAUTE CORSE (CH BASTIA Etablissement support du GCS SIRS-CO)","télécoms","Corse","SERVICES","2026-07-09","2026-10-15","https://www.boamp.fr/pages/avis/?q=idweb:26-68136"
"Marché public de travaux d'enfouissement des réseaux basse tension, éclairage public et Télécommunications Hameau de Bourgneuf pour la commune de Rochefort-en-Yvelines (78)","Commune de Rochefort-En-Yvelines","télécoms","Île-de-France","TRAVAUX","2026-07-09","2026-08-06","https://www.boamp.fr/pages/avis/?q=idweb:26-68629"
"Location de services de liaisons télécom pour les besoins opérationnels de l'aérodrome de Saint Pierre et Miquelon","DSNA-DTI","télécoms","Outre-mer","SERVICES","2026-07-08","","https://www.boamp.fr/pages/avis/?q=idweb:26-67013"
"Fourniture de services de téléphonie fixe pour les services de la DGAC situés dans les DROM","DGAC / DNUM","télécoms","Île-de-France","SERVICES","2026-07-04","2026-08-26","https://www.boamp.fr/pages/avis/?q=idweb:26-65843"
"Fourniture d'un système automatisé d'appels en masse pour la ville de Marseille","Ville de Marseille","télécoms","Provence-Alpes-Côte d'Azur","SERVICES","2026-07-02","2026-07-08","https://www.boamp.fr/pages/avis/?q=idweb:26-64882"
"Remplacement de l'infrastructure DECT aux Hôpitaux Civils de Colmar","Hôpitaux Civils de Colmar (68)","télécoms","Grand Est","TRAVAUX","2026-07-02","2026-08-12","https://www.boamp.fr/pages/avis/?q=idweb:26-65864"
"SERVICES DE TELECOMMUNICATIONS VOIX ET DONNEES","CCAS de Saint-Pierre","télécoms","La Réunion","SERVICES","2026-07-01","2026-08-18","https://www.boamp.fr/pages/avis/?q=idweb:26-64540"
"Affaire 26A031 - Gestion du patrimoine infrastructures de communications électroniques","Chartres Métropole (28)","télécoms","Centre-Val de Loire","SERVICES","2026-07-01","2026-08-24","https://www.boamp.fr/pages/avis/?q=idweb:26-64289"
"Services de téléphonie mobile et services associés","Communauté de communes Roussillon Conflent","télécoms","Occitanie","SERVICES","2026-06-30","2026-08-17","https://www.boamp.fr/pages/avis/?q=idweb:26-64563"
"Collecte et massification du courrier de la commune de Vandœuvre les Nancy et son CCAS-.","VANDOEUVRE-LES-NANCY","télécoms","Grand Est","SERVICES","2026-06-29","2026-07-31","https://www.boamp.fr/pages/avis/?q=idweb:26-63943"
"Accord-cadre relatif à l'acquisition, la mise en oeuvre, l'exploitation et l'évolution d'une plateforme cloud souveraine pour le GIP Gigalis","Commande publique","télécoms","Pays de la Loire","SERVICES","2026-06-28","2026-07-31","https://www.boamp.fr/pages/avis/?q=idweb:26-63482"
"Service de télécommunication fixes et mobiles pour le GPMDLR","GRAND PORT MARITIME DE LA REUNION","télécoms","La Réunion","SERVICES","2026-06-28","2026-08-03","https://www.boamp.fr/pages/avis/?q=idweb:26-63594"
"Préparation des ouvrages pour la mise en place du réarmement à distance sur le réseau de la Direction Territoriale Bassin de la Seine et Loire Aval (DTBS)","VNF DTBS","télécoms","Hauts-de-France","TRAVAUX","2026-06-28","2026-07-31","https://www.boamp.fr/pages/avis/?q=idweb:26-63828"
"26DSIN125_Services de télécommunications fixe, mobile, réseaux privés de données, Internet et hébergement.","Communauté d'Agglomération Territoire de la Côte Ouest (974)","télécoms","La Réunion","SERVICES","2026-06-24","2026-07-31","https://www.boamp.fr/pages/avis/?q=idweb:26-61580"
"SERVICE DE TELEPHONIE FIXE, D'INTERCONNEXION DES SITES, D'ACCES INTERNET","PARC NATUREL REGIONAL DES LANDES DE GASCOGNE","télécoms","Nouvelle-Aquitaine","SERVICES","2026-06-24","2026-07-16","https://www.boamp.fr/pages/avis/?q=idweb:26-62500"
"Télégestion des parkings en enclos","Commune de Dinard","télécoms","Bretagne","SERVICES","2026-06-22","2026-07-10","https://www.boamp.fr/pages/avis/?q=idweb:26-61696"
"Services télécoms","Union des Groupements d'Achats Publics","télécoms","Île-de-France","SERVICES","2026-06-21","2026-07-10","https://www.boamp.fr/pages/avis/?q=idweb:26-61199"
"FOURNITURE DE SERVICES ET DE MATÉRIELS DE TELEPHONIE MOBILE POUR CHAMBRES D'AGRICULTURE FRANCE","CHAMBRES D'AGRICULTURE FRANCE","télécoms","Île-de-France","SERVICES","2026-06-19","2026-06-30","https://www.boamp.fr/pages/avis/?q=idweb:26-60175"
"Mise En Oeuvre D'Une Solution De Telephonie Externalisee Et D'Acces Data","Commune De Die","télécoms","Auvergne-Rhône-Alpes","SERVICES","2026-06-18","2026-07-17","https://www.boamp.fr/pages/avis/?q=idweb:26-60447"
"Marché de services pour équiper le tunnel de Riqueval du Réseau Radio du Futur RRF","Voies Navigables de France - Direction Territoriale Bassin de la Seine et Loire aval","télécoms","Hauts-de-France","SERVICES","2026-06-16","","https://www.boamp.fr/pages/avis/?q=idweb:26-58802"
"Éléments actifs et passifs des réseaux de transmission des Districts des Alpes du Sud, Rhône Cévennes et Urbain de la DIR Méditerranée.","DIR MED","télécoms","Provence-Alpes-Côte d'Azur","FOURNITURES","2026-06-14","2026-07-15","https://www.boamp.fr/pages/avis/?q=idweb:26-58113"
"Maintenance des réseaux de gaz médicaux et des groupes de vide des HUPSSD","AP-HP Hôpitaux Universitaires de Paris Seine Saint Denis","autre","Île-de-France","SERVICES","2026-08-12","2026-08-20","https://www.boamp.fr/pages/avis/?q=idweb:26-79505"
"Fourniture et livraison de thermosondes à résistance de platine, destinées au réseau d’observation de Météo-France.","METEO-FRANCE","autre","Occitanie","FOURNITURES","2026-08-12","2026-09-08","https://www.boamp.fr/pages/avis/?q=idweb:26-79624"
"ACCORD CADRE MONOATTRIBUTAIRE A BONS DE COMMANDE - PRESTATIONS DE LOCALISATION DE RÉSEAUX D’EAU POTABLE ET D’EAU BRUTE ENTERRÉS EXISTANTS PAR TECHNIQUES NON INTRUSIVES (DÉTECTION ET GÉORÉFÉRENCEMENT)","COMMUNAUTE INTERCOMMUNALE NORD REUNION","autre","La Réunion","SERVICES","2026-08-11","2026-09-07","https://www.boamp.fr/pages/avis/?q=idweb:26-79291"
"26041 - Maitrise d’œuvre VRD et Paysager liées à l’aménagement VRD (hors opérations de travaux uniquement d’assainissement et travaux sur les rûs et plans d’eau)","Communauté d&#039;Agglomération Paris-Vallée de la Marne","autre","Île-de-France","SERVICES","2026-08-11","2026-09-22","https://www.boamp.fr/pages/avis/?q=idweb:26-79417"
"Accord-cadre relatif aux prestations de nettoyage, curage et débouchage des réseaux d'assainissement, de séparateurs à graisses, d'installations diverses et maintenance curative","Mairie de RONCHIN","autre","Hauts-de-France","SERVICES","2026-08-11","2026-09-11","https://www.boamp.fr/pages/avis/?q=idweb:26-79310"
"Modernisation des équipements d'irrigation","Ass Synd d'Irrigation de l'Aulouze","autre","Nouvelle-Aquitaine","TRAVAUX","2026-08-11","2026-09-17","https://www.boamp.fr/pages/avis/?q=idweb:26-79574"
"Entretien et travaux de voirie, réseaux divers et aménagements urbains sur le territoire communal","Commune de Gonfreville-L-Orcher","autre","Normandie","TRAVAUX","2026-08-11","2026-09-25","https://www.boamp.fr/pages/avis/?q=idweb:26-79651"
"Acquisition, installation et mise en service d’équipements de projection cinéma numérique laser pour les cinémas de la Régie Culturelle Scènes et Cinés - Procédure d'urgence simple","Régie Culturelle Scènes et Cinés","autre","Provence-Alpes-Côte d'Azur","FOURNITURES","2026-08-11","2026-08-28","https://www.boamp.fr/pages/avis/?q=idweb:26-79616"
"Travaux de renouvellement d'un réseau d'assainissement","COMMUNAUTE D'AGGLOMERATION TARBES-LOURDES-PYRENEES","autre","Occitanie","TRAVAUX","2026-08-11","2026-09-18","https://www.boamp.fr/pages/avis/?q=idweb:26-79858"
"Extension du réseau d'irrigation sous pression","ASA L'HOPITAL LE GRAND","autre","Auvergne-Rhône-Alpes","TRAVAUX","2026-08-10","2026-09-21","https://www.boamp.fr/pages/avis/?q=idweb:26-79448"
"Accord-cadre à bons de commande - Interventions ponctuelles, branchements et réparations pour les réseaux d'eaux usées, d'eaux pluviales et d'eau potable pour 2026-2029","Communauté d'agglomération Privas Centre Ardèche","autre","Auvergne-Rhône-Alpes","TRAVAUX","2026-08-10","2026-09-29","https://www.boamp.fr/pages/avis/?q=idweb:26-79479"
"Acquisition, installation et mise en service d’équipements de projection cinéma numérique laser pour les cinémas de la Régie Culturelle Scènes et Cinés - Procédure d'urgence simple","Régie Culturelle Scènes et Cinés","autre","Provence-Alpes-Côte d'Azur","FOURNITURES","2026-08-10","2026-08-28","https://www.boamp.fr/pages/avis/?q=idweb:26-79450"
"Accord-cadre travaux d'entretien, d'aménagement et de mise en conformité de bâtiments (Lot 9 à 19)","Bordeaux Métropole","autre","Nouvelle-Aquitaine","TRAVAUX","2026-08-09","2026-09-21","https://www.boamp.fr/pages/avis/?q=idweb:26-79024"
"Nettoyage des locaux tertiaires, d'hébergement et d'hôtellerie au profit des unités ou formations bénéficiaires soutenues par le groupement de soutien du commissariat (GSC) de MOURMELON","Plate-Forme Commissariat Est","autre","Grand Est","SERVICES","2026-08-09","2026-09-21","https://www.boamp.fr/pages/avis/?q=idweb:26-79008"
"Consultation du public et des assemblées sur le projet de Sdage 2028-2033 et sur le projet de PGRI 2028-2033 : mise en ligne et hébergement des questionnaires numériques, et traitement des avis","Agence de l'eau Loire-Bretagne","autre","Centre-Val de Loire","SERVICES","2026-08-09","2026-10-01","https://www.boamp.fr/pages/avis/?q=idweb:26-79109"
"Fourniture de ressources numériques pour la médiathèque départementale - 5 lots","Conseil Départemental du Pas-de-Calais","autre","Hauts-de-France","FOURNITURES","2026-08-09","2026-09-30","https://www.boamp.fr/pages/avis/?q=idweb:26-78872"
"ACQUISITION D'UNE SOLUTION SCANNER MÉDICAL EXPERT BI- OU MULTI-ÉNERGIE POUR TOUS TYPES D'APPLICATIONS ET TOUS TYPES DE PATIENTS, Y COMPRIS CARDIOLOGIE AVANCÉE, ET RÉALISATION DE PRESTATIONS ASSOCIÉES","Centre Hospitalier d'Ajaccio Notre Dame de la Miséricorde","autre","Corse","FOURNITURES","2026-08-09","2026-10-15","https://www.boamp.fr/pages/avis/?q=idweb:26-79029"
"Requalification quartier de la Sonnetterie","COMMUNE DE PUILBOREAU","autre","Nouvelle-Aquitaine","TRAVAUX","2026-08-09","2026-09-18","https://www.boamp.fr/pages/avis/?q=idweb:26-79032"
"2026A0224 - Fourniture, livraison, plantation d’arbres et d’arbustes – installation et maintenance de réseaux d’arrosage, pour les besoins du service des parcs naturels départementaux.","Département des Alpes-Maritimes - Direction de l'Environnement de la Gestion des Risques","autre","Provence-Alpes-Côte d'Azur","FOURNITURES","2026-08-09","2026-09-21","https://www.boamp.fr/pages/avis/?q=idweb:26-78998"
"PRESTATION BIO-INFORMATIQUE POUR LA REALISATION DU DIAGNOSTIC MOLECULAIRE PAR NGS POUR LE CHU DE NANTES","44 CHU","autre","Pays de la Loire","SERVICES","2026-08-09","2026-10-02","https://www.boamp.fr/pages/avis/?q=idweb:26-79089"
"Travaux d'extension, de renforcement et de renouvellement du réseau d'alimentation en eau potable à réaliser dans le cadre du Programme 2027","Atlantic eau","autre","Pays de la Loire","TRAVAUX","2026-08-09","","https://www.boamp.fr/pages/avis/?q=idweb:26-79021"
"Opération d’assainissement des réseaux enterrés et de restauration de 5 cours (Bonaparte, Honneur, Loges, Mât américain/cheminement Lenoir, Perret) du site des Beaux-artsMalaquais, au 14 rue Bonaparte","OPPIC","autre","Île-de-France","TRAVAUX","2026-08-09","2026-09-05","https://www.boamp.fr/pages/avis/?q=idweb:26-78896"
"REALISATION DU RESEAU DE CHALEUR ET DES INSTALLATIONS ASSOCIEES SUR LE TERRITOIRE DES COMMUNES DE FONTENAY-AUX-ROSES ET SCEAUX","SPL Geosud92","autre","Île-de-France","TRAVAUX","2026-08-09","","https://www.boamp.fr/pages/avis/?q=idweb:26-79263"
"TRAVAUX RVD - AMENAGEMENT EXTERIEUR POUR LA REHABILITATION DE L'ECOLE MATERNELLE ET DE L'ECOLE EPINE GUYON","Ville de Franconville-la-Garenne","autre","Île-de-France","TRAVAUX","2026-08-09","2026-09-08","https://www.boamp.fr/pages/avis/?q=idweb:26-79269"
"Fourniture et livraison de thermosondes à résistance de platine, destinées au réseau d’observation de Météo-France.","METEO-FRANCE","autre","Occitanie","FOURNITURES","2026-08-09","2026-09-08","https://www.boamp.fr/pages/avis/?q=idweb:26-79219"
"Accords-cadres relatifs à la grande rénovation des escaliers mécaniques et des ascenseurs du réseau TCL","SYTRAL Mobilités - TRANSPORT","autre","Auvergne-Rhône-Alpes","FOURNITURES","2026-08-09","2026-09-04","https://www.boamp.fr/pages/avis/?q=idweb:26-79205"
"Prestations-services : Contrôle de réception des réseaux d'eau et d'assainissement de la Communauté Urbaine Le Havre Seine Métropole","LE HAVRE SEINE METROPOLE","autre","Normandie","SERVICES","2026-08-08","2026-09-07","https://www.boamp.fr/pages/avis/?q=idweb:26-78796"
"TRAVAUX D’ENTRETIEN, DE REPARATION ET DE REAMENAGEMENT DE BATIMENT - VRD IDF","Resah","autre","Île-de-France","TRAVAUX","2026-08-08","2026-09-07","https://www.boamp.fr/pages/avis/?q=idweb:26-78830"
"Travaux d'électrification, d'éclairage public et réseaux divers des collèges de Carpentras Centre, Carpentras Ouest, Toulourenc Ventoux, Orange, Enclave des Papes","Syndicat d'énergie vauclusien","autre","Provence-Alpes-Côte d'Azur","TRAVAUX","2026-08-08","2026-09-08","https://www.boamp.fr/pages/avis/?q=idweb:26-78826"
"Organisation et encadrement de séjours en classe découverte avec et sans hébergement pour les enfants des écoles élémentaires","Mairie des Ulis","autre","Île-de-France","SERVICES","2026-08-08","2026-09-04","https://www.boamp.fr/pages/avis/?q=idweb:26-78787"
"Travaux de renforcement de la structure et/ou de reprofilage et de renouvellement du revêtement des chaussées et des accotements et aménagements des dépendances des Routes Départementales de la Collec","COLLECTIVITE TERRITORIALE DE GUYANE","autre","Guyane","TRAVAUX","2026-08-08","2026-09-11","https://www.boamp.fr/pages/avis/?q=idweb:26-78745"
"MAINTENANCE PREVENTIVE ET CORRECTIVE DES RESEAUX GAZ MEDICAUX ET VIDE MEDICAL DU GROUPEMENT HOSPITALIER DU TERRITOIRE DU TARN ET GARONNE - GHT 82","CH MONTAUBAN","autre","Occitanie","SERVICES","2026-08-07","2026-09-28","https://www.boamp.fr/pages/avis/?q=idweb:26-78553"
"PRESTATIONS D'ENTRETIEN ET DE MAINTENANCE DES RESEAUX D'ASSAINISSEMENT ET EQUIPEMENTS STRUCTURANTS POUR LES BESOINS DU SiREDOM","Siredom","autre","Île-de-France","SERVICES","2026-08-07","2026-09-14","https://www.boamp.fr/pages/avis/?q=idweb:26-78402"
"Inspections détaillées des PPHM et Evaluation IQOA des murs de soutènements du réseau routier départemental","Département de la Savoie","autre","Auvergne-Rhône-Alpes","SERVICES","2026-08-07","2026-09-21","https://www.boamp.fr/pages/avis/?q=idweb:26-78555"
"Hébergement temporaire en hotels ou appart’hotels de ménages mis à l’abri suite à une mesure d’évacuation de leur logement sur le territoire de la Ville de Marseille (2 lots)","Ville de Marseille","autre","Provence-Alpes-Côte d'Azur","SERVICES","2026-08-07","2026-09-15","https://www.boamp.fr/pages/avis/?q=idweb:26-78247"
"Travaux d'enfouissement de réseaux rue de la Prairie et réalisation de branchements dans le cadre de la construction du centre technique intercommunal à Bozel","Communauté de communes Val Vanoise","autre","Auvergne-Rhône-Alpes","TRAVAUX","2026-08-07","2026-09-04","https://www.boamp.fr/pages/avis/?q=idweb:26-78605"
"MARCHE PUBLIC DE TRAVAUX POUR REALISATION EN BETON DE LA RUE SINTI DOI","COMMUNE DE GRAND SANTI","autre","Guyane","TRAVAUX","2026-08-07","2026-10-05","https://www.boamp.fr/pages/avis/?q=idweb:26-78314"
"LOCATION ET MAINTENANCE D'UN SYSTEME D'IMPRESSION FEUILLE A FEUILLE ""TYPE PRESSE NUMERIQUE"" AU PROF","PFC Est","autre","Hauts-de-France","FOURNITURES","2026-08-07","2026-09-14","https://www.boamp.fr/pages/avis/?q=idweb:26-78514"
"Commune de Martigues - ENTRETIEN, NETTOYAGE, CURAGE, POMPAGE DES RESEAUX ET OUVRAGES D'ASSAINISSEMENT DE LA VILLE DE MARTIGUES","COMMUNE DE MARTIGUES","autre","Provence-Alpes-Côte d'Azur","SERVICES","2026-08-07","2026-09-28","https://www.boamp.fr/pages/avis/?q=idweb:26-78434"
"Achat de nuitées d'hébergement d'urgence pour la mise à l'abri des publics précaires et vulnérables relevant de l'article L.345-2-2 du code de l'action sociale et des familles dans le département 49.","SIAO 49","autre","Pays de la Loire","SERVICES","2026-08-07","2026-08-17","https://www.boamp.fr/pages/avis/?q=idweb:26-78432"
"Fourniture et gestion des abonnements pour les journaux, revues et périodiques d’information générale et d’information spécialisée de la ville et du CCAS de Grigny","Commune de Grigny","autre","Île-de-France","SERVICES","2026-08-07","2026-09-21","https://www.boamp.fr/pages/avis/?q=idweb:26-78639"
"Création de la piste cyclable de la Tourtillère","Commune De Puilboreau","autre","Nouvelle-Aquitaine","TRAVAUX","2026-08-07","2026-09-21","https://www.boamp.fr/pages/avis/?q=idweb:26-78960"
"Travaux zone de restauration niveau 5 à l'aérogare","Aéroport de Bâle Mulhouse (68)","autre","Grand Est","TRAVAUX","2026-08-07","2026-09-11","https://www.boamp.fr/pages/avis/?q=idweb:26-78909"
"Travaux pour la requalification de la rue Pasteur et du docteur Laenec à Gargenville","Cu Grand Paris Seine & Oise","autre","Île-de-France","TRAVAUX","2026-08-07","2026-09-15","https://www.boamp.fr/pages/avis/?q=idweb:26-79072"
"Accord-cadre conception, réalisation et production de vidéos à vocation instituTionnelle, promotionnelles, marketing et commerciale pour les besoins du réseau CCI Hauts de France","CHAMBRE DE COMMERCE ET D'INDUSTRIE DE REGION HAUTS-DE-FRANCE","autre","Hauts-de-France","SERVICES","2026-08-07","2026-09-07","https://www.boamp.fr/pages/avis/?q=idweb:26-78880"
"Service de traiteur pour la Plateforme des données de santé (Pds)","Plateforme Des Donnees De Sante","autre","Île-de-France","SERVICES","2026-08-07","2026-09-24","https://www.boamp.fr/pages/avis/?q=idweb:26-79212"
"Travaux de mise en conformité des réseaux d'assainissement, de renouvellement du réseau d'eau potable et d'aménagements de la voirie du Chemin des Clefs à Thorigny sur Marne","Communaute D'Agglomeration De Marne Et Gondoire","autre","Île-de-France","TRAVAUX","2026-08-07","2026-09-07","https://www.boamp.fr/pages/avis/?q=idweb:26-79146"
"CONSTRUCTION D'UNE CHAUFFERIE ET D'UN RESEAU DE CHALEUR","Commune de Gommegnies (59)","autre","Hauts-de-France","TRAVAUX","2026-08-07","2026-10-05","https://www.boamp.fr/pages/avis/?q=idweb:26-79224"
"travaux de renouvellement de réseau d'eau potable sur Nampont et Ligescourt prévus en 2026","SIEPA de la Region de Machy","autre","Hauts-de-France","TRAVAUX","2026-08-07","2026-09-10","https://www.boamp.fr/pages/avis/?q=idweb:26-79261"
"TRAVAUX D'AMENAGEMENTS POUR LA REQUALIFICATION DE LA VOIE DES MAOUPAS BAS - ZAC DU HAMEAU DE LA BARONNE A LA GAUDE (06)","EPA ECOVALLEE PLAINE DU VAR","autre","Provence-Alpes-Côte d'Azur","TRAVAUX","2026-08-07","2026-09-21","https://www.boamp.fr/pages/avis/?q=idweb:26-79274"
"Fourniture de documents multimédias adultes et jeunes pour le réseau des médiathèques municipales de Châlons-en-Champagne","Ville de Châlons en Champagne","autre","Grand Est","FOURNITURES","2026-08-07","2026-09-14","https://www.boamp.fr/pages/avis/?q=idweb:26-79210"
"Le marché a pour objet l'aménagement des lots Ne Zac de Moulon","Etablissement public d'aménagement Paris Saclay","autre","Île-de-France","TRAVAUX","2026-08-07","2026-09-18","https://www.boamp.fr/pages/avis/?q=idweb:26-79277"
"RELOCALISATION DE L'ESPACE JEUNESSE","VILLE DU PELLERIN","autre","Pays de la Loire","TRAVAUX","2026-08-06","2026-09-21","https://www.boamp.fr/pages/avis/?q=idweb:26-77868"
"Fourniture et diffusion de données relatives aux achats des ménages en France","FRANCEAGRIMER","autre","Île-de-France","SERVICES","2026-08-06","2026-09-15","https://www.boamp.fr/pages/avis/?q=idweb:26-77970"
"26N0331 - Détection et géoréférencement de réseaux","METROPOLE NICE CÔTE D'AZUR","autre","Provence-Alpes-Côte d'Azur","SERVICES","2026-08-06","2026-10-01","https://www.boamp.fr/pages/avis/?q=idweb:26-78239"
"Accord-cadre à bons de commande pour la fourniture de matériel d'impression numérique, de vinyle, de cartouches et d'accessoires","Ville de Fort-de France","autre","Martinique","FOURNITURES","2026-08-06","2026-09-11","https://www.boamp.fr/pages/avis/?q=idweb:26-78038"
"Entretien et maintenance des réseaux et dispositifs de gestion des eaux pluviales en zone d'activités sur le territoire de la CCPO.","Cté Cnes du Pays de l'Ozon","autre","Auvergne-Rhône-Alpes","SERVICES","2026-08-06","2026-10-02","https://www.boamp.fr/pages/avis/?q=idweb:26-78200"
"Fourniture, livraison et optimisation de l'injection de nitrate de calcium pour abattement de l'H2S dans les réseaux d'assainissement du Sicoval","Sicoval - Communauté d'Agglomération","autre","Occitanie","FOURNITURES","2026-08-06","2026-09-22","https://www.boamp.fr/pages/avis/?q=idweb:26-78026"
"Rénovation de l'Espace Nautique du Grand Chalon (hors lots 6 et 7).","Le Grand Chalon","autre","Bourgogne-Franche-Comté","TRAVAUX","2026-08-06","2026-09-29","https://www.boamp.fr/pages/avis/?q=idweb:26-77979"
"Secteur AU 3 - Travaux d'aménagement urbain - Bus express Pellegrin/Thouars/Malartic","Bordeaux Métropole","autre","Nouvelle-Aquitaine","TRAVAUX","2026-08-06","2026-09-07","https://www.boamp.fr/pages/avis/?q=idweb:26-78225"
"Marché de Travaux – Place Raymond Pellecuer :Réaménagement de la place et des abords de l'école, création d'une aire de jeux et gestion des eaux pluviales.","MAIRIE DE CLAVIERS","autre","Provence-Alpes-Côte d'Azur","TRAVAUX","2026-08-06","2026-09-11","https://www.boamp.fr/pages/avis/?q=idweb:26-78209"
"Travaux voirie et réseaux divers 2026-2028","Communauté de Communes du Pays Foyen","autre","Nouvelle-Aquitaine","TRAVAUX","2026-08-06","2026-09-17","https://www.boamp.fr/pages/avis/?q=idweb:26-78570"
"Marché de prestations intellectuelles pour l'élaboration du Plan Intercommunal de Sauvegarde (PICS), des Plans Communaux de Sauvegarde et autres documents d'information préventive sur le territoire...","Communauté de Communes du Piémont Cévenol","autre","Occitanie","SERVICES","2026-08-06","2026-09-15","https://www.boamp.fr/pages/avis/?q=idweb:26-78427"
"Accord-cadre à bons de commande de maintenance et de travaux d'éclairage public et réseaux associés","Ville de Fougères","autre","Bretagne","TRAVAUX","2026-08-06","2026-09-25","https://www.boamp.fr/pages/avis/?q=idweb:26-78471"
"FOURNITURE DES CANALISATIONS FONTE ET PIÈCES DE RACCORDEMENT - PROJET RÉSERVOIR ET EXTENSION DES RÉSEAUX - UPAIX 05300","ASA DU CANAL DE VENTAVON SAINT TROPEZ","autre","Provence-Alpes-Côte d'Azur","FOURNITURES","2026-08-06","2026-09-15","https://www.boamp.fr/pages/avis/?q=idweb:26-78520"
"Travaux de construction d'une station d'épuration et de création d'un réseau de transfert d'eau usée sur la commune de Paulhac","Reseau 31","autre","Occitanie","TRAVAUX","2026-08-06","2026-09-16","https://www.boamp.fr/pages/avis/?q=idweb:26-78611"
"Construction d'un Multi-Accueil 11 Boulevard du Lapacca à Lourdes : lot n° 17 Revêtement de sol des cours intérieures","SIMAJE du Pays de Lourdes","autre","Occitanie","TRAVAUX","2026-08-06","2026-09-01","https://www.boamp.fr/pages/avis/?q=idweb:26-78726"
"Travaux d'interconnexion des réseaux d'eau potable entre le Picq et le bourg de Royère de Vassivière","SIAEP de la Haute Vallée de la Creuse","autre","Nouvelle-Aquitaine","TRAVAUX","2026-08-06","2026-09-11","https://www.boamp.fr/pages/avis/?q=idweb:26-78685"
"Travaux De Modernisation Des Réseaux D'Irrigation De La Plaine De Revel-Couffinal - Tranche 1","Reseau 31","autre","Occitanie","TRAVAUX","2026-08-06","2026-09-07","https://www.boamp.fr/pages/avis/?q=idweb:26-78739"
"Travaux de viabilisation des parcelles AN2473 et AN2234 - Porte de SOULA","Etablissement Public Foncier et d'Aménagement de la Guyane - EPFAG","autre","Guyane","TRAVAUX","2026-08-06","2026-08-31","https://www.boamp.fr/pages/avis/?q=idweb:26-78840"
"Travaux d'aménagement de l'avenue de la République (RD37) à Bagnolet entre la rue du château et la rue de la fraternité","Département de la Seine-Saint-Denis","autre","Île-de-France","TRAVAUX","2026-08-05","2026-08-25","https://www.boamp.fr/pages/avis/?q=idweb:26-77772"
"Maîtrise d'oeuvre pour les études et le suivi de travaux de renouvellement des réseaux d'eau potable et d'assainissement","MAIRIE DE GISORS","autre","Normandie","SERVICES","2026-08-05","2026-09-18","https://www.boamp.fr/pages/avis/?q=idweb:26-77645"
"Auscultation des chaussées du réseau départemental de la Loire","Département de la Loire","autre","Auvergne-Rhône-Alpes","SERVICES","2026-08-05","2026-09-15","https://www.boamp.fr/pages/avis/?q=idweb:26-77637"
"Fournitures de pièces de branchement pour les réseaux d'eau potable et d'eaux usées - Lots 1 à 6","LAMBALLE TERRE ET MER","autre","Bretagne","FOURNITURES","2026-08-05","2026-09-24","https://www.boamp.fr/pages/avis/?q=idweb:26-77667"
"Travaux de construction d'une passerelle sur l'Arve de ses raccordements - NANGY SCIENTRIER CONTAMINE SUR ARVE","Département de la Haute-Savoie","autre","Auvergne-Rhône-Alpes","TRAVAUX","2026-08-05","2026-10-15","https://www.boamp.fr/pages/avis/?q=idweb:26-77469"
"Réhabilitation de réseaux d'assainissement par chemisage","Angers Loire Metropole (49)","autre","Pays de la Loire","TRAVAUX","2026-08-05","2026-09-14","https://www.boamp.fr/pages/avis/?q=idweb:26-78147"
"Travaux de réparations, maintenance, extension et rénovation des voiries et des ouvrages associés","Ville de Bormes Les Mimosas (83)","autre","Provence-Alpes-Côte d'Azur","TRAVAUX","2026-08-05","2026-09-16","https://www.boamp.fr/pages/avis/?q=idweb:26-78157"
"Travaux d'installation de dispositifs de comptage énergétiques et leurs accessoires pour la remontée des données","Département du Doubs","autre","Bourgogne-Franche-Comté","TRAVAUX","2026-08-05","2026-09-09","https://www.boamp.fr/pages/avis/?q=idweb:26-78224"
"Commune de Presilly - Secteur chef lieu Travaux de renouvellement de la communautaire eau potable Rénovation du réseau d'eaux usées","Communauté de Communes du Genevois","autre","Auvergne-Rhône-Alpes","TRAVAUX","2026-08-05","2026-09-21","https://www.boamp.fr/pages/avis/?q=idweb:26-78094"
"MISE EN PLACE DES RESEAUX HUMIDES AU CHEMIN DES MONDRONS","Commune de Sisteron","autre","Provence-Alpes-Côte d'Azur","TRAVAUX","2026-08-05","2026-09-14","https://www.boamp.fr/pages/avis/?q=idweb:26-78136"
"Travaux de réhabilitation du réseau d'assainissement et de renouvellement du réseau d'eau potable sur les communes de Breteuil et Mesnils sur Iton","Sepase","autre","Normandie","TRAVAUX","2026-08-05","2026-09-14","https://www.boamp.fr/pages/avis/?q=idweb:26-78061"
"Communes d'Archamps et de Collonges-Sous-Saleve Renforcement réseau Aep Hameau de Chez Favre Raccordement Eu collectif - Hameau de Chez Favre Sécurisation de l'alime","Communauté de Communes du Genevois","autre","Auvergne-Rhône-Alpes","TRAVAUX","2026-08-05","2026-09-21","https://www.boamp.fr/pages/avis/?q=idweb:26-78062"
"Création du réseau d'assainissement de la commune d'Aubigny-aux-Kaisnes","Ca du Saint-Quentinois","autre","Hauts-de-France","TRAVAUX","2026-08-05","2026-09-21","https://www.boamp.fr/pages/avis/?q=idweb:26-78396"
"Entretien, maintenance et fourniture des équipements du dispositif de sécurité de la Direction de l’information légale et administrative (DILA)","SPM - DSAF","autre","Île-de-France","SERVICES","2026-08-04","2026-10-07","https://www.boamp.fr/pages/avis/?q=idweb:26-77303"
"ACCORD CADRE MONOATTRIBUTAIRE A BONS DE COMMANDE - PRESTATIONS DE LOCALISATION DE RÉSEAUX D’EAU POTABLE ET D’EAU BRUTE ENTERRÉS EXISTANTS PAR TECHNIQUES NON INTRUSIVES (DÉTECTION ET GÉORÉFÉRENCEMENT)","COMMUNAUTE INTERCOMMUNALE NORD REUNION","autre","La Réunion","SERVICES","2026-08-04","2026-08-13","https://www.boamp.fr/pages/avis/?q=idweb:26-77360"
"Travaux pour la « rénovation thermique, énergétique, renaturation des cours, mise aux normes PMR, mise aux normes techniques, production d’ENr au moyen d’installations photovoltaïques en autoconsom...","SPL Grand Ouest (974)","autre","La Réunion","TRAVAUX","2026-08-04","2026-08-25","https://www.boamp.fr/pages/avis/?q=idweb:26-77208"
"MODERNISATION DE l'IFMS - CONSTRUCTION D’UN NOUVEAU BATIMENT D’ENSEIGNEMENT, RESTRUCTURATION PARTIELLE DES EXISTANTS, AMENAGEMENTS EXTERIEURS ET ADAPTATION DES INFRASTRUCTURES ET RESEAUX ASSOCIES","CHU DE MONTPELLIER","autre","Occitanie","TRAVAUX","2026-08-04","2026-10-27","https://www.boamp.fr/pages/avis/?q=idweb:26-77384"
"Service de dépôt, retrait et transport de documents pour le réseau de lecture publique de Coeur de Flandre agglo","Communauté d'Agglomération Coeur de Flandre","autre","Hauts-de-France","SERVICES","2026-08-04","2026-09-28","https://www.boamp.fr/pages/avis/?q=idweb:26-77239"
"Rue de Pignoux - Requalification complète","Communauté d'agglomération Bourges Plus","autre","Centre-Val de Loire","TRAVAUX","2026-08-04","2026-09-14","https://www.boamp.fr/pages/avis/?q=idweb:26-77771"
"Mission de détection et géoréferencement des réseaux enterrés pour les travaux de transfert des eaux traités des STEP de St Trojan et de Grand Village","Eau17 (17)","autre","Nouvelle-Aquitaine","TRAVAUX","2026-08-04","2026-08-31","https://www.boamp.fr/pages/avis/?q=idweb:26-77636"
"Restructuration de la rue Bernard Morançais.","Ville de Compiègne","autre","Hauts-de-France","TRAVAUX","2026-08-04","2026-09-01","https://www.boamp.fr/pages/avis/?q=idweb:26-77831"
"Travaux de Voirie et Réseaux Divers sur le tronçon 1 de la Réhabilitation de l’Avenue de Rome, de la Rue de Vienne et de la Rue d’Amsterdam à Vitrolles","Métropole Aix Marseille Provence","autre","Provence-Alpes-Côte d'Azur","TRAVAUX","2026-08-04","2026-09-14","https://www.boamp.fr/pages/avis/?q=idweb:26-77623"
"MARCHES D'ASSURANCE LOT 03 : MULTIRISQUES BUREAUX SERS ET LOCAUX ANNEXES ET MULTIRISQUES INFORMATIQUE ET LOT 04 : MULTIRISQUES AUTRES IMMEUBLES POUR LA SERS","Société d'Aménagement et d'Equipement du Rhin Supérieur (67)","autre","Grand Est","SERVICES","2026-08-04","2026-10-05","https://www.boamp.fr/pages/avis/?q=idweb:26-77982"
"HEBERGEMENT AVEC PETIT-DEJEUNER POUR LA PERIODE DU 1ER AU 5 MARS 2027 POUR LE FORUM EXPLORE LES METIERS DES 3 ET 4 MARS 2027 AU PARC DES EXPOSITIONS DE DIJON","Région Bourgogne Franche-Comté","autre","Bourgogne-Franche-Comté","SERVICES","2026-08-04","2026-09-18","https://www.boamp.fr/pages/avis/?q=idweb:26-77907"
"Besançon (25) – Quartier Brun – 6ème RMAT – Bât 096 Rénovation salle polyvalente « salle Menguené »","SID NE","autre","Grand Est","TRAVAUX","2026-08-04","2026-09-21","https://www.boamp.fr/pages/avis/?q=idweb:26-78010"
"Stratégie de tarification et de distribution des réseaux de transport du Territoire de la Côte Ouest","Communauté d'Agglomération Territoire de la Côte Ouest (974)","autre","La Réunion","SERVICES","2026-08-03","2026-09-07","https://www.boamp.fr/pages/avis/?q=idweb:26-77188"
"Aménagement sécurisé Chemin de la Mouillère","Commune de Jonzac (17)","autre","Nouvelle-Aquitaine","TRAVAUX","2026-08-03","2026-09-16","https://www.boamp.fr/pages/avis/?q=idweb:26-77194"
"Travaux d’aménagement de la Place Georges Clémenceau de la Commune de Beaucaire","Ville de Beaucaire (30)","autre","Occitanie","TRAVAUX","2026-08-03","2026-09-07","https://www.boamp.fr/pages/avis/?q=idweb:26-77367"
"TRAVAUX DE CONSTRUCTION D'UN NOUVEAU BATIMENT D’ENSEIGNEMENT, RESTRUCTURATION PARTIELLE DES EXISTANTS, AMÉNAGEMENTS EXTÉRIEURS ET ADAPTATION DES INFRASTRUCTURES ET RÉSEAUX ASSOCIÉS - MAPA","CHU DE MONTPELLIER","autre","Occitanie","TRAVAUX","2026-08-03","2026-10-27","https://www.boamp.fr/pages/avis/?q=idweb:26-77383"
"TRANCHE 5 - Travaux d'interconnexion des réseaux d'eau potable. Surpresseur de ""Mouleyras"" à Alba la Romaine et réseau d'eau potable d'Alba la Romain à Saint Jean le Centenier.","Syndicat Olivier de Serres","autre","Auvergne-Rhône-Alpes","TRAVAUX","2026-08-03","2026-09-18","https://www.boamp.fr/pages/avis/?q=idweb:26-77238"
"Aménagement de la rue Auguste Comte et des deux premiers tronçons de la rue Louis Pasteur","Ville de Chevreuse","autre","Île-de-France","TRAVAUX","2026-08-03","2026-09-14","https://www.boamp.fr/pages/avis/?q=idweb:26-77265"
"Relations presse et influence pour la communication écrite, audio, audiovisuelle et numérique de MansA","MANSA-MAISON DES MONDES AFRICAINS","autre","Occitanie","SERVICES","2026-08-03","2026-09-23","https://www.boamp.fr/pages/avis/?q=idweb:26-77309"
"Marché d’assistance pour la gestion des recours déposés dans le cadre du droit au logement opposable et du droit à l’hébergement opposable en Haute-Garonne","DDETS 31","autre","Occitanie","SERVICES","2026-08-03","2026-08-24","https://www.boamp.fr/pages/avis/?q=idweb:26-77451"
"Réhabilitation des réseaux d’assainissement par méthode sans tranchée","Communauté des Communes de la Haute Saintonge","autre","Nouvelle-Aquitaine","TRAVAUX","2026-08-03","2026-09-07","https://www.boamp.fr/pages/avis/?q=idweb:26-77464"
"Travaux pour une centrale photovoltaïque au sol avec stockage batterie en autoconsommation collective sur la commune de Bréhand.","Sem Energies 22","autre","Bretagne","TRAVAUX","2026-08-03","2026-09-25","https://www.boamp.fr/pages/avis/?q=idweb:26-77510"
"Création d'un tourne à gauche à La Chapelle du Noyer (28).","SAEDEL au nom et pour le compte du Conseil Départemental d'Eure-et-Loir","autre","Centre-Val de Loire","TRAVAUX","2026-08-03","2026-09-18","https://www.boamp.fr/pages/avis/?q=idweb:26-77505"
"MARCHE DE MAITRISE D'OEUVRE POUR LA REALISATION DES TRAVAUX DE VOIRIES ET RESEAUX DIVERS A DESMARINIERES","SPL MARTINIQUE AMENAGEMENT ET EQUIPEMENT","autre","Martinique","SERVICES","2026-08-02","2026-09-09","https://www.boamp.fr/pages/avis/?q=idweb:26-76606"
"Travaux de renouvellement et de réhabilitation des réseaux d'eau potable et d'assainissement rue de Paris et rue Pierre Corneille à Saint-Etienne du Rouvray et Sotteville-lès-Rouen","Métropole Rouen Normandie","autre","Normandie","TRAVAUX","2026-08-02","2026-09-28","https://www.boamp.fr/pages/avis/?q=idweb:26-76864"
"Accord-cadre de travaux sur les réseaux d'eau sanitaire en maintenance corrective et pour des interventions ponctuelles dans le cadre d'opérations de la Ville de Strasbourg, de l'Eurométropole de Stra","Ville de Strasbourg","autre","Grand Est","TRAVAUX","2026-08-02","2026-09-15","https://www.boamp.fr/pages/avis/?q=idweb:26-76899"
"PRESTATION DE GESTION DE NUITEES HOTELIERES D’HEBERGEMENT D’URGENCE","SGAR PFRA OCCI","autre","Occitanie","SERVICES","2026-08-02","2026-09-04","https://www.boamp.fr/pages/avis/?q=idweb:26-76661"
"Amélioration des lignes de bus structurantes du réseau astuce, des parkings relais et des pôles multimodaux","MRN - Entité EPMD","autre","Normandie","TRAVAUX","2026-08-02","2026-09-28","https://www.boamp.fr/pages/avis/?q=idweb:26-76735"
"Travaux de terrassements et aménagements primaires dans le cadre de l'aménagement de la ZAC Margot à Saint-Laurent-du-Maroni","Etablissement Public Foncier et d'Aménagement de la Guyane - EPFAG","autre","Guyane","TRAVAUX","2026-08-02","2026-08-31","https://www.boamp.fr/pages/avis/?q=idweb:26-77141"
"Mise à disposition de séparateurs transposables métalliques, en béton et en plastiques sur le territoire des Yvelines et des Hauts de Seine","Département des Hauts-de-Seine","autre","Île-de-France","SERVICES","2026-08-02","2026-10-01","https://www.boamp.fr/pages/avis/?q=idweb:26-77046"
"Accord-cadre relatif aux travaux et l’exploitation du réseau d’eau potable pour la SPL les Eaux de la Confluence","Les Eaux de la Confluence","autre","Île-de-France","TRAVAUX","2026-08-02","","https://www.boamp.fr/pages/avis/?q=idweb:26-77083"
"Entretien de séparateurs/déshuileurs d'hydrocarbure, des fosses septiques, bac de rétention des locaux à DDS, des réseaux eaux usées et pluviales des installations du SYVADEC","SYVADEC","autre","Corse","SERVICES","2026-08-02","2026-09-02","https://www.boamp.fr/pages/avis/?q=idweb:26-77057"
"Travaux de voirie et réseaux 2026-2030","LIFFRE-CORMIER COMMUNAUTE","autre","Bretagne","TRAVAUX","2026-08-02","2026-09-28","https://www.boamp.fr/pages/avis/?q=idweb:26-77146"
"Prestations de géo-détection des réseaux enterrés","VILLE DE SAINT NAZAIRE","autre","Pays de la Loire","SERVICES","2026-08-02","2026-10-30","https://www.boamp.fr/pages/avis/?q=idweb:26-77108"
"Accord-cadre mono-attributaire de MOE à marchés subséquents pour des aménagements d'espaces publics, de de réseaux, de viabilisation de parcelles, de dossiers règlementaires et d'études","Commune de Flamanville","autre","Normandie","SERVICES","2026-08-01","2026-09-04","https://www.boamp.fr/pages/avis/?q=idweb:26-76378"
"Extension du réseau de tramway de Marseille entre la rue de Rome et la place du Quatre Septembre - Prestations d’écologue portant sur l’assistance dans l’application de mesures de protection de l’envi","Métropole Aix Marseille Provence","autre","Provence-Alpes-Côte d'Azur","SERVICES","2026-08-01","2026-09-22","https://www.boamp.fr/pages/avis/?q=idweb:26-76417"
"Fourniture d’abonnements à des journaux, revues et périodiques d’information imprimés et - ou numériques pour le réseau des médiathèques communautaires et les services de la Communauté d’Agglomérat...","Communauté d'Agglomération Sophia Antipolis","autre","Provence-Alpes-Côte d'Azur","FOURNITURES","2026-07-31","2026-09-23","https://www.boamp.fr/pages/avis/?q=idweb:26-75991"
"ACQUISITION DE 3 MINICARS HVO POUR L'EXPLOITATION DU RÉSEAU CHAMONIX MOBILITÉ","CC Vallée Chamonix Mont-Blanc","autre","Auvergne-Rhône-Alpes","FOURNITURES","2026-07-31","2026-09-10","https://www.boamp.fr/pages/avis/?q=idweb:26-76011"
"Fourniture, pose de mobiliers urbains et prestations de signalisation horizontale et verticale sur le réseau de Transports Carsud","COMMUNAUTE D'AGGLOMERATION DU SUD","autre","La Réunion","FOURNITURES","2026-07-31","2026-09-08","https://www.boamp.fr/pages/avis/?q=idweb:26-76096"
"ourniture d’électricité pour les sites du Centre Hospitalier des Escartons de Briançon, avec accès réseau, responsabilité d’équilibre, capacité, CEE, CPB et services associés.","CHICAS","autre","Provence-Alpes-Côte d'Azur","FOURNITURES","2026-07-31","2026-08-31","https://www.boamp.fr/pages/avis/?q=idweb:26-76204"
"Fourniture et pose de signalisation directionnelle et touristique sur le réseau routier départemental de la Loire","Département de la Loire","autre","Auvergne-Rhône-Alpes","FOURNITURES","2026-07-31","2026-09-14","https://www.boamp.fr/pages/avis/?q=idweb:26-76003"
"Accord-cadre à bons de commande pour la réalisation de travaux d'extension, de réparations urgentes, de réhabilitation des réseaux et de rénovation des ouvrages du réseau collectif EU.","Régie comm d'eau et d'ass. La Créole","autre","La Réunion","TRAVAUX","2026-07-31","","https://www.boamp.fr/pages/avis/?q=idweb:26-76314"
"FOURNITURE D'ABONNEMENTS DE JOURNAUX, REVUES ET PERIODIQUES D'INFORMATION GENERALE OU SPECIALISEE, FRANÇAIS ET ETRANGERS","RESAH","autre","Île-de-France","FOURNITURES","2026-07-31","2026-08-17","https://www.boamp.fr/pages/avis/?q=idweb:26-76146"
"Construction des réseaux d'assainissement collectif à Heulecourt et Bléquencourt","Syndicat Mixte d’Assainissement des Sablons","autre","Hauts-de-France","TRAVAUX","2026-07-31","2026-10-05","https://www.boamp.fr/pages/avis/?q=idweb:26-76149"
"ACHAT DE FOURNITURE ET MATERIEL DE BUREAU, DE CONSOMMABLES INFORMATIQUES, DE FOURNITURES SCOLAIRES ET RECREATIVES, D’ARTICLES D’EMBALLAGES ET D’ARTICLES CONNEXES","Mairie de Boulogne Billancourt","autre","Île-de-France","FOURNITURES","2026-07-31","2026-09-14","https://www.boamp.fr/pages/avis/?q=idweb:26-75936"
"2026-06 Travaux de réparation de fuites sur canalisations, branchements et accessoires de réseau d'eau potable","SERPN","autre","Normandie","TRAVAUX","2026-07-31","2026-09-21","https://www.boamp.fr/pages/avis/?q=idweb:26-75954"
"RD66 - Créneau de dépassement Vinça Est","CONSEIL DEPARTEMENTAL DES PYRENEES-ORIENTALES","autre","Occitanie","TRAVAUX","2026-07-31","2026-09-03","https://www.boamp.fr/pages/avis/?q=idweb:26-76256"
"Réalisation de travaux d'investissement et de maintenance sur le patrimoine Régional et autres","Région Guadeloupe","autre","Guadeloupe","TRAVAUX","2026-07-31","2026-09-07","https://www.boamp.fr/pages/avis/?q=idweb:26-76317"
"Le marché a pour objet la collecte et la mise en valeur des données territoriales, la conception graphique de cartographies communicantes et le cas échéant, la production de documents de communication","GRANDLYON Métropole","autre","Auvergne-Rhône-Alpes","SERVICES","2026-07-31","2026-09-24","https://www.boamp.fr/pages/avis/?q=idweb:26-76120"
"Marché d’équipements provisoires pour l’extension du réseau de tramway vers la place Quatre Septembre","Métropole Aix Marseille Provence","autre","Provence-Alpes-Côte d'Azur","TRAVAUX","2026-07-31","2026-09-21","https://www.boamp.fr/pages/avis/?q=idweb:26-76105"
"Exploitation, entretien et maintenance des usines et du réseau d'eau potable des communes du Secteur Nord de la CCS","Communauté de Communes SUNDGAU","autre","Grand Est","SERVICES","2026-07-31","2026-09-29","https://www.boamp.fr/pages/avis/?q=idweb:26-76114"
"Restructuration du Foyer de l'Enfance de Strasbourg au Neuhof - lot 25 Mobilier d'hébergement et collectif et du Foyer de l’Enfance de Haguenau.","Collectivité européenne d'Alsace","autre","Grand Est","FOURNITURES","2026-07-31","2026-09-09","https://www.boamp.fr/pages/avis/?q=idweb:26-76034"
"Travaux d'espace public secteur Segoffin (4 lots)","PARIS LA DEFENSE","autre","Île-de-France","TRAVAUX","2026-07-31","2026-09-25","https://www.boamp.fr/pages/avis/?q=idweb:26-76043"
"ROIFFE (86) Ferme de Bellevue - Valorisation des bâtiments hébergements","SID Nord-Ouest","autre","Nouvelle-Aquitaine","TRAVAUX","2026-07-31","2026-09-16","https://www.boamp.fr/pages/avis/?q=idweb:26-75994"
"Refection Des Reseaux D'Eau Chaude Sanitaire Et De Bouclage A L'Ehpad Georges Daudu De Chatres- Sur- Cher","Ch Blois Etablissement support du Ght Santé 41","autre","Centre-Val de Loire","TRAVAUX","2026-07-31","2026-09-15","https://www.boamp.fr/pages/avis/?q=idweb:26-76757"
"TRAVAUX D’AMENAGEMENT DE TERRAINS FAMILIAUX LOCATIFS A SAINT-ELOI - Réalisation de 8 bâtiments conformes aux dispositions de l’article 13 du décret n°2019-1478 du 26 décembre 2019 relatif aux aires pe","Nevers Agglomération","autre","Bourgogne-Franche-Comté","TRAVAUX","2026-07-31","2026-09-14","https://www.boamp.fr/pages/avis/?q=idweb:26-76628"
"Prestations de conseil, d’assistance et d’information en matière juridique","EPTB Eaux et Vilaine","autre","Bretagne","SERVICES","2026-07-31","2026-09-18","https://www.boamp.fr/pages/avis/?q=idweb:26-76645"
"2026-13-tx-vrd-doullens | 2026-13 Travaux d'enrobé, clôture et éclairage extérieur à la caserne de gendarmerie de Doullens (80)","SGAMI NORD","autre","Hauts-de-France","TRAVAUX","2026-07-31","2026-10-01","https://www.boamp.fr/pages/avis/?q=idweb:26-76891"
"Fourniture de peintures et de matériels d'application et de pose pour les besoins des services du Conseil Départemental du Var","Département du Var","autre","Provence-Alpes-Côte d'Azur","FOURNITURES","2026-07-31","2026-09-14","https://www.boamp.fr/pages/avis/?q=idweb:26-76734"
"CONCEPTION ET LA FABRICATION DE SUPPORTS DE MOBILIER DE COMMUNICATION, LA REALISATION DE PRESTATIONS DE COMMUNICATION VISUELLE, GRAPHIQUE, AUDIOVISUELLE ET NUMERIQUE","Mairie de Metz","autre","Grand Est","SERVICES","2026-07-31","2026-09-03","https://www.boamp.fr/pages/avis/?q=idweb:26-76756"
"26-CP13-038-MA - Prestations de sous titrage numérique de films pour les cinémas du Centre Pompidou","CENTRE POMPIDOU","autre","Île-de-France","SERVICES","2026-07-31","2026-09-18","https://www.boamp.fr/pages/avis/?q=idweb:26-76799"
"PROJET D’AMENAGEMENT BORD DE MER, COMMUNE DE MANDELIEU LA NAPOULE (3 LOTS)","Communauté d'Agglomération des Pays de Lérins (06)","autre","Provence-Alpes-Côte d'Azur","TRAVAUX","2026-07-31","2026-09-18","https://www.boamp.fr/pages/avis/?q=idweb:26-76846"
"Renouvellement du réseau d'eau potable, Avenue d'Auray et rue du Préleran, commune de Plouharnel","Auray Quiberon Terre Atlantique","autre","Bretagne","TRAVAUX","2026-07-31","2026-09-24","https://www.boamp.fr/pages/avis/?q=idweb:26-76850"
"Clermont-Ferrand (63) - Louis Gentil - Démantèlement de cuves de stockage hydrocarbures et réseaux de distributions associés","SID Sud-Est","autre","Auvergne-Rhône-Alpes","TRAVAUX","2026-07-31","2026-09-24","https://www.boamp.fr/pages/avis/?q=idweb:26-76796"
"PRESTATION D’HÉBERGEMENT TEMPORAIRE NON MÉDICALISÉ (HTNM)","Centre Hospitalier de Troyes 101, avenue Anatole France – CS 20718 – 10003 Troyes Cedex","autre","Grand Est","SERVICES","2026-07-31","2026-08-31","https://www.boamp.fr/pages/avis/?q=idweb:26-76879"
"Construction d'un accueil de loisirs sans hébergement (ALSH) et d'un restaurant scolaire des Alluets le Roi (relance des lots 2,3,7,11 et 13 de la précédente consultation).","LES ALLUETS LE ROI","autre","Île-de-France","TRAVAUX","2026-07-31","2026-09-18","https://www.boamp.fr/pages/avis/?q=idweb:26-77020"
"Pru De Villeneuve Les Salines - Requalification Du Parc Condorcet","Ville de La Rochelle","autre","Nouvelle-Aquitaine","TRAVAUX","2026-07-31","2026-09-17","https://www.boamp.fr/pages/avis/?q=idweb:26-77040"
"DIAGNOSTIC DES RÉSEAUX D'ASSAINISSEMENT","Communauté de Communes Roumois Seine","autre","Normandie","SERVICES","2026-07-31","2026-09-14","https://www.boamp.fr/pages/avis/?q=idweb:26-76949"
"Travaux de réhabilitation d'un commerce","EPFLI FONCIER COEUR DE FRANCE","autre","Centre-Val de Loire","TRAVAUX","2026-07-31","2026-09-11","https://www.boamp.fr/pages/avis/?q=idweb:26-76989"
"Travaux de sécurisation et de renforcement des réseaux - Opérations spécifiques d’envergure","Territoire d'énergie Mayenne","autre","Pays de la Loire","TRAVAUX","2026-07-31","2026-09-29","https://www.boamp.fr/pages/avis/?q=idweb:26-76935"
"Travaux de réfection d'un réseau assainissement et son poste de relevage au clot du rouzel sur la commune de Puy Saint Vincent","Communaute De Communes Du Pays Des Ecrins","autre","Provence-Alpes-Côte d'Azur","TRAVAUX","2026-07-31","2026-09-01","https://www.boamp.fr/pages/avis/?q=idweb:26-77049"
"Marché de travaux de rénovation des installations électriques (Courants Forts – CFO) et informatique (Courants Faibles – CFA) les locaux du bâtiment SGCD","DGDDI DI ANTILLES GUYANE","autre","Martinique","TRAVAUX","2026-07-31","2026-08-20","https://www.boamp.fr/pages/avis/?q=idweb:26-77010"
"Travaux de forage dirigé pour réseau d'eau potable sous voies SNCF au niveau du passage à niveau 66 sur la commune de Perrignier","THONON AGGLOMERATION","autre","Auvergne-Rhône-Alpes","TRAVAUX","2026-07-30","2026-09-25","https://www.boamp.fr/pages/avis/?q=idweb:26-75600"
"Nettoyage, curage des réseaux et ouvrages d'assainissement des sites de Châtellerault et Loudun","CHU DE POITIERS","autre","Nouvelle-Aquitaine","SERVICES","2026-07-30","2026-09-07","https://www.boamp.fr/pages/avis/?q=idweb:26-75494"
"Marché public de service d'exploitation d'un réseau de transport public urbain de voyageurs sur le territoire d'Amboise","MAIRIE D'AMBOISE","autre","Centre-Val de Loire","SERVICES","2026-07-30","2026-09-17","https://www.boamp.fr/pages/avis/?q=idweb:26-75683"
"BdD de TOURS (départements 37 et 41) - Accord cadre à bons de commande pour l’exécution de travaux et d’opérations d’entretien pour les ouvrages et composants","SID Nord-Ouest","autre","Centre-Val de Loire","TRAVAUX","2026-07-30","2026-09-30","https://www.boamp.fr/pages/avis/?q=idweb:26-75829"
"ACCORD-CADRE DE TRAVAUX DE GESTION DU PATRIMOINE ET D'INVESTISSEMENT ET D'URGENCE DU PATRIMOINE BATI, VOIRIE, RESEAUX ET ESPACES PUBLICS DU TERRITOIRE COMMUNAL DE LA VILLE DE GARDANNE","Ville de Gardanne","autre","Provence-Alpes-Côte d'Azur","TRAVAUX","2026-07-30","2026-09-14","https://www.boamp.fr/pages/avis/?q=idweb:26-75792"
"Balisage du réseau routier de la Collectivité européenne d'Alsace","Collectivité européenne d Alsace","autre","Grand Est","SERVICES","2026-07-30","2026-09-01","https://www.boamp.fr/pages/avis/?q=idweb:26-75637"
"Travaux de renforcement de la structure et/ou de reprofilage et de renouvellement du revêtement des chaussées et des accotements et aménagements des dépendances des Routes Départementales de la Collec","COLLECTIVITE TERRITORIALE DE GUYANE","autre","Guyane","TRAVAUX","2026-07-30","2026-09-03","https://www.boamp.fr/pages/avis/?q=idweb:26-75614"
"Réhabilitation CFO-CFA au Lycée Bamana","Rectorat de Mayotte","autre","La Réunion","TRAVAUX","2026-07-30","2026-09-07","https://www.boamp.fr/pages/avis/?q=idweb:26-76151"
"TARBES (65) - 35RAP - QUARTIER SOULT - Bâtiment 0008 - Rénovation de la salle de cinéma","SID Sud-Est","autre","Occitanie","TRAVAUX","2026-07-30","2026-09-29","https://www.boamp.fr/pages/avis/?q=idweb:26-76070"
"GESTION DES EAUX PLUVIALES INTERNES DU SITE DE THIEULLOY L'ABBAYE","TRINOVAL","autre","Hauts-de-France","TRAVAUX","2026-07-30","2026-09-11","https://www.boamp.fr/pages/avis/?q=idweb:26-76223"
"Travaux d'aménagement d'un îlot de fraicheur, piste de vélos ludique et aire paysagère - Ilot de fraicheur - ZAC Ferrié à LAVAL (53)","VILLE DE LAVAL","autre","Pays de la Loire","TRAVAUX","2026-07-30","2026-09-25","https://www.boamp.fr/pages/avis/?q=idweb:26-76302"
"AMO : Diagnostic organisationnel et stratégique du réseau des bibliothèques Les Balises avec préconisations d’évolution pour la Communauté Urbaine de Dunkerque","Communauté Urbaine de Dunkerque","autre","Hauts-de-France","SERVICES","2026-07-30","2026-09-10","https://www.boamp.fr/pages/avis/?q=idweb:26-76072"
"Accueil, hébergement et organisation de 3 séjours de neige en Haute Savoie, Savoie et/ou Hautes Alpes pour les enfants scolarisés sur Coudekerque-Branche","VILLE DE COUDEKERQUE BRANCHE","autre","Hauts-de-France","SERVICES","2026-07-30","2026-09-21","https://www.boamp.fr/pages/avis/?q=idweb:26-76426"
"Fourniture, installation, entretien et maintenance de panneaux d'information lumineux","VILLE DE BRUMATH","autre","Grand Est","SERVICES","2026-07-30","2026-09-07","https://www.boamp.fr/pages/avis/?q=idweb:26-76594"
"Travaux De Réaménagement De La Place Du Monument Aux Morts A Franqueville-Saint-Pierre","Mairie de Franqueville St Pierre","autre","Normandie","TRAVAUX","2026-07-30","2026-08-31","https://www.boamp.fr/pages/avis/?q=idweb:26-76451"
"Travaux de viabilisation (voiries et réseaux divers pour un groupe scolaire et une crèche Quartier Croix d'Argent) jumelés avec la gestion hydraulique et paysagère","Ville De Montpellier","autre","Occitanie","TRAVAUX","2026-07-30","2026-09-18","https://www.boamp.fr/pages/avis/?q=idweb:26-76520"
"Avis de pré-information relatif à un futur marché public de travaux pour la réhabilitation générale, la restructuration et la rénovation énergétique de l’EHPAD de Beaujeu et du site des Etoux.","HOPITAL NORD OUEST - VILLEFRANCHE SUR SAONE","autre","Auvergne-Rhône-Alpes","TRAVAUX","2026-07-30","","https://www.boamp.fr/pages/avis/?q=idweb:26-75698"
"Acquisition d'ouvrages imprimés et numériques pour l'ensemble des services du Département de la Loire","Département de la Loire","autre","Auvergne-Rhône-Alpes","FOURNITURES","2026-07-29","2026-09-08","https://www.boamp.fr/pages/avis/?q=idweb:26-75018"
"Lot 19a – Terrassements / Réseaux EP / VRD","GCS HOPITAL COMMUN SUD-AVEYRON","autre","Occitanie","TRAVAUX","2026-07-29","2026-09-11","https://www.boamp.fr/pages/avis/?q=idweb:26-75291"
"La surveillance de masses d'eau plans d'eau ; l'acquisition de données qualité sur les masses d'eau du bassin Loire-Bretagne dans le cadre de la mise en oeuvre du programme de surveillance.","Agence de l'eau Loire-Bretagne","autre","Centre-Val de Loire","SERVICES","2026-07-29","2026-09-28","https://www.boamp.fr/pages/avis/?q=idweb:26-74976"
"Entretien du réseau d’éclairage extérieur sur le patrimoine de la SEM Seine Ouest Habitat et Patrimoine","SEM SEINE OUEST HABITAT ET PATRIMOINE","autre","Île-de-France","SERVICES","2026-07-29","2026-09-30","https://www.boamp.fr/pages/avis/?q=idweb:26-75194"
"Entretien et maintenance des ouvrages et équipements relatifs aux réseaux d'eaux usées (EU), d'eaux vannes (EV), d'eaux pluviales (EP), ainsi que des stations de relevage, au sein du patrimoine imm...","SACOGIVA","autre","Provence-Alpes-Côte d'Azur","SERVICES","2026-07-29","2026-08-31","https://www.boamp.fr/pages/avis/?q=idweb:26-75357"
"Achats de nuitées d'hébergement d'urgence","DEETS MARTINIQUE","autre","Martinique","SERVICES","2026-07-29","2026-09-21","https://www.boamp.fr/pages/avis/?q=idweb:26-75055"
"CONCOURS RESTREINT DE MAÎTRISE D’OEUVRE SUR ESQUISSE RELATIF À LA CONSTRUCTION DE LA MAISON DU NUMERIQUE ET DE LA CREATION DE PAMANDZI","Ville de Pamandzi (976)","autre","Mayotte","SERVICES","2026-07-29","","https://www.boamp.fr/pages/avis/?q=idweb:26-75422"
"Réalisation des travaux d'eau potable, d'assainissement des eaux usées et des eaux pluviales et d'effacement des réseaux secs aériens - Rue Romain Rolland - Commune de Brive","Communauté d'agglomération du bassin de Brive","autre","Nouvelle-Aquitaine","TRAVAUX","2026-07-29","2026-09-18","https://www.boamp.fr/pages/avis/?q=idweb:26-75198"
"Balisage du réseau routier de la Collectivité européenne d'Alsace","Collectivité européenne d Alsace","autre","Grand Est","SERVICES","2026-07-29","2026-09-01","https://www.boamp.fr/pages/avis/?q=idweb:26-75285"
"Travaux d'établissement de nouveaux réseaux d'eau brute du Réseau Hydraulique Régional sur le territoire de Loupian (réseaux hydroagricoles)","BRL DJRSE","autre","Occitanie","TRAVAUX","2026-07-29","2026-09-21","https://www.boamp.fr/pages/avis/?q=idweb:26-75060"
"Travaux anticipés du projet MADAPTE T1 - Aéroport Guadeloupe Pôle Caraïbes (Aéroport Maryse Condé)","Société Aéroportuaire Guadeloupe Pôle Caraibes (SAGPC)","autre","Guadeloupe","TRAVAUX","2026-07-29","2026-09-10","https://www.boamp.fr/pages/avis/?q=idweb:26-74944"
"Réalisation de prestations foncières, de levers topographiques par méthode terrestre, de levers topographiques d'ouvrages d'art et de détection de réseaux","Département de la Charente Maritime","autre","Nouvelle-Aquitaine","SERVICES","2026-07-29","2026-07-27","https://www.boamp.fr/pages/avis/?q=idweb:26-75003"
"Prestations de veille média à l'échelle nationale, régionale et internationale (presse écrite, numérique et médias audiovisuels) de l'Opéra national de Paris","Opéra national de Paris","autre","Île-de-France","SERVICES","2026-07-29","2026-09-10","https://www.boamp.fr/pages/avis/?q=idweb:26-75094"
"Travaux d'espace public secteur Segoffin (4 lots)","PARIS LA DEFENSE","autre","Île-de-France","TRAVAUX","2026-07-29","2026-09-25","https://www.boamp.fr/pages/avis/?q=idweb:26-75141"
"Travaux préparatoires et de dévoiement des réseaux relatifs au projet de rénovation et d'extension de la Maison de l'Enfance - Passé selon la procédure adaptée applicable aux petits lots.","Commune LES DEUX ALPES","autre","Auvergne-Rhône-Alpes","TRAVAUX","2026-07-29","2026-08-24","https://www.boamp.fr/pages/avis/?q=idweb:26-75655"
"COMMUNE DE FENIOUX - RENOUVELLEMENT DU RESEAU D’EAU POTABLE - LA BEVINIERE - RUE DU QUEREUX","Eau17 (17)","autre","Nouvelle-Aquitaine","TRAVAUX","2026-07-29","2026-09-28","https://www.boamp.fr/pages/avis/?q=idweb:26-75771"
"Conception, réalisation, impression, livraison et fourniture des déclinaisons numériques du programme du cinéma APOLLO","Communauté de Communes des Deux Rives","autre","Occitanie","SERVICES","2026-07-29","2026-09-15","https://www.boamp.fr/pages/avis/?q=idweb:26-75802"
"Renouvellement du réseau AEP 2026-.","Commune de Luneville","autre","Grand Est","TRAVAUX","2026-07-29","2026-09-03","https://www.boamp.fr/pages/avis/?q=idweb:26-75728"
"Travaux d'amenagement des espaces verts aux abords du lycée Cournonterral","Montpellier Méditerranée Métropole","autre","Occitanie","TRAVAUX","2026-07-29","2026-09-14","https://www.boamp.fr/pages/avis/?q=idweb:26-75797"
"Travaux de création d'une installation photovoltaïque en toiture et ombrière à la cuisine centrale d'Albi","Mairie d'Albi","autre","Occitanie","TRAVAUX","2026-07-29","2026-09-11","https://www.boamp.fr/pages/avis/?q=idweb:26-75794"
"Relance - Travaux de renouvellement du réseau d'eau potable et reprise des branchements - rue du Temple à Uckange","Thionville Fensch Agglomération","autre","Grand Est","TRAVAUX","2026-07-29","2026-09-14","https://www.boamp.fr/pages/avis/?q=idweb:26-76015"
"Création de locaux pour les besoins de l’exploitation côté piste des services de transports de l’EuroAirport.","Aéroport de Bâle Mulhouse (68)","autre","Grand Est","TRAVAUX","2026-07-29","2026-09-24","https://www.boamp.fr/pages/avis/?q=idweb:26-75915"
"Travaux Renouvellement Aep / Eu Chemin De L'Ours","Cc Vallée Chamonix Mont-Blanc","autre","Auvergne-Rhône-Alpes","TRAVAUX","2026-07-29","2026-09-14","https://www.boamp.fr/pages/avis/?q=idweb:26-76017"
"Marché public de travaux pour la réhabilitation des réseaux de collecte des eaux usées et des eaux pluviales de l'avenue Paul Vaillant Couturier à Garges-lès-Gonesse.","SIAH (Syndicat Mixte d’Aménagement Hydraulique du Croult et du Petit Rosne)","autre","Île-de-France","TRAVAUX","2026-07-28","2026-09-16","https://www.boamp.fr/pages/avis/?q=idweb:26-74796"
"Fourniture de fichiers de données comptables, économiques, sociales et financières sur des entreprises préalablement sélectionnées","DGFIP-DRS","autre","Île-de-France","SERVICES","2026-07-28","2026-09-15","https://www.boamp.fr/pages/avis/?q=idweb:26-74716"
"FOURNITURE D'EQUIPEMENT DE LUMIERE SCENIQUE et REMPLACEMENT DE LA CONSOLE NUMERIQUE DE SONORISATION POUR BOCAPOLE","Communauté d'Agglomération du Bocage Bressuirais","autre","Nouvelle-Aquitaine","FOURNITURES","2026-07-28","2026-08-31","https://www.boamp.fr/pages/avis/?q=idweb:26-74779"
"Prélèvements de sédiments sur le réseau de la DTBS, analyses physico-chimiques et interprétation des résultats 2026-2030","VNF DTBS","autre","Île-de-France","SERVICES","2026-07-28","2026-09-14","https://www.boamp.fr/pages/avis/?q=idweb:26-74876"
"Travaux de curage et d’entretien des réseaux et ouvrages eaux pluviales sur le territoire de la CADEMA","Communauté d'Agglomération de Dembéni-Mamoudzou (976)","autre","Mayotte","TRAVAUX","2026-07-28","2026-09-01","https://www.boamp.fr/pages/avis/?q=idweb:26-74900"
"Entretien et exploitation des réseaux d'assainissement de Sartrouville Années 2027 - 2028 - 2029 -2030 Désignation de la personne publique et qualité du signataire du marché : Ville de Sartr","Mairie de Sartrouville","autre","Île-de-France","SERVICES","2026-07-28","2026-09-02","https://www.boamp.fr/pages/avis/?q=idweb:26-74884"
"MISSIONS D'INVESTIGATIONS COMPLEMENTAIRES ET INSPECTIONS TELEVISEES SUR RESEAUX SUR LE TERRITOIRE DE LA CIVIS","CIVIS","autre","La Réunion","SERVICES","2026-07-28","2026-09-01","https://www.boamp.fr/pages/avis/?q=idweb:26-74833"
"Accord Cadre Travaux De Reseau De Chauffage Urbain Et Sous-Stations","Etablissement public campinois de géothermie","autre","Île-de-France","TRAVAUX","2026-07-28","2026-08-20","https://www.boamp.fr/pages/avis/?q=idweb:26-75341"
"Aménagement d'un trottoir sur la Rd20","Saint-Jean-De-Tholome","autre","Auvergne-Rhône-Alpes","TRAVAUX","2026-07-28","2026-09-03","https://www.boamp.fr/pages/avis/?q=idweb:26-75366"
"AMENAGEMENT DE LA CITE DE BELLEFORIERE DANS LE CADRE DE L'ERBM","Mairie de Roost-Warendin","autre","Hauts-de-France","TRAVAUX","2026-07-28","2026-08-24","https://www.boamp.fr/pages/avis/?q=idweb:26-75477"
"Aménagement de créneau de dépassement sur la Rt40 - Secteur de Taccana (Communes d'Albitreccia et de Cardo-Torgia )","Collectivité de Corse","autre","Corse","TRAVAUX","2026-07-28","2026-09-16","https://www.boamp.fr/pages/avis/?q=idweb:26-75504"
"Renforcement de la sectorisation du réseau d'eau potable sur les secteurs Bruyères","Syndicat Des Eaux Du Bocage Virois","autre","Normandie","TRAVAUX","2026-07-28","2026-10-02","https://www.boamp.fr/pages/avis/?q=idweb:26-75501"
"Sécurisation de la route du Mont-Blanc et aménagement de la rue de la Tour de l'Ile situées sur la commune de Vougy (74130)","Communauté de Communes de Faucigny-Glières","autre","Auvergne-Rhône-Alpes","TRAVAUX","2026-07-28","2026-09-28","https://www.boamp.fr/pages/avis/?q=idweb:26-75429"
"Construction d'un drive fermier","Communauté de communes des Sablons","autre","Hauts-de-France","TRAVAUX","2026-07-28","2026-09-22","https://www.boamp.fr/pages/avis/?q=idweb:26-75470"
"Réhabilitation du réseau Aep et d'une partie du réseau Eu entre Verniols et Puech des Ouilhes sur la commune de Lacapelle-Viescamp","Ca Aurillac Agglomeration","autre","Auvergne-Rhône-Alpes","TRAVAUX","2026-07-28","2026-09-22","https://www.boamp.fr/pages/avis/?q=idweb:26-75562"
"Réalisation d'une chaufferie bois et d'un réseau de chaleur sur la commune de FRASNE","Mairie de Frasne","autre","Bourgogne-Franche-Comté","TRAVAUX","2026-07-28","2026-09-11","https://www.boamp.fr/pages/avis/?q=idweb:26-75529"
"Rd 676 - Commune de Beaumontois en Périgord - Rectification de virages","Département de la Dordogne","autre","Nouvelle-Aquitaine","TRAVAUX","2026-07-28","2026-09-01","https://www.boamp.fr/pages/avis/?q=idweb:26-75552"
"Travaux préalables à la mise en service du réseau de collecte sous vide pour la collecte de l'assainissement du secteur de Grand-Case","EEA de Saint-Martin","autre","Outre-mer","TRAVAUX","2026-07-28","2026-08-20","https://www.boamp.fr/pages/avis/?q=idweb:26-75615"
"Maintenance, petits travaux, et fourniture d'accessoires pour les réseaux d'arrosages automatiques des espaces verts du territoire de la Civis","Civis","autre","La Réunion","FOURNITURES","2026-07-27","2026-08-25","https://www.boamp.fr/pages/avis/?q=idweb:26-74831"
"Réhabilitation du réseau d'alimentation en eau potable de la rue de la Voie Creuse à Saint Germain Laval","Communauté de Communes du Pays de Montereau","autre","Île-de-France","TRAVAUX","2026-07-27","2026-09-11","https://www.boamp.fr/pages/avis/?q=idweb:26-74871"
"Création d'une halle couverte","COMMUNE DE CHESSY","autre","Auvergne-Rhône-Alpes","TRAVAUX","2026-07-27","2026-09-07","https://www.boamp.fr/pages/avis/?q=idweb:26-74700"
"Travaux de création d'un réseau d'eaux usées séparatif sur la commune d'Auterive - Tranche 2","Reseau 31","autre","Occitanie","TRAVAUX","2026-07-27","2026-08-31","https://www.boamp.fr/pages/avis/?q=idweb:26-74780"
"26-12 Travaux de Remplacement de regards et réparation de réseau assainissement des eaux usées - Avenue Jean Monnet - 84800 L'Isle/Sorgue","Cc Pays des Sorgues Monts de Vaucluse","autre","Provence-Alpes-Côte d'Azur","TRAVAUX","2026-07-27","2026-09-10","https://www.boamp.fr/pages/avis/?q=idweb:26-74956"
"MAPA 2026–036 Prestations d’Investigations Complémentaires (IC) sur des réseaux enterrés sensibles et non sensibles","Ville du Cannet (06)","autre","Provence-Alpes-Côte d'Azur","SERVICES","2026-07-27","2026-09-14","https://www.boamp.fr/pages/avis/?q=idweb:26-75065"
"Travaux d'aménagement et d'équipement du réseau de sentiers et itinérances de la zone coeur du massif du Canigó (66)","Syndicat Mixte Canigó Grand Site","autre","Occitanie","TRAVAUX","2026-07-27","2026-09-11","https://www.boamp.fr/pages/avis/?q=idweb:26-74989"
"Marché public de Travaux d'un plateau technique d'instruction NRBC (Nucléaire Radiologique Biologique Chimique) au profit de la brigade de sapeurs-pompiers de Paris","PREFECTURE DE POLICE DE PARIS","autre","Île-de-France","TRAVAUX","2026-07-27","2026-09-21","https://www.boamp.fr/pages/avis/?q=idweb:26-74991"
"Prestations de certification des comptes et de vérification des informations en matière de durabilité pour la Caisse des Dépôts (y compris le Fonds de réserve pour les retraites) et le Groupe La Poste","Caisse des depots","autre","Île-de-France","SERVICES","2026-07-26","2026-09-10","https://www.boamp.fr/pages/avis/?q=idweb:26-74246"
"Services hôtelier pour le service hébergement urgence_Lot 02 Résidence hôtelière","C.C.A.S. DE GRENOBLE","autre","Auvergne-Rhône-Alpes","SERVICES","2026-07-26","2026-09-18","https://www.boamp.fr/pages/avis/?q=idweb:26-74295"
"Fourniture et livraison de repas en liaison froide pour le restaurant scolaire et l'accueil de loisirs sans hébergement de la ville de Lignan sur Orb","Ville de Lignan sur Orb","autre","Occitanie","SERVICES","2026-07-26","2026-08-25","https://www.boamp.fr/pages/avis/?q=idweb:26-74335"
"MAITRISE D’ŒUVRE POUR LA CONSTRUCTION D’UNE CHAUFFERIE AUTOMATIQUE AU BOIS DECHIQUETE AVEC APPOINT GAZ NATUREL ET D’UN RESEAU DE CHALEUR SUR LA COMMUNAUTE DE COMMUNES DU THOUARSAIS","Communauté de Communes du Thouarsais (79)","autre","Nouvelle-Aquitaine","SERVICES","2026-07-26","2026-09-07","https://www.boamp.fr/pages/avis/?q=idweb:26-74157"
"Services d'abonnement centralisés aux ressources numériques pour les usagers du service e-medi@s et La RÉF' de Savoie et Haute-Savoie Biblio (SHSB)","Département de la Haute-Savoie","autre","Auvergne-Rhône-Alpes","SERVICES","2026-07-26","2026-09-15","https://www.boamp.fr/pages/avis/?q=idweb:26-74211"
"Concession de service public pour l'exploitation du réseau de transport urbain et des services de mobilité (réseau Marinéo) de la Communauté d'agglomération du Boulonnais (PHASE CANDIDATURE)","Communauté d'agglomération du Boulonnais","autre","Hauts-de-France","SERVICES","2026-07-26","2026-09-15","https://www.boamp.fr/pages/avis/?q=idweb:26-74330"
"Marché de travaux pour la construction du MUCAP, musée des captivités de guerre à Ravenoville, commune de Sainte-Mère-Eglise (50) - Lots 02-07-10-11-12-13","Association Warren J. Kennedy","autre","Normandie","TRAVAUX","2026-07-26","2026-07-30","https://www.boamp.fr/pages/avis/?q=idweb:26-74203"
"Connexion à Internet de la Bpi, de ses services, des usagers et agents sur l’ensemble des deux sites de la Bpi (Immeuble Renard 75004 Paris et immeuble Lumière 75012 Paris","Bibliothèque publique d'information","autre","Île-de-France","FOURNITURES","2026-07-26","2026-09-04","https://www.boamp.fr/pages/avis/?q=idweb:26-74384"
"Nettoyage et curage des réseaux et ouvrages d'assainissement de Thionville Fensch Agglomération","Thionville Fensch Agglomération","autre","Grand Est","SERVICES","2026-07-26","2026-09-14","https://www.boamp.fr/pages/avis/?q=idweb:26-74523"
"Fourniture de données pour analyses ESG - Suivi de la politique d'exclusion","Caisse des dépôts et consignations","autre","Île-de-France","SERVICES","2026-07-26","","https://www.boamp.fr/pages/avis/?q=idweb:26-74470"
"Travaux de viabilisation de la tranche 3 du secteur de Kerlinou à Brest.","Brest Métropole Aménagement","autre","Bretagne","TRAVAUX","2026-07-26","2026-09-25","https://www.boamp.fr/pages/avis/?q=idweb:26-74557"
"Travaux de suppression du giratoire de Compans et de mise aux normes des bretelles B1 et B3","DRIEAT IF","autre","Île-de-France","TRAVAUX","2026-07-26","2026-07-30","https://www.boamp.fr/pages/avis/?q=idweb:26-74586"
"TRAVAUX DE CONSTRUCTION D’UN LOCAL TRANSFORMATEUR Préalablement à l’opération de restructuration de l’hôpital d’Embrun","CHICAS","autre","Provence-Alpes-Côte d'Azur","TRAVAUX","2026-07-26","2026-09-14","https://www.boamp.fr/pages/avis/?q=idweb:26-74401"
"Accord cadre : travaux de voirie, d'aménagement et de réseaux divers","COMMUNAUTE DE COMMUNES FALAISES DU TALOU","autre","Normandie","TRAVAUX","2026-07-26","2026-09-07","https://www.boamp.fr/pages/avis/?q=idweb:26-74611"
"AO26-05 Géodétection des réseaux usées et Eaux Pluviales sur le territoire de Nevers agglomération","Communauté d&#039;agglomération de Nevers","autre","Bourgogne-Franche-Comté","SERVICES","2026-07-26","2026-08-25","https://www.boamp.fr/pages/avis/?q=idweb:26-74555"
"Le présent marché a pour objet l’achat de nuitées d’hébergement d’urgence pour la mise à l’abri des personnes ou des familles sans-domicile relevant de la compétence du SIAO 85.","GCSMS SIAO 85","autre","Pays de la Loire","SERVICES","2026-07-26","2026-07-31","https://www.boamp.fr/pages/avis/?q=idweb:26-74558"
"Travaux pour la réalisation du PEM Les Ulis","Communauté Paris-Saclay","autre","Île-de-France","TRAVAUX","2026-07-25","2026-09-11","https://www.boamp.fr/pages/avis/?q=idweb:26-74017"
"Marché public composite de maitrise d'œuvre pour l'aménagement des voies et réseaux de l'avenue du 8 mai et des centralités dans la ZAC ENCAGNANE à Aix-en-Provence","SPLA - Pays d'Aix Territoires","autre","Provence-Alpes-Côte d'Azur","SERVICES","2026-07-25","2026-09-15","https://www.boamp.fr/pages/avis/?q=idweb:26-73967"
"RELANCE SUITE A DSS : Travaux de renouvellement du collecteur intercommunal d'eaux usées et du réseau d'eau potable secteur de la viscose Lot 2 : De la fin de la rue du 19 mars 1962 jusqu'à la rue Pa","GRENOBLE ALPES METROPOLE","autre","Auvergne-Rhône-Alpes","TRAVAUX","2026-07-25","2026-09-18","https://www.boamp.fr/pages/avis/?q=idweb:26-73904"
"Accord-cadre pour les travaux sur le réseau d’alimentation en eau potable","SICASIL (06)","autre","Provence-Alpes-Côte d'Azur","TRAVAUX","2026-07-25","2026-09-11","https://www.boamp.fr/pages/avis/?q=idweb:26-74010"
"Travaux d’infrastructures pour le calculateur de Météo-France Au sein de l’Espace Clément Ader","COMUE de Toulouse","autre","Occitanie","TRAVAUX","2026-07-24","","https://www.boamp.fr/pages/avis/?q=idweb:26-73566"
"Concession de service public pour la conception, la réalisation, le financement et l’exploitation d’un réseau de chaleur sur la ville de Vitré","Communauté d'agglomération Vitré Communauté","autre","Bretagne","SERVICES","2026-07-24","","https://www.boamp.fr/pages/avis/?q=idweb:26-73554"
"Achat de nuitées d'hébergement d'urgence pour des personnes ou des familles relevant des compétences du SIAO et du Préfet de département. Lieu d'exécution des prestations : département 44.","SIAO 44","autre","Pays de la Loire","SERVICES","2026-07-24","2026-08-03","https://www.boamp.fr/pages/avis/?q=idweb:26-73764"
"Externalisation du traitement de la paie du personnel et des données sociales pour l'ensemble du personnel du groupement de commande porté par ALTEMED","ALTEMED","autre","Occitanie","SERVICES","2026-07-24","2026-09-02","https://www.boamp.fr/pages/avis/?q=idweb:26-73413"
"Accord-cadre à marchés subséquents de travaux d’électrification, d’éclairage public, de communications électroniques et de vidéoprotection et des études d’exécution afférentes","SDESM (77)","autre","Île-de-France","TRAVAUX","2026-07-24","2026-09-18","https://www.boamp.fr/pages/avis/?q=idweb:26-73394"
"ACQUISITIONS DE DONNÉES TOPOGRAPHIQUES/GÉOGRAPHIQUES ET CONTRÔLES","Métropole Aix Marseille Provence","autre","Provence-Alpes-Côte d'Azur","SERVICES","2026-07-24","2026-09-01","https://www.boamp.fr/pages/avis/?q=idweb:26-73499"
"Prestations de suivi de la démarche qualité du réseau de transports urbains sur le périmètre de Bordeaux Métropole","Bordeaux Métropole","autre","Nouvelle-Aquitaine","SERVICES","2026-07-24","2026-09-30","https://www.boamp.fr/pages/avis/?q=idweb:26-73689"
"Remplacement du mono-rail par un bi-rail du réseau de convoyage des carcasses à destination de l'abattoir de Boulogne sur Gesse","Communauté de Communes Coeur et Coteaux Comminges","autre","Occitanie","FOURNITURES","2026-07-24","2026-08-24","https://www.boamp.fr/pages/avis/?q=idweb:26-73297"
"Remplacement des réseaux eau chaude enterrés et rénovation de 3 sous-stations du site Sainte-Anne du GHU Paris Psychiatrie et Neurosciences","GHU Paris Psychiatrie et Neurosciences","autre","Île-de-France","TRAVAUX","2026-07-24","2026-09-24","https://www.boamp.fr/pages/avis/?q=idweb:26-74113"
"Travaux d'enfouissement des réseaux et aménagement de voirie de la rue des Fontaines à Milly-la-Forêt — 2 lots : voirie ; réseaux BT et éclairage public","Ville de Milly-la-Forêt","autre","Île-de-France","TRAVAUX","2026-07-24","2026-08-28","https://www.boamp.fr/pages/avis/?q=idweb:26-74313"
"CREATION ET REHABILITATION D'HEBERGEMENTS A DESTINATION DES SPORTIFS SUR LA BASE DE LOISIRS DE LERY-POSES","Syndicat Mixte de la Base Léry Poses","autre","Normandie","TRAVAUX","2026-07-24","2026-09-11","https://www.boamp.fr/pages/avis/?q=idweb:26-74094"
"Travaux de réalisation d'un parking pour le cabinet médical situé sur la Commune de Beaucaire","Ville de Beaucaire (30)","autre","Occitanie","TRAVAUX","2026-07-24","2026-09-07","https://www.boamp.fr/pages/avis/?q=idweb:26-74104"
"PRESTATION D'IMPRESSION EN OFFSET ET EN NUMERIQUE DES OUVRAGES SCIENTIFIQUES DE L'IRD","Institut de Recherche pour le Développement","autre","Provence-Alpes-Côte d'Azur","SERVICES","2026-07-24","2026-09-23","https://www.boamp.fr/pages/avis/?q=idweb:26-74101"
"SAINT PIERRE (974) - Parc des casernes - Création d'une maison des familles y compris VRD associé","DID SDS","autre","La Réunion","TRAVAUX","2026-07-24","2026-08-17","https://www.boamp.fr/pages/avis/?q=idweb:26-74320"
"Commune d’ALLAS BOCAGE - Renouvellement du réseau d’eau potable porteur de CVM Chez Pin","Eau17 (17)","autre","Nouvelle-Aquitaine","TRAVAUX","2026-07-24","2026-09-15","https://www.boamp.fr/pages/avis/?q=idweb:26-74362"
"Mise en conformité de l’eau destinée à la consommation humaine : Travaux de renouvellement du réseau d’eau potable et d’adaptations hydrauliques nécessaires - UDI de Clars - Commune d’ESCRAGNOLLES","Régie des Eaux du Canal Belletrud","autre","Provence-Alpes-Côte d'Azur","TRAVAUX","2026-07-24","2026-09-24","https://www.boamp.fr/pages/avis/?q=idweb:26-74190"
"Communes de FONTENET et ASNIERES LA GIRAUD - Programme pluriannuel de renouvellement des réseaux d’alimentation en eau potable","Eau17 (17)","autre","Nouvelle-Aquitaine","SERVICES","2026-07-24","2026-09-30","https://www.boamp.fr/pages/avis/?q=idweb:26-74392"
"Installation de pontons, travaux d’ancrages par pieux et travaux de raccordements des réseaux pour le port de Nancy","Voies Navigables de France DTNE","autre","Grand Est","TRAVAUX","2026-07-24","2026-10-02","https://www.boamp.fr/pages/avis/?q=idweb:26-74585"
"Travaux de requalification de la route de Charneuse et de la route de l'école d'agriculture","Mairie de Poisy","autre","Auvergne-Rhône-Alpes","TRAVAUX","2026-07-24","2026-09-08","https://www.boamp.fr/pages/avis/?q=idweb:26-74513"
"Travaux D'Installation D'Un Reseau D'Oxygene / Acetylene Dans L'Atelier De Chaudronnerie De La Maintenance Navale - Haropa Port Rouen (76)","Grand port fluvio maritime de l'axe Seine - Direction territoriale de Rouen","autre","Normandie","TRAVAUX","2026-07-24","2026-09-18","https://www.boamp.fr/pages/avis/?q=idweb:26-74598"
"TRAVAUX RELATIF A LA MODERNISATION DU RESEAU D'IRRIGATION SOUS PRESSION DE DUFFORT TRANCHE 1 PHASE 2","Rives et Eaux du Sud Ouest","autre","Occitanie","TRAVAUX","2026-07-24","2026-09-09","https://www.boamp.fr/pages/avis/?q=idweb:26-74582"
"Travaux de réseaux et d'aménagement de la voirie sur l'avenue des Mélèzes","Commune de Thyez","autre","Auvergne-Rhône-Alpes","TRAVAUX","2026-07-24","2026-09-24","https://www.boamp.fr/pages/avis/?q=idweb:26-74635"
"Restructuration de l'axe principal du parc d'entreprises du Confluent à Montereau-Fault-Yonne (lot 1 VRD)","Communauté de Communes du Pays de Montereau","autre","Île-de-France","TRAVAUX","2026-07-24","2026-09-15","https://www.boamp.fr/pages/avis/?q=idweb:26-74651"
"Accord-Cadre A Bons De Commande Et Subsequents Pour Les Travaux De Chaussee, De Terassement, D'Amenagement Et De Reseaux Divers Sur Le Site De L'Aeroport Guadeloupe Maryse Conde","Société Aéroportuaire Guadeloupe Pôle Caraibes (Sagpc)","autre","Guadeloupe","TRAVAUX","2026-07-24","2026-09-07","https://www.boamp.fr/pages/avis/?q=idweb:26-74667"
"TRAVAUX D'ELECTRIFICATION SUR LES OUVRAGES DES COMMUNES DU SIE SUD-DE-LA REOLE","SIE SUD-DE-LA REOLE","autre","Nouvelle-Aquitaine","TRAVAUX","2026-07-23","2026-09-04","https://www.boamp.fr/pages/avis/?q=idweb:26-73175"
"Prestations d'assistance, de conseil, d'accompagnement juridique pour le suivi et l'application du cadre réglementaire européen relatif aux dispositifs incitatifs et aux aides d'État pour les aéroport","Etablissement Public du Commerce et de l'Industrie de Corse","autre","Corse","SERVICES","2026-07-23","2026-08-07","https://www.boamp.fr/pages/avis/?q=idweb:26-72975"
"MAINTENANCE DES RÉSEAUX D’ÉVACUATION HYDRAULIQUE CURAGE, POMPAGE ET DÉGORGEMENTS DES RÉSEAUX INTÉRIEURS ET EXTÉRIEURS DES SITES DU GROUPE HOSPITALIER APHP.CENTRE UNIVERSITÉ PARIS CITÉ","Groupe Hospitalo- Universitaire AP-HP. Centre – Université Paris Cité","autre","Île-de-France","SERVICES","2026-07-23","2026-09-15","https://www.boamp.fr/pages/avis/?q=idweb:26-72988"
"Gestion d’accueils de loisirs sans hébergement (ALSH) et de projets d’animation Enfance / Jeunesse","Mairie de Cussey-Sur-l'Ognon","autre","Bourgogne-Franche-Comté","SERVICES","2026-07-23","2026-08-31","https://www.boamp.fr/pages/avis/?q=idweb:26-73104"
"MOE concernant les travaux de réfection des réseaux d’eau froide (EF) et d’eau chaude sanitaire (ECS)","CROUS de Montpellier - Occitanie","autre","Occitanie","SERVICES","2026-07-23","2026-09-02","https://www.boamp.fr/pages/avis/?q=idweb:26-72749"
"Le présent marché public a pour objet la souscription des contrats d’assurance relatifs aux travaux de construction d’un réseau de chaleur sur le domaine universitaire de Pessac-Talence-Gradignan.","GIP ENGAGEMENT ENERGIE","autre","Nouvelle-Aquitaine","SERVICES","2026-07-23","2026-09-04","https://www.boamp.fr/pages/avis/?q=idweb:26-72845"
"Extension et maintenance du dispositif de vidéoprotection et du réseau fibres optiques sur le territoire de la Communauté d'Agglomération de Grand Paris Sud","CA GRAND PARIS SUD SEINE ESSONNE SENART","autre","Île-de-France","SERVICES","2026-07-23","2026-09-28","https://www.boamp.fr/pages/avis/?q=idweb:26-73154"
"Enquêtes et suivi de la fraude à bord des trains du réseau régional TER et des Chemins de fer de Provence en Provence Alpes Côte d'Azur","Région Provence-Alpes-Côte d'Azur","autre","Provence-Alpes-Côte d'Azur","SERVICES","2026-07-23","2026-09-09","https://www.boamp.fr/pages/avis/?q=idweb:26-73184"
"Maintenance des réseaux d'égouts et dispositifs d'assainissement des bâtiments communaux","Mairie de Maisons-Laffitte","autre","Île-de-France","SERVICES","2026-07-23","2026-08-21","https://www.boamp.fr/pages/avis/?q=idweb:26-72910"
"Feeder Baud Brec'h : Travaux de création d'un réseau de transport d'eau potable DN500 reliant les communes de Baud Brec'h Chantier n°2 : Communes de Pluvigner et Brec'h","Eau du Morbihan","autre","Bretagne","TRAVAUX","2026-07-23","2026-10-27","https://www.boamp.fr/pages/avis/?q=idweb:26-72714"
"Acquisition des fonds documentaires pour l'Alpha et le Réseau Papillon lecture","Communauté d’agglomération de GrandAngoulême","autre","Nouvelle-Aquitaine","FOURNITURES","2026-07-23","2026-09-07","https://www.boamp.fr/pages/avis/?q=idweb:26-72840"
"Exploitation de la station de traitement des eaux usées (STEU) et exploitation du réseau d'eau potable de DONCHERY-.","Service Achats Responsables","autre","Grand Est","SERVICES","2026-07-23","2026-09-21","https://www.boamp.fr/pages/avis/?q=idweb:26-73259"
"Distribution En Boites Aux Lettres Du Magazine D'Information De L'Euro-Metropole De Metz","Euro-Métropole de Metz","autre","Grand Est","SERVICES","2026-07-23","2026-08-24","https://www.boamp.fr/pages/avis/?q=idweb:26-73756"
"Création d'une piste cyclable Rd 941","Conseil Départemental de la Charente","autre","Nouvelle-Aquitaine","TRAVAUX","2026-07-23","2026-08-31","https://www.boamp.fr/pages/avis/?q=idweb:26-73686"
"Travaux pour la réhabilitation des réseaux d'assainissement du quartier du parc à Vernouillet","Cu Grand Paris Seine & Oise","autre","Île-de-France","TRAVAUX","2026-07-23","2026-09-07","https://www.boamp.fr/pages/avis/?q=idweb:26-73727"
"Mission de maîtrise d’œuvre pour les travaux d’aménagement du quartier Arvor Duguesclin à Carnac","Ville de Carnac","autre","Bretagne","SERVICES","2026-07-23","2026-08-28","https://www.boamp.fr/pages/avis/?q=idweb:26-73568"
"Distribution En Boites Aux Lettres Du Magazine D'Information De La Ville De Metz","Mairie de Metz","autre","Grand Est","SERVICES","2026-07-23","2026-08-24","https://www.boamp.fr/pages/avis/?q=idweb:26-73826"
"2026-Mer072_073 - Aménagement du cimetière communal","Ville de Mérignac","autre","Nouvelle-Aquitaine","TRAVAUX","2026-07-23","2026-09-30","https://www.boamp.fr/pages/avis/?q=idweb:26-73909"
"Mission de maîtrise d’œuvre pour réalisation d'études pour travaux d'entretien d'aménagement de VRD","Commune de La Couarde sur Mer (17)","autre","Nouvelle-Aquitaine","SERVICES","2026-07-23","2026-09-21","https://www.boamp.fr/pages/avis/?q=idweb:26-73849"
"Pose de comptages et de vannes pour la sectorisation du réseau d'eau potable sur les communes de Deaux et de Vézénobres, dans le cadre du SDAEP","Alès Agglomération - REAAL","autre","Occitanie","TRAVAUX","2026-07-23","2026-09-16","https://www.boamp.fr/pages/avis/?q=idweb:26-73850"
"Travaux de voiries et réseaux divers pour l’aménagement des Parcs d’Activités, des zones d’habitations et lieux divers","Agglomération Région Compiègne","autre","Hauts-de-France","TRAVAUX","2026-07-22","2026-08-28","https://www.boamp.fr/pages/avis/?q=idweb:26-72312"
"LE NUMERIQUE - 11 rue du Luxembourg à Besançon","Territoire 25","autre","Bourgogne-Franche-Comté","SERVICES","2026-07-22","2026-09-11","https://www.boamp.fr/pages/avis/?q=idweb:26-72379"
"RD66 - Créneau de dépassement Vinça Est","CONSEIL DEPARTEMENTAL DES PYRENEES-ORIENTALES","autre","Occitanie","TRAVAUX","2026-07-22","2026-08-27","https://www.boamp.fr/pages/avis/?q=idweb:26-72579"
"25_BAM_067 Réalisation de prestations d’écoute, d’information, de conseil, de pré-saisine et d’orientation pour les centres d’appels téléphoniques du Défenseur des droits.","DSAF-SPM","autre","Île-de-France","SERVICES","2026-07-22","2026-09-02","https://www.boamp.fr/pages/avis/?q=idweb:26-72350"
"Appel d'offres ouvert en application des articles L.2124-2 , R2124-2 1°et R.2161-2 et suivants du Code de la Commande Publique - Assurance - Commune de Saint Mathieu de Tréviers","Mairie de Saint Mathieu de Tréviers","autre","Occitanie","SERVICES","2026-07-22","2026-10-09","https://www.boamp.fr/pages/avis/?q=idweb:26-72696"
"TRAVAUX D'AMENAGEMENT ET DE CREATION D'OUVRAGES SUR LE RESEAU DEPARTEMENTAL D'ASSAINISSEMENT","Département du Val-de-Marne","autre","Île-de-France","TRAVAUX","2026-07-22","2026-08-05","https://www.boamp.fr/pages/avis/?q=idweb:26-72425"
"MARCHE ACCORD-CADRE DE PRESTATIONS DE DÉTECTION, LOCALISATION, GEOREFERENCEMENT ET MARQUAGE-PIQUETAGE DES RÉSEAUX DANS L'EMPRISE DE LA CONCESSION AÉROPORTUAIRE GUADELOUPE MARYSE CONDE","Société Aéroportuaire Guadeloupe Pôle Caraibes (SAGPC)","autre","Guadeloupe","SERVICES","2026-07-22","2026-08-21","https://www.boamp.fr/pages/avis/?q=idweb:26-72364"
"Exploitation des centres de transfert, des plateformes de compostage de déchets végétaux et maintenance des ISDND en post-exploitation et des réseaux de traitement des biogaz","Trivalis (85)","autre","Pays de la Loire","SERVICES","2026-07-22","2026-09-09","https://www.boamp.fr/pages/avis/?q=idweb:26-72498"
"CREATION D'UN PARC URBAIN, AMENAGEMENT DE PLACES PUBLIQUES ET REQUALIFICATION DES RUES HONORE DE BALZAC ET BLAISE PASCAL","Ville de Nevers","autre","Bourgogne-Franche-Comté","TRAVAUX","2026-07-22","2026-07-27","https://www.boamp.fr/pages/avis/?q=idweb:26-72322"
"COLLECTE ET FOURNITURE DE DONNEES DES DEBARQUEMENTS AU PORT POUR LE SUIVI DE LA PÊCHE THONIERE TROPICALE FRANÇAISE A LA SENNE DANS L’OCEAN INDIEN","IRD-DR OCCITANIE","autre","Occitanie","SERVICES","2026-07-22","2026-08-28","https://www.boamp.fr/pages/avis/?q=idweb:26-72447"
"Bruz (département 35) – DGA Maîtrise de l’information – Projet EMPIRE PROTINUM – Travaux tous corps d’état pour créer et rénover des locaux techniques réseaux de courant fort et courant faible","SID Nord-Ouest","autre","Bretagne","TRAVAUX","2026-07-22","2026-09-11","https://www.boamp.fr/pages/avis/?q=idweb:26-73035"
"Reconsultation du lot 1-Aménagement prioritaire de l'entrée sud de la zone scolaire de Kawéni (SPPM 2)","Ville de Mamoudzou (976)","autre","Mayotte","TRAVAUX","2026-07-22","2026-08-10","https://www.boamp.fr/pages/avis/?q=idweb:26-73189"
"TRAVAUX DE CREATION DE LA BASE DE L’EQUIPE LOCALE DE SURETE PENITENTIAIRE (ELSP) AU CENTRE DE DETENTION DE SALON-DE-PROVENCE","DISP Marseille","autre","Provence-Alpes-Côte d'Azur","TRAVAUX","2026-07-22","2026-09-11","https://www.boamp.fr/pages/avis/?q=idweb:26-73167"
"La présente consultation concerne le programme de travaux de renouvellement des réseaux Eu Ep Aep et secs secteur Jabrin à Jonzieux","Mairie de Jonzieux","autre","Auvergne-Rhône-Alpes","TRAVAUX","2026-07-22","2026-09-04","https://www.boamp.fr/pages/avis/?q=idweb:26-72969"
"7034-Mandat de travaux de construction d'une maison de santé à Villetaneuse","SPL PLAINE COMMUNE DEVELOPPEMENT","autre","Île-de-France","TRAVAUX","2026-07-22","2026-09-25","https://www.boamp.fr/pages/avis/?q=idweb:26-73177"
"Dévoiements des réseaux enterrés - Lycée La versoie (74-Thonon les Bains)","Région Auvergne Rhône Alpes - DPGIL","autre","Auvergne-Rhône-Alpes","TRAVAUX","2026-07-22","2026-09-15","https://www.boamp.fr/pages/avis/?q=idweb:26-73264"
"26-10 Travaux de voirie - Création d'une liaison Avenue de la Petite Marine et Chemin des Mouissonnes - 84800 L'Isle sur la Sorgue et 84250 Le Thor","Cc Pays des Sorgues Monts de Vaucluse","autre","Provence-Alpes-Côte d'Azur","TRAVAUX","2026-07-22","2026-09-03","https://www.boamp.fr/pages/avis/?q=idweb:26-73340"
"Travaux de réhabilitation des réseaux d'assainissement et d'eau potable - avenue de Paris et rue des Sources, à Saint Martin d'Ablois-.","Communauté de Communes des Paysages de la Champagne","autre","Grand Est","TRAVAUX","2026-07-22","2026-09-04","https://www.boamp.fr/pages/avis/?q=idweb:26-73428"
"Maîtrise d’œuvre pour la création d’un réseau de transfert des effluents de Brandérion vers la STEP de Languidic","Lorient Agglomération","autre","Bretagne","SERVICES","2026-07-22","2026-09-30","https://www.boamp.fr/pages/avis/?q=idweb:26-73391"
"Avis de pré information relatif aux concessions de service public pour l'exploitation des lignes de tramways en Île-de-France - DSP n°50, DSP n°51 et DSP n°52","Ile de France Mobilités","autre","Île-de-France","SERVICES","2026-07-22","","https://www.boamp.fr/pages/avis/?q=idweb:26-72653"
"RD900-RD914 - Requalification entre le giratoire de Mailloles et le giratoire du Mas Rouma - OA2 et OA2bis","CONSEIL DEPARTEMENTAL DES PYRENEES-ORIENTALES","autre","Occitanie","TRAVAUX","2026-07-21","2026-09-03","https://www.boamp.fr/pages/avis/?q=idweb:26-71867"
"Solution logicielle hébergée de billetterie, de contrôle d'accès, de vente en ligne, de services de développement des interfaces avec solutions logicielles tierces, prestations associées d'intégrat...","Société d'Exploitation de la Tour Eiffel","autre","Île-de-France","SERVICES","2026-07-21","","https://www.boamp.fr/pages/avis/?q=idweb:26-71939"
"Droits d’usage de réseaux d’affichage sur Toulouse et son agglomération","SMIX Gaillac Cordes sur Ciel et CM","autre","Occitanie","SERVICES","2026-07-21","2026-09-17","https://www.boamp.fr/pages/avis/?q=idweb:26-72137"
"contrat de concession service public de transport relatif à la gestion et exploitation du réseau de transport de voyageurs de la communauté d’agglomération du Gard Rhodanien","Agglomération du Gard Rhodanien (30)","autre","Occitanie","SERVICES","2026-07-21","2026-10-13","https://www.boamp.fr/pages/avis/?q=idweb:26-71879"
"ACCORD CADRE RELATIF AUX TRAVAUX DE CONSTRUCTIONS DE VOIES ET DES ESPACES PUBLICS SUR LE TERRITOIRE DE LA COMMUNE D'EVRY-COURCOURONNES","Commune d'Évry-Courcouronnes","autre","Île-de-France","TRAVAUX","2026-07-21","2026-09-03","https://www.boamp.fr/pages/avis/?q=idweb:26-72047"
"Réhabilitation du réseau AEP du Syndicat, Phase 2 - Création du réservoir et, création du réseau d'adduction et distribution, Bouclage et interconnexion","Syndicat A la Carte du Prieure","autre","Bourgogne-Franche-Comté","TRAVAUX","2026-07-21","2026-08-13","https://www.boamp.fr/pages/avis/?q=idweb:26-72531"
"La présente consultation concerne le programme de travaux de renouvellement des réseaux Eu Ep Aep et secs secteur Jabrin à Jonzieux","Mairie de Jonzieux","autre","Auvergne-Rhône-Alpes","TRAVAUX","2026-07-21","2026-09-04","https://www.boamp.fr/pages/avis/?q=idweb:26-72656"
"Travaux de viabilisation et d'extension de la ZAE du Bois des Places à Égreville","CC Gâtinais Val de Loing","autre","Île-de-France","TRAVAUX","2026-07-21","2026-09-08","https://www.boamp.fr/pages/avis/?q=idweb:26-72663"
"ST DIZIER (52) – Construction d’un bâtiment dédié à l’ensemble équipe technique et instruction spécialisée (EETIS)","SID Nord-Est","autre","Grand Est","TRAVAUX","2026-07-21","2026-09-15","https://www.boamp.fr/pages/avis/?q=idweb:26-72398"
"Remplacement des installations de chauffage et création d'un réseau technique de chaleur à l'école Lacorre - Ferry","Mairie de RONCHIN","autre","Hauts-de-France","TRAVAUX","2026-07-21","2026-08-21","https://www.boamp.fr/pages/avis/?q=idweb:26-72421"
"ANIMATION ET GESTION CENTRE DE LOISIRS SANS HEBERGEMENT","COMMUNE DE DIGOSVILLE","autre","Normandie","SERVICES","2026-07-21","2026-09-09","https://www.boamp.fr/pages/avis/?q=idweb:26-72548"
"Travaux de restructuration et extension du réseau d'eaux usées-Extension du réseau eaux pluviales-Route de Caen et rue Charles Baudelaire-Extension du réseau eaux usées-Route de Sa","Communauté Urbaine Caen La Mer","autre","Normandie","TRAVAUX","2026-07-21","2026-09-08","https://www.boamp.fr/pages/avis/?q=idweb:26-72580"
"Rd3 - Pr14+640 - Aménagement d'un Giratoire Rd3/Vc5, d'un Tag Rd3/Rd256 et du nouvel accès à la fruitière - Sales","Département de la Haute-Savoie","autre","Auvergne-Rhône-Alpes","TRAVAUX","2026-07-21","2026-09-14","https://www.boamp.fr/pages/avis/?q=idweb:26-72585"
"Aménagements des abords Ilot A du centre Commercial du mail d'Allonnes","Cenovia Cites","autre","Pays de la Loire","TRAVAUX","2026-07-21","2026-09-03","https://www.boamp.fr/pages/avis/?q=idweb:26-72591"
"VRD et paysagement pour accompagner les travaux de la phase 1B portant sur la réhab de bât d'hébergements, création de chambres PMR et réhab d'un local vélo sur la commune de Saint-Paterne-le-Chevain","Maitrise d'ouvrage : CFA 3IFA, représentant de la maîtrise d'ouvrage unique composée de : - Bâtiment CFA Normandie - Institut Interconsulaire Interprofessionnel des Formations Alternées de l'Orne , 3IFA - Ecole des Travaux Publics de Normandie Mandataire agissant au nom et pour le compte de la maitrise d'ouvrage : SHEMA","autre","Normandie","TRAVAUX","2026-07-21","2026-09-25","https://www.boamp.fr/pages/avis/?q=idweb:26-72768"
"Accord-cadre pour des travaux de rénovation de Voie Ballast du réseau de tramway à Nantes","Semitan","autre","Pays de la Loire","TRAVAUX","2026-07-21","2026-08-26","https://www.boamp.fr/pages/avis/?q=idweb:26-72809"
"Extension du Tennis Pompadour - Couverture de deux courts","COMMUNE DE COMPIEGNE","autre","Hauts-de-France","TRAVAUX","2026-07-21","2026-09-25","https://www.boamp.fr/pages/avis/?q=idweb:26-72794"
"Travaux de renouvellement, renforcement et réhabilitation des réseaux d'eau potable et d'assainissement collectif sur le territoire du SIAEPA de Targon - 2027 à 2031","SIAEPA DE TARGON","autre","Nouvelle-Aquitaine","TRAVAUX","2026-07-21","2026-09-15","https://www.boamp.fr/pages/avis/?q=idweb:26-72912"
"Mise en séparatif du réseau d’assainissement, renouvellement du réseau d’eau potable, construction d’une station d’épuration par filtre plantés de roseaux et enfouissement des réseaux secs du ha...","Syndicat Intercommunal des Rives du Tarn","autre","Occitanie","TRAVAUX","2026-07-20","2026-08-27","https://www.boamp.fr/pages/avis/?q=idweb:26-72094"
"KALTENHOUSE : RENFORCEMENT DU RÉSEAU D’EAU POTABLE RUE PRINCIPALE","Communauté d&#039;Agglomération de Haguenau","autre","Grand Est","TRAVAUX","2026-07-20","2026-08-28","https://www.boamp.fr/pages/avis/?q=idweb:26-72113"
"Accord-cadre relatif à la maintenance des stations sismologiques permanentes de l’ASNR (réseau national EPOS-FR)","ASNR FONTENAY","autre","Île-de-France","SERVICES","2026-07-20","2026-09-15","https://www.boamp.fr/pages/avis/?q=idweb:26-72011"
"Création d'un parking et de ses aménagements paysagers à la faculté de sciences appliquées de Béthune","Université d'Artois","autre","Hauts-de-France","TRAVAUX","2026-07-20","2026-09-14","https://www.boamp.fr/pages/avis/?q=idweb:26-71918"
"Travaux de Voirie, Rue du Theil et Rue de Maury à Couhé - Valence-en-Poitou","Commune Nouvelle De Valence-En-Poitou","autre","Nouvelle-Aquitaine","TRAVAUX","2026-07-20","2026-09-03","https://www.boamp.fr/pages/avis/?q=idweb:26-72194"
"Accord-cadre pour l’acquisition et la livraison de fournitures de bureau, de consommables informatiques et de papiers","CDC CASTELNAUDARY LAURAGAIS AUDOIS","autre","Occitanie","FOURNITURES","2026-07-20","2026-08-12","https://www.boamp.fr/pages/avis/?q=idweb:26-72289"
"Commune de Annepont - Renouvellement des réseaux d’eau potable à risque CVM - Route de Juicq, Allée de Chez Peton et Allée du Tilleul","Eau17 (17)","autre","Nouvelle-Aquitaine","TRAVAUX","2026-07-20","2026-09-10","https://www.boamp.fr/pages/avis/?q=idweb:26-72147"
"Nouveau programme national de rénovation urbaine du quartier petit-colombes : Suppression des édicules de ventilation autour de la place Aragon","Mairie de Colombes","autre","Île-de-France","TRAVAUX","2026-07-20","2026-09-30","https://www.boamp.fr/pages/avis/?q=idweb:26-72331"
"Rue de la Grande Dîme - Zone Zac Saint Martin A Aire Sur La Lys","Communaute D'Agglomeration Du Pays De Saint-Omer","autre","Hauts-de-France","TRAVAUX","2026-07-20","2026-09-11","https://www.boamp.fr/pages/avis/?q=idweb:26-72168"
"Travaux de suppression du giratoire de Compans et de mise aux normes des bretelles B1 et B3","DRIEAT IF","autre","Île-de-France","TRAVAUX","2026-07-19","2026-07-30","https://www.boamp.fr/pages/avis/?q=idweb:26-71323"
"Travaux de renouvellement du réseau d'eau potable et des branchements d'eau, rue du chemin de fer à La Wantzenau","Eurométropole de Strasbourg","autre","Grand Est","TRAVAUX","2026-07-19","2026-08-18","https://www.boamp.fr/pages/avis/?q=idweb:26-71290"
"Mission de repérage (prélèvements et analyses) de matériaux contenant de l’amiante, du plomb et des HAP dans les réseaux d’assainissement de Paris","VILLE de PARIS - DFA - SDA","autre","Île-de-France","SERVICES","2026-07-19","2026-09-22","https://www.boamp.fr/pages/avis/?q=idweb:26-71394"
"RD 178 - Section Nord entre « Viais » et l'A83 - Maîtrise d'oeuvre des Equipements et Systèmes d'Exploitation","Conseil départemental Loire Atlantique","autre","Pays de la Loire","SERVICES","2026-07-19","2026-09-08","https://www.boamp.fr/pages/avis/?q=idweb:26-71291"
"Entretien et curage des réseaux, prestation d'astreinte/dépannage électromécanique et entretien des ouvrages de transfert et de traitement des eaux usées sur le territoire d'Agglopolys - 3 Lots.","Agglopolys (41)","autre","Centre-Val de Loire","SERVICES","2026-07-19","2026-07-24","https://www.boamp.fr/pages/avis/?q=idweb:26-71486"
"Secteur Font Pinot -Ste Félicité à Limoges FOUILLES ARCHEOLOGIQUES DU CHANTIER DE REAMENAGEMENT DES BORDS DE VIENNE (ASSAINISSEMENT, EAU POTABLE, REPRISE DE RESEAUX, VOIRIE, TROTTOIRS)","LIMOGES METROPOLE - Communauté urbaine","autre","Nouvelle-Aquitaine","SERVICES","2026-07-19","2026-08-31","https://www.boamp.fr/pages/avis/?q=idweb:26-71349"
"Conversion du réseau gravitaire du Tricastin","Syndicat d'Irrigation Drômois","autre","Auvergne-Rhône-Alpes","TRAVAUX","2026-07-19","2026-09-28","https://www.boamp.fr/pages/avis/?q=idweb:26-71358"
"Opération d’assainissement des réseaux enterrés et de restauration de 5 cours (Bonaparte, Honneur, Loges, Mât américain/cheminement Lenoir, Perret) du site des Beaux-artsMalaquais, au 14 rue Bonaparte","OPPIC","autre","Île-de-France","TRAVAUX","2026-07-19","2026-09-05","https://www.boamp.fr/pages/avis/?q=idweb:26-71496"
"Accord-cadre Prestations de géomètres (Topographie, foncier, copropriété, détection de réseaux) 2026-2030","Meldomys","autre","Pays de la Loire","SERVICES","2026-07-19","2026-09-02","https://www.boamp.fr/pages/avis/?q=idweb:26-71695"
"GYVY_Travaux d’aménagement des espaces publics - Phase 1 – Secteur Treille/ Oiseau - ZAC Grande Borne Ouest à Grigny et Viry-Chatillon (91) - 3 lots","Grand Paris Aménagement","autre","Île-de-France","TRAVAUX","2026-07-19","2026-09-30","https://www.boamp.fr/pages/avis/?q=idweb:26-71823"
"Maintenance des réseaux de gaz médicaux et des groupes de vide des HUPSSD","AP-HP Hôpitaux Universitaires de Paris Seine Saint Denis","autre","Île-de-France","SERVICES","2026-07-19","2026-08-20","https://www.boamp.fr/pages/avis/?q=idweb:26-71780"
"Travaux d'extension du groupe scolaire Erckmann Chatrian à Strasbourg. Reconsultation du lot n°02 VRD et n°24 Paysage","Ville de Strasbourg","autre","Grand Est","TRAVAUX","2026-07-19","2026-09-15","https://www.boamp.fr/pages/avis/?q=idweb:26-71576"
"2025-SID-MED-0139-Base navale de Toulon - Mandat de maîtrise d'ouvrage pour la réhabilitation des bâtiments d'hébergement Provence et Colosse","MINARM/SGA/SID/SID MED/SD AC/BAM","autre","Provence-Alpes-Côte d'Azur","SERVICES","2026-07-19","2026-09-08","https://www.boamp.fr/pages/avis/?q=idweb:26-71617"
"Exploitation et maintenance des réseaux de chaleur alimentés par des chaufferies biomasse de Territoire d'Energie Lot-et-Garonne","Territoire d&#039;Energie Lot-et-Garonne","autre","Nouvelle-Aquitaine","SERVICES","2026-07-19","2026-08-24","https://www.boamp.fr/pages/avis/?q=idweb:26-71774"
"Fourniture, pose de stations météorologiques routières et de caméras pour aide à la décision en viabilité hivernale sur le réseau routier départemental 74","Département de la Haute-Savoie","autre","Auvergne-Rhône-Alpes","FOURNITURES","2026-07-19","2026-08-17","https://www.boamp.fr/pages/avis/?q=idweb:26-71698"
"Travaux « urgences réseaux » dans le cadre du projet ECOCAMPUS -Aménagement des espaces extérieurs du campus Cité scientifique à Villeneuve d’Ascq","UNIVERSITE DE LILLE","autre","Hauts-de-France","TRAVAUX","2026-07-19","2026-09-17","https://www.boamp.fr/pages/avis/?q=idweb:26-71822"
"Accord cadre : travaux de voirie, d'aménagement et de réseaux divers","COMMUNAUTE DE COMMUNES FALAISES DU TALOU","autre","Normandie","TRAVAUX","2026-07-18","2026-08-20","https://www.boamp.fr/pages/avis/?q=idweb:26-71174"
"Accord-cadre à bons de commande et à marchés subséquents pour la réalisation des travaux de protection par peinture des ouvrages d'art et dispositifs de retenue sur le réseau routier départemental du","Conseil Départemental du Nord","autre","Hauts-de-France","TRAVAUX","2026-07-18","2026-09-11","https://www.boamp.fr/pages/avis/?q=idweb:26-71113"
"Travaux de construction d'un pôle culturel à Cognac. Relance Lot 19 - VRD - Espaces Verts","Communauté d'Agglomération Grand Cognac","autre","Nouvelle-Aquitaine","TRAVAUX","2026-07-18","2026-09-14","https://www.boamp.fr/pages/avis/?q=idweb:26-71117"
"Travaux sur réseaux publics de distribution d'électricité, éclairage public, communications électroniques et gaz","Syndicat Départemental d'Electricité et de Gaz de la Charente (SDEG 16)","autre","Nouvelle-Aquitaine","TRAVAUX","2026-07-18","2026-08-28","https://www.boamp.fr/pages/avis/?q=idweb:26-71193"
"DETECTION ET GEOREFERENCEMENT DES RESEAUX ENTERRES DU SICOVAL ET D'ENOVA AMENAGEMENT 2026-2030","Sicoval - Communauté d'Agglomération","autre","Occitanie","SERVICES","2026-07-18","2026-09-14","https://www.boamp.fr/pages/avis/?q=idweb:26-71168"
"Travaux De Reprise Des Reseaux Secs De La Zac Pierres Vives A Montpellier (34)","Territoire 34","autre","Occitanie","TRAVAUX","2026-07-17","2026-08-26","https://www.boamp.fr/pages/avis/?q=idweb:26-71515"
"Travaux de mise en séparatif des réseaux d'assainissement avec ouverture de tranchée","Communauté de Communes Pays de Fontenay-Vendée","autre","Pays de la Loire","TRAVAUX","2026-07-17","2026-09-04","https://www.boamp.fr/pages/avis/?q=idweb:26-71624"
"26M033_Réfection du Pélicandrome de l'aéroport de Carcassonne","SDIS 11 - SERVICE DEPARTEMENTAL D'INCENDIE ET DE SECOURS DE L'AUDE","autre","Occitanie","TRAVAUX","2026-07-17","2026-08-07","https://www.boamp.fr/pages/avis/?q=idweb:26-71541"
"Entretien Et Réparation De La Voirie Communale","Ville de la Verrière","autre","Île-de-France","TRAVAUX","2026-07-17","2026-09-03","https://www.boamp.fr/pages/avis/?q=idweb:26-71758"
"Prestation de veille médiatique quotidienne dans la presse papier et numérique, et les médias audiovisuels Tv et Radio, pour le Département de l'Essonne","Conseil Départemental de l'Essonne","autre","Île-de-France","SERVICES","2026-07-17","2026-09-16","https://www.boamp.fr/pages/avis/?q=idweb:26-71585"
"Travaux de réfection des réseaux d’eau froide et chaude sanitaire de l’Hôtel des Finances de Lyon","069-DRFIP","autre","Auvergne-Rhône-Alpes","TRAVAUX","2026-07-17","2026-08-21","https://www.boamp.fr/pages/avis/?q=idweb:26-71560"