sample_id,benchmark_split,sampling_stratum,stratum_population_n,stratum_sample_n,inclusion_probability,sampling_weight,anchor_episode_id,anchor_notice_ids_json,anchor_award_notice_date,anchor_expected_end_date,anchor_buyer_siren,anchor_buyer_name,anchor_regions_json,anchor_cpv_codes_json,anchor_theme,anchor_duration_months,anchor_text,anchor_urls_json,broad_candidate_pool_n,review_candidates_exported_n,reviewer_1_outcome,reviewer_1_successor_episode_ids,reviewer_1_confidence,reviewer_1_evidence_urls,reviewer_1_notes,reviewer_2_outcome,reviewer_2_successor_episode_ids,reviewer_2_confidence,reviewer_2_evidence_urls,reviewer_2_notes,adjudicated_outcome,adjudicated_successor_episode_ids,adjudication_confidence,adjudication_evidence_urls,adjudication_notes,annotation_status,final_outcome,final_successor_episode_ids,final_confidence,final_evidence_urls,final_reason,primary_evaluation_eligible,quality_flag,exclusion_reason,review_method,source_coverage,review_date,reference_version
RV-001,PILOT_DEVELOPMENT,CPV-32|buyer_id|duration,48,12,0.25,4.0,EP-95499bedb1e980f8,"[""18-146639"", ""19-67124""]",2019-04-28,2020-04-28,247200132.0,Le Mans Métropole - Communauté Urbaine,"[""Pays de la Loire""]","[""39300000"", ""43800000"", ""45259000"", ""42512500"", ""34322100"", ""31600000"", ""32236000"", ""30200000"", ""42961100""]",CPV-32,12.0,acquisition de materiels divers pour la setram les prestations sont reparties en 15 lots les variantes ne sont pas autorisees sauf pour le lot no11 variante exigee pour doubler l autonomie des deux types d onduleurs station de distribution de liquide de refroidissement passerelle d acces aux pavillons des autobus renovation des brosses du tunnel de lavage ensemble cvs u750 p13 climatisation salle soprano type 2 tiroir frein racks transport climatisation cabine distribution centralisee de produit lave glace en station service potence et palan 250 kg atelier roues rampes de pulverisation produit anti calcaire en machine a laver profilometre de rail onduleurs stations voyageurs appareil portable de mesure de pression acquisition de 10 radiotelephones portatifs tetra fourniture et installation de materiel informatique et de logiciels pour la setram controle d acces,"[""https://www.boamp.fr/pages/avis/?q=idweb:18-146639"", ""https://www.boamp.fr/pages/avis/?q=idweb:19-67124""]",501,25,,,,,,,,,,,,,,,,NOT_STARTED,OUTSIDE_SCOPE,[],HIGH,"[""https://www.boamp.fr/pages/avis/?q=idweb:18-146639"", ""https://www.boamp.fr/pages/avis/?q=idweb:19-67124""]",Mixed SETRAM equipment procurement dominated by general operational equipment rather than a clearly defined digital contract.,False,,Anchor is outside the intended digital-procurement scope.,SINGLE_EVIDENCE_REVIEW_SUPPLIED_BOAMP_CORPUS,BOAMP supplied corpus and official notice URLs; no exhaustive TED/DECP search,2026-08-11,internship_v1.0
RV-002,PILOT_DEVELOPMENT,CPV-48|buyer_id|duration_missing,14,7,0.5,2.0,EP-196eb8476722f479,"[""18-152232"", ""20-49689""]",2020-04-09,,781107446.0,HABITAT 76,"[""Normandie""]","[""48781000"", ""50324100"", ""72230000""]",CPV-48,,renouvellement du systeme d information ressources humaines en mode saas modules paies gestion administrative gestion des temps et des activites renouvellement du systeme d information ressources humaines en mode saas modules paies gestion administrative gestion des temps et des activitesforme de marche ordinaire attribution d un marche unique le delai d execution des prestations est de 60 mois,"[""https://www.boamp.fr/pages/avis/?q=idweb:18-152232"", ""https://www.boamp.fr/pages/avis/?q=idweb:20-49689""]",40,25,,,,,,,,,,,,,,,,NOT_STARTED,NO_OBSERVED_SUCCESSOR_IN_SCOPE,[],MEDIUM,"[""https://www.boamp.fr/pages/avis/?q=idweb:18-152232"", ""https://www.boamp.fr/pages/avis/?q=idweb:20-49689"", ""https://www.boamp.fr/pages/avis/?q=idweb:21-16150"", ""https://www.boamp.fr/pages/avis/?q=idweb:21-112471"", ""https://www.boamp.fr/pages/avis/?q=idweb:21-75704"", ""https://www.boamp.fr/pages/avis/?q=idweb:22-50332"", ""https://www.boamp.fr/pages/avis/?q=idweb:21-40468"", ""https://www.boamp.fr/pages/avis/?q=idweb:21-90944""]","No later episode in the supplied BOAMP review candidates matched both the buyer continuity and the anchor's specific functional need. The reviewed candidates concerned materially different procurements. This is a corpus-relative negative, not proof that no renewal occurred.",True,,,SINGLE_EVIDENCE_REVIEW_SUPPLIED_BOAMP_CORPUS,BOAMP supplied corpus and official notice URLs; no exhaustive TED/DECP search,2026-08-11,internship_v1.0
RV-003,PILOT_DEVELOPMENT,CPV-32|buyer_id|duration,48,12,0.25,4.0,EP-942e1a0a861bb53e,"[""21-137784"", ""22-19361""]",2022-02-09,2023-02-10,200069839.0,Cté de Cnes de la Côte d'Albatre,"[""Normandie""]","[""37300000"", ""37313000"", ""37314000"", ""37312000"", ""37311000"", ""37316000"", ""37321500"", ""32342410"", ""37315000"", ""37000000"", ""37313300"", ""37480000""]",CPV-32,12.0,"acquisition d instruments et materiels de musique le conservatoire musique et danse de la cote d albatre est un etablissement classe par l etat a rayonnement intercommunal ayant pour mission centrale la sensibilisation et la formation aux pratiques artistiques et culturelles ainsi il est necessaire de lancer une consultation pour la mise en place d un accord cadre multi attributaires pour l acquisition d instruments et materiels de musique danse et theatre l accord cadre est decompose en 10 lots le nombre d operateurs economiques retenus pour chaque lot sera au nombre de 3 sous reserves d un nombre suffisant de candidats et d offres les marches subsequents conclus sur la base de l accord cadre sont fractionnes a bons de commande ces marches subsequents seront attribues apres mise en concurrence des titulaires des differents lots et selon survenance du besoin instruments a cordes instruments a cordes violon d etude adapte aux debutants et violon 1 8 1 4 1 2 3 4 et entier livres avec etui archet et colophane alto d etude adapte aux debutants et alto 1 8 1 4 1 2 3 4 et entier livres avec etui archet et colophane violoncelle d etude adapte aux debutants et violoncelle sculpte main d etude 1 8 1 4 1 2 3 4 et entier livres avec housse archet et colophane contrebasse d etude et contrebasse 1 4 1 2 3 4 et entier laminees fond bombe eclisses flammees garniture en bois dur mecanique tyrolienne livree avec housse archet et colophane instruments a vent bois instruments a vent bois flute piccolo flute petite main d etude flute d etude flute en sol modele professionnel flute basse hautbois d etude cor anglais clarinette sib d etude clarinette sib instrument haute qualite dans la gamme etude clarinette en ut petite main en ut clarinette en la 440 saxophone soprano professionnel clarinette mib clarinette basse sib saxophone soprano saxophone alto d etude saxophone alto saxophone tenor d etude saxophone baryton basson d etude en fa basson bois instruments a vent cuivre instruments a vent cuivre trompette piccolo trompette piccolo professionnelle trompette petite main sib trompette sib modele d etude trompette ut ou sib professionnelle cornet a pistons d etude cornet a pistons bugle sib d etude trombone d initiation trombone petite main trombone etude complet trombone basse cor petite main d etude cor simple cor naturel petites mains cor naturel a tons cor double modele semi professionnel saxhorn baryton euphonium miniature tuba en sib tuba ut tuba en mib soubassophone tonalite claviers claviers piano numerique piano droit d etude tabouret piano piano a queue 1 4 piano a queue 1 2 piano a queue 3 4 piano a queue de concert accordeon instruments de percussions et materiels instruments de percussions et materiels batterie tom batteries timbales flight case pour timbales xylophone vibraphone marimba tam tam gong thailandais portique pour gongs tam tam chinois cymbales d orchestre glockenspiel caisse claire grosse caisse materiels de sonorisations lumieres materiels de sonorisations lumieres micros boite de direct active d i console lumiere flight pour console lumiere bloc de puissance tourelle pour pied tube aluminium enregistreur stage pass valise de transport adaptee au stage pass pieds pour enceintes stages pass lecteur dvd pied de projecteur tourelle pour fixation de projecteur sur pied projecteurs 650 w materiels de danse materiels de danse barre de danse tapis de danse miroir de danse guitares guitares ampli guitare basse guitare basse pour enfant guitare basse guitare acoustique 1 2 guitare acoustique 3 4 guitare electrique d etudes et professionnelle ampli guitare electrique structures sonores structures sonores l etoile le disque le chandelier le double ressort le tige courbe le tige droite l escalier les cordes l arc la grille le ressort le sifflant le trois croix le cristal materiels scenographiques theatre ce lot comprend l achat de pendrillon jupe de scene pour praticable toile velum 
 acquisition d instruments et materiels de musique le conservatoire musique et danse de la cote d albatre est un etablissement classe par l etat a rayonnement intercommunal ayant pour mission centrale la sensibilisation et la formation aux pratiques artistiques et culturelles ainsi il est necessaire de lancer une consultation pour la mise en place d un accord cadre multi attributaires pour l acquisition d instruments et materiels de musique danse et theatre l accord cadre est decompose en 10 lots le nombre d operateurs economiques retenus pour chaque lot sera au nombre de 3 sous reserves d un nombre suffisant de candidats et d offres les marches subsequents conclus sur la base de l accord cadre sont fractionnes a bons de commande ces marches subsequents seront attribues apres mise en concurrence des titulaires des differents lots et selon survenance du besoin instruments a cordes instruments a cordes violon d etude adapte aux debutants et violon 1 8 1 4 1 2 3 4 et entier livres avec etui archet et colophane alto d etude adapte aux debutants et alto 1 8 1 4 1 2 3 4 et entier livres avec etui archet et colophane violoncelle d etude adapte aux debutants et violoncelle sculpte main d etude 1 8 1 4 1 2 3 4 et entier livres avec housse archet et colophane contrebasse d etude et contrebasse 1 4 1 2 3 4 et entier laminees fond bombe eclisses flammees garniture en bois dur mecanique tyrolienne livree avec housse archet et colophane instruments a vent bois instruments a vent bois flute piccolo flute petite main d etude flute d etude flute en sol modele professionnel flute basse hautbois d etude cor anglais clarinette sib d etude clarinette sib instrument haute qualite dans la gamme etude clarinette en ut petite main en ut clarinette en la 440 saxophone soprano professionnel clarinette mib clarinette basse sib saxophone soprano saxophone alto d etude saxophone alto saxophone tenor d etude saxophone baryton basson d etude en fa basson bois instruments a vent cuivre instruments a vent cuivre trompette piccolo trompette piccolo professionnelle trompette petite main sib trompette sib modele d etude trompette ut ou sib professionnelle cornet a pistons d etude cornet a pistons bugle sib d etude trombone d initiation trombone petite main trombone etude complet trombone basse cor petite main d etude cor simple cor naturel petites mains cor naturel a tons cor double modele semi professionnel saxhorn baryton euphonium miniature tuba en sib tuba ut tuba en mib soubassophone tonalite claviers claviers piano numerique piano droit d etude tabouret piano piano a queue 1 4 piano a queue 1 2 piano a queue 3 4 piano a queue de concert accordeon instruments de percussions et materiels instruments de percussions et materiels batterie tom batteries timbales flight case pour timbales xylophone vibraphone marimba tam tam gong thailandais portique pour gongs tam tam chinois cymbales d orchestre glockenspiel caisse claire grosse caisse materiels de sonorisations lumieres materiels de sonorisations lumieres micros boite de direct active d i console lumiere flight pour console lumiere bloc de puissance tourelle pour pied tube aluminium enregistreur stage pass valise de transport adaptee au stage pass pieds pour enceintes stages pass lecteur dvd pied de projecteur tourelle pour fixation de projecteur sur pied projecteurs 650 w materiels de danse materiels de danse barre de danse tapis de danse miroir de danse guitares guitares ampli guitare basse guitare basse pour enfant guitare basse guitare acoustique 1 2 guitare acoustique 3 4 guitare electrique d etudes et professionnelle ampli guitare electrique structures sonores structures sonores l etoile le disque le chandelier le double ressort le tige courbe le tige droite l escalier les cordes l arc la grille le ressort le sifflant le trois croix le cristal materiels scenographiques theatre ce lot comprend l achat de pendrillon jupe de scene pour praticable toile velum instruments percussions et materiels sonorisations lumieres materiels scenographiques theatre","[""https://www.boamp.fr/pages/avis/?q=idweb:21-137784"", ""https://www.boamp.fr/pages/avis/?q=idweb:22-19361""]",74,25,,,,,,,,,,,,,,,,NOT_STARTED,OUTSIDE_SCOPE,[],HIGH,"[""https://www.boamp.fr/pages/avis/?q=idweb:21-137784"", ""https://www.boamp.fr/pages/avis/?q=idweb:22-19361""]",Musical instruments and music equipment are not part of the intended public-sector digital procurement scope.,False,,Anchor is outside the intended digital-procurement scope.,SINGLE_EVIDENCE_REVIEW_SUPPLIED_BOAMP_CORPUS,BOAMP supplied corpus and official notice URLs; no exhaustive TED/DECP search,2026-08-11,internship_v1.0
RV-004,PILOT_DEVELOPMENT,CPV-72|buyer_id|duration,194,7,0.0360824742268041,27.714285714285715,EP-a0a604b69ebe8a9d,"[""16-111867"", ""17-6770""]",2017-01-18,2023-01-19,224900019.0,Département de Maine-et-Loire,"[""Pays de la Loire""]","[""72210000"", ""72267000""]",CPV-72,72.0,"integration du systeme d archivage electronique as lae sur une infrastructure mutualisee integration du systeme d archivage electronique as lae sur une infrastructure mutualisee prestations d integration prestations de mise en uvre associees conduite de projet analyse et parametrage formations et transferts de competences assistance au demarrage developpement des connecteurs et des interfaces maintenance applicative integration de la solution prestations de mise en uvre associees conduite de projet analyse et parametrage formations et transferts de competences assistance au demarrage developpement des connecteurs et des interfaces maintenance applicative sur 5 ans 
 integration du systeme d archivage electronique as lae sur une infrastructure mutualisee integration du systeme d archivage electronique as lae sur une infrastructure mutualisee","[""https://www.boamp.fr/pages/avis/?q=idweb:16-111867"", ""https://www.boamp.fr/pages/avis/?q=idweb:17-6770""]",685,25,,,,,,,,,,,,,,,,NOT_STARTED,NO_OBSERVED_SUCCESSOR_IN_SCOPE,[],MEDIUM,"[""https://www.boamp.fr/pages/avis/?q=idweb:16-111867"", ""https://www.boamp.fr/pages/avis/?q=idweb:17-6770"", ""https://www.boamp.fr/pages/avis/?q=idweb:23-17061"", ""https://www.boamp.fr/pages/avis/?q=idweb:22-127882"", ""https://www.boamp.fr/pages/avis/?q=idweb:22-16811""]","No later episode in the supplied BOAMP review candidates matched both the buyer continuity and the anchor's specific functional need. The reviewed candidates concerned materially different procurements. This is a corpus-relative negative, not proof that no renewal occurred.",True,,,SINGLE_EVIDENCE_REVIEW_SUPPLIED_BOAMP_CORPUS,BOAMP supplied corpus and official notice URLs; no exhaustive TED/DECP search,2026-08-11,internship_v1.0
RV-005,PILOT_DEVELOPMENT,CPV-72|buyer_id_missing|duration_missing,148,7,0.0472972972972973,21.142857142857142,EP-a1f43565ecf3f144,"[""15-89263"", ""15-114816""]",2015-07-23,,,Vendée Eau,"[""Pays de la Loire""]","[""72322000""]",CPV-72,,divers secteurs releves altimetriques et geometriques des ouvrages de distribution d eau potable pour le compte de la vendee eau a la roche sur yon divers secteurs releves altimetriques et geometriques des ouvrages de distribution d eau potable reservoirs sur tour reservoirs au sol surpressions chlorations,"[""https://www.boamp.fr/pages/avis/?q=idweb:15-89263"", ""https://www.boamp.fr/pages/avis/?q=idweb:15-114816""]",297,25,,,,,,,,,,,,,,,,NOT_STARTED,OUTSIDE_SCOPE,[],HIGH,"[""https://www.boamp.fr/pages/avis/?q=idweb:15-89263"", ""https://www.boamp.fr/pages/avis/?q=idweb:15-114816""]",Topographic and geometric surveys of water facilities are not a digital contract under the intended study definition.,False,,Anchor is outside the intended digital-procurement scope.,SINGLE_EVIDENCE_REVIEW_SUPPLIED_BOAMP_CORPUS,BOAMP supplied corpus and official notice URLs; no exhaustive TED/DECP search,2026-08-11,internship_v1.0
RV-006,PILOT_DEVELOPMENT,CPV-48|buyer_id_missing|duration,333,8,0.024024024024024,41.625,EP-9fed0f1a3dcf8581,"[""16-94123"", ""16-101619"", ""16-163508""]",2016-11-12,2020-03-14,,Ecole Normale Supérieure Rennes,"[""Bretagne""]","[""38652120"", ""38653400"", ""48322000""]",CPV-48,40.0,"amelioration du systeme immersif de la plateforme immermove en 2 lots separes la presente consultation a pour objet l amelioration de la plateforme de realite virtuelle installee courant 2015 elle comprend l extension de la plateforme immersive lot1 ainsi que l amelioration des capacites de tracking lot2 extension de la salle immersive fourniture et installation d un ecran lateral en toile tendue de 3 videoprojecteurs avec systeme d isolation sonore d un logiciel graphique complementaire garantie et maintenance amelioration des capacites de tracking fourniture de 6 cameras de capture de mouvements garantie et maintenance 
 amelioration du systeme immersif de la plateforme immermove en 2 lots separes pour l ecole normale superieure rennes campus de ker lann a bruz rectificatif amelioration du systeme immersif de la plateforme immermove en 2 lots separes la presente consultation a pour objet l amelioration de la plateforme de realite virtuelle installee courant 2015 elle comprend l extension de la plateforme immersive lot1 ainsi que l amelioration des capacites de tracking lot2 
 amelioration du systeme immersif de la plateforme immermove en 2 lots separes la presente consultation a pour objet l amelioration de la plateforme de realite virtuelle installee courant 2015 elle comprend l extension de la plateforme immersive lot1 ainsi que l amelioration des capacites de tracking lot2 extension de la salle immersive fourniture et installation d un ecran lateral de videoprojecteurs avec systeme d isolation sonore d un logiciel graphique complementaire garantie et maintenance amelioration des capacites de tracking fourniture de 6 cameras de capture de mouvements garantie et maintenance extension de la plateforme immersive","[""https://www.boamp.fr/pages/avis/?q=idweb:16-94123"", ""https://www.boamp.fr/pages/avis/?q=idweb:16-101619"", ""https://www.boamp.fr/pages/avis/?q=idweb:16-163508""]",7,7,,,,,,,,,,,,,,,,NOT_STARTED,NO_OBSERVED_SUCCESSOR_IN_SCOPE,[],MEDIUM,"[""https://www.boamp.fr/pages/avis/?q=idweb:16-94123"", ""https://www.boamp.fr/pages/avis/?q=idweb:16-101619"", ""https://www.boamp.fr/pages/avis/?q=idweb:16-163508"", ""https://www.boamp.fr/pages/avis/?q=idweb:17-155397"", ""https://www.boamp.fr/pages/avis/?q=idweb:18-31064"", ""https://www.boamp.fr/pages/avis/?q=idweb:17-157182"", ""https://www.boamp.fr/pages/avis/?q=idweb:18-1345""]","No later episode in the supplied BOAMP review candidates matched both the buyer continuity and the anchor's specific functional need. The reviewed candidates concerned materially different procurements. This is a corpus-relative negative, not proof that no renewal occurred.",True,,,SINGLE_EVIDENCE_REVIEW_SUPPLIED_BOAMP_CORPUS,BOAMP supplied corpus and official notice URLs; no exhaustive TED/DECP search,2026-08-11,internship_v1.0
RV-007,PILOT_DEVELOPMENT,CPV-35|buyer_id_missing|duration_missing,4,4,1.0,1.0,EP-e837cfb05b714924,"[""17-2928""]",2017-01-08,,,Ville de Thouaré-sur-Loire,"[""Pays de la Loire""]","[""35120000""]",CPV-35,,marche pour la fourniture la mise en oeuvre et la maintenance d un systeme de video protection urbaine la ville de thouare sur loire souhaite mettre en oeuvre un systeme complet de video protection urbaine qui s inscrit dans le schema directeur de prevention de surete de securite et de tranquillite qu elle a adopte suite a un audit de surete mais egalement aux besoins actuels ou futurs de certains locaux communaux comme de la telephonie sur ip les acces internet ou encore les raccordements d equipements informatique tels que gtb alarmes etc,"[""https://www.boamp.fr/pages/avis/?q=idweb:17-2928""]",47,25,,,,,,,,,,,,,,,,NOT_STARTED,NO_OBSERVED_SUCCESSOR_IN_SCOPE,[],MEDIUM,"[""https://www.boamp.fr/pages/avis/?q=idweb:17-2928"", ""https://www.boamp.fr/pages/avis/?q=idweb:21-83295"", ""https://www.boamp.fr/pages/avis/?q=idweb:21-157547"", ""https://www.boamp.fr/pages/avis/?q=idweb:21-72768"", ""https://www.boamp.fr/pages/avis/?q=idweb:21-157275"", ""https://www.boamp.fr/pages/avis/?q=idweb:20-53038""]","No later episode in the supplied BOAMP review candidates matched both the buyer continuity and the anchor's specific functional need. The reviewed candidates concerned materially different procurements. This is a corpus-relative negative, not proof that no renewal occurred.",True,,,SINGLE_EVIDENCE_REVIEW_SUPPLIED_BOAMP_CORPUS,BOAMP supplied corpus and official notice URLs; no exhaustive TED/DECP search,2026-08-11,internship_v1.0
RV-008,PILOT_DEVELOPMENT,CPV-35|buyer_id|duration,3,3,1.0,1.0,EP-b12dd4df38d8c59f,"[""20-114585"", ""20-152953""]",2020-12-17,2021-02-16,192903466.0,Université de Bretagne Occidentale,"[""Bretagne""]","[""38970000"", ""38900000"", ""35125100"", ""33122000""]",CPV-35,2.0,"acquisition de materiel pour le projet cper vitaal 2020 nouveaux environnements interactifs d accompagnement et tele reeducation projet cper vitaal 2020 robot de tele presence robot mobile de tele presence terrestre capteurs de localisation uwb capteurs de positionnement uwb base mobile humanoide robot mobile de tele presence compose d une base roulante d un organe de controle i e tablette et d un bras manipulateur systeme de realite virtuelle systeme de realite virtuelle comportant differents equipements systeme acquisition d image de retine acquisition d un tomographe par coherence optique angiographique retinographe portable acquisition d un retinographe non mydriatique portable plateforme d orthoptie numerique plateforme d orthoptie numerique avec occulometre retinographe grand champ retinographe non mydriatique grand champ 
 acquisition de materiel pour le projet cper vitaal 2020 nouveaux environnements interactifs d accompagnement et tele reeducation projet cper vitaal 2020 robot de tele presence robot mobile de tele presence terrestre capteurs de localisation uwb capteurs de positionnement uwb base mobile humanoide robot mobile de tele presence compose d une base roulante d un organe de controle i e tablette et d un bras manipulateur systeme de realite virtuelle systeme de realite virtuelle comportant differents equipements systeme acquisition d image de retine acquisition d un tomographe par coherence optique angiographique retinographe portable acquisition d un retinographe non mydriatique portable plateforme d orthoptie numerique plateforme d orthoptie numerique avec occulometre retinographe grand champ retinographe non mydriatique grand champ capteurs de positionnement retinographie portable retinographie grand champ","[""https://www.boamp.fr/pages/avis/?q=idweb:20-114585"", ""https://www.boamp.fr/pages/avis/?q=idweb:20-152953""]",149,25,,,,,,,,,,,,,,,,NOT_STARTED,NO_OBSERVED_SUCCESSOR_IN_SCOPE,[],MEDIUM,"[""https://www.boamp.fr/pages/avis/?q=idweb:20-114585"", ""https://www.boamp.fr/pages/avis/?q=idweb:20-152953"", ""https://www.boamp.fr/pages/avis/?q=idweb:22-35884"", ""https://www.boamp.fr/pages/avis/?q=idweb:22-39931"", ""https://www.boamp.fr/pages/avis/?q=idweb:22-99974"", ""https://www.boamp.fr/pages/avis/?q=idweb:21-163581"", ""https://www.boamp.fr/pages/avis/?q=idweb:22-62964"", ""https://www.boamp.fr/pages/avis/?q=idweb:21-160907"", ""https://www.boamp.fr/pages/avis/?q=idweb:22-38609""]","No later episode in the supplied BOAMP review candidates matched both the buyer continuity and the anchor's specific functional need. The reviewed candidates concerned materially different procurements. This is a corpus-relative negative, not proof that no renewal occurred.",True,,,SINGLE_EVIDENCE_REVIEW_SUPPLIED_BOAMP_CORPUS,BOAMP supplied corpus and official notice URLs; no exhaustive TED/DECP search,2026-08-11,internship_v1.0
RV-009,PILOT_DEVELOPMENT,CPV-48|buyer_id|duration_missing,14,7,0.5,2.0,EP-ff502dee20fab2ca,"[""16-44222"", ""16-96508""]",2016-07-01,,775700198.0,GPMH au Havre,"[""Normandie""]","[""48443000""]",CPV-48,,"migration technique de la version sap ecc5 vers sap ecc6 au havre migration technique de la version sap ecc5 vers sap ecc6 les prestations de la presente consultation se decomposent en deux parties principales leur deroulement pouvant etre mene en partie simultanement selon le planning et la demarche proposes par le titulaire du marche une premiere partie d installation de sap et du sgbd oracle sur les infrastructures fournies par le gpmh une deuxieme partie concernant la migration d ecc5 vers ecc6il faut entendre par migration le report dans la nouvelle version de l ensemble des fonctionnalites et specificites existantes en privilegiant l utilisation et l optimisation du standard du progiciel afin d apporter aux utilisateurs des ameliorations dans leur utilisation quotidienne a titre indicatif l execution des prestations objet du marche est susceptible de commencer dans le courant du mois de juin 2016 
 migration technique de la version sap ecc5 vers sap ecc6 les prestations de la presente consultation se decomposent en deux parties principales leur deroulement pouvant etre mene en partie simultanement selon le planning et la demarche proposes par le titulaire du marche une premiere partie d installation de sap et du sgbd oracle sur les infrastructures fournies par le gpmh une deuxieme partie concernant la migration d ecc5 vers ecc6 il faut entendre par migration le report dans la nouvelle version de l ensemble des fonctionnalites et specificites existantes en privilegiant l utilisation et l optimisation du standard du progiciel afin d apporter aux utilisateurs des ameliorations dans leur utilisation quotidienne a titre indicatif l execution des prestations objet du marche est susceptible de commencer dans le courant du mois de juin 2016 migration technique de la version sap ecc vers sap ecc6 migration technique de la version sap ecc5 vers sap ecc6","[""https://www.boamp.fr/pages/avis/?q=idweb:16-44222"", ""https://www.boamp.fr/pages/avis/?q=idweb:16-96508""]",356,25,,,,,,,,,,,,,,,,NOT_STARTED,NO_OBSERVED_SUCCESSOR_IN_SCOPE,[],MEDIUM,"[""https://www.boamp.fr/pages/avis/?q=idweb:16-44222"", ""https://www.boamp.fr/pages/avis/?q=idweb:16-96508"", ""https://www.boamp.fr/pages/avis/?q=idweb:19-17184"", ""https://www.boamp.fr/pages/avis/?q=idweb:19-27864"", ""https://www.boamp.fr/pages/avis/?q=idweb:19-40449"", ""https://www.boamp.fr/pages/avis/?q=idweb:19-143909"", ""https://www.boamp.fr/pages/avis/?q=idweb:20-88121"", ""https://www.boamp.fr/pages/avis/?q=idweb:20-101072"", ""https://www.boamp.fr/pages/avis/?q=idweb:20-91329"", ""https://www.boamp.fr/pages/avis/?q=idweb:20-158951""]","No later episode in the supplied BOAMP review candidates matched both the buyer continuity and the anchor's specific functional need. The reviewed candidates concerned materially different procurements. This is a corpus-relative negative, not proof that no renewal occurred.",True,,,SINGLE_EVIDENCE_REVIEW_SUPPLIED_BOAMP_CORPUS,BOAMP supplied corpus and official notice URLs; no exhaustive TED/DECP search,2026-08-11,internship_v1.0
RV-010,PILOT_DEVELOPMENT,CPV-32|buyer_id|duration,48,12,0.25,4.0,EP-a547673afe2dda78,"[""20-68552"", ""20-123573""]",2020-10-11,2021-10-12,192903466.0,Université de Bretagne Occidentale,"[""Bretagne""]","[""32420000"", ""32400000""]",CPV-32,12.0,"accord cadre de fourniture d equipements de reseaux informatiques accord cadre multi attributaire a marches subsequents pour la fourniture d equipements de reseaux informatiques sans montant minimum ni maximum 
 accord cadre de fourniture d equipements de reseaux informatiques accord cadre multi attributaire a marches subsequents pour la fourniture d equipements de reseaux informatiques sans montant minimum ni maximum accord cadre de fourniture d equipements de reseaux informatiques1er co attributaire accord cadre de fourniture d equipements de reseaux informatiques 2eme co attributaire accord cadre de fourniture d equipements de reseaux informatiques 3eme co attributaire accord cadre de fourniture d equipements de reseaux informatiques 4eme co attributaire","[""https://www.boamp.fr/pages/avis/?q=idweb:20-68552"", ""https://www.boamp.fr/pages/avis/?q=idweb:20-123573""]",155,25,,,,,,,,,,,,,,,,NOT_STARTED,OBSERVED_SUCCESSOR,"[""EP-30ed99860ba06292""]",MEDIUM,"[""https://www.boamp.fr/pages/avis/?q=idweb:20-68552"", ""https://www.boamp.fr/pages/avis/?q=idweb:20-123573"", ""https://www.boamp.fr/pages/avis/?q=idweb:25-26886""]",Same UBO buyer and a later procurement to refit the university computer networks; the functional network need continues in a new procedure.,True,,,SINGLE_EVIDENCE_REVIEW_SUPPLIED_BOAMP_CORPUS,BOAMP supplied corpus and official notice URLs; no exhaustive TED/DECP search,2026-08-11,internship_v1.0
RV-011,PILOT_DEVELOPMENT,CPV-32|buyer_id_missing|duration,112,12,0.1071428571428571,9.333333333333334,EP-761e9e86bf100636,"[""17-33578"", ""17-99912""]",2017-07-14,2021-07-13,,Région Bretagne,"[""Bretagne""]","[""32524000"", ""64200000"", ""64212000""]",CPV-32,47.967,"services de telecommunications fixes et de mobilite de la region bretagne services de telecommunications fixes et de mobilite de la region bretagne fourniture de services de telecommunications fixes entrantes et sortantes telephonie mobile raccordement internet et reseau inter sites pour l ensemble des sites de la region bretagne 3 lots acces internet et telephonie ce lot concerne les abonnements et les communications entrantes et sortantes en matiere de telephonie fixe du site principal de patton et du site la robiquette le raccordement du centre de donnee site proxycenter de tdf a cesson sevigne par deux acces multiservice internet et vpn securises et independants le raccordement sur un reseau de type vpn de 29 autres sites avec des acces de types adsl sdsl et fibre optique sans fournir d acces direct a internet le raccordement de 6 liaisons de types adsl internet avec services associes une offre de service en termes de relais smtp anti spam nom de domaine et adresse ip publiques pour les sites principaux telephonie traditionnelle le lot 2 concerne le raccordement et l abonnement aux liaisons de type to et analogique de chaque site les acces de type t2 des sites centraux de patton et de la robiquette ne font pas partie de ce lot il permet d assurer le secours et de gerer les cas particuliers fax visioconference adsl ligne securite ascenseur la definition du secours est la suivante connexion traditionnelle assurant un haut niveau de disponibilite par laquelle transitent uniquement les communications lorsque le site proxycenter tdf est inaccessibles perte du lien ip par exemple par rapport a la volumetrie de ces liaisons la region bretagne precise que ces liaisons ne sont pas utilisees de maniere normale puisque l ensemble des sites a bascule sur une solution de telephonie sur ip moblite services de telephonie mobile les objectifs recherches sont principalement de maitriser les depenses des telecommunications en mobilite mais aussi d offrir une adaptabilite constante tout au long de la duree de l accord cadre aux besoins en mobilite de l administration regionale au meilleur de la technologie disponible 
 services de telecommunications fixes et de mobilite de la region bretagne services de telecommunications fixes et de mobilite de la region bretagne lot 1 acces internet et telephonie lot 2 telephonie traditionnelle lot 3 mobilite acces internet et telephonie telephonie traditionnelle moblite mobilite","[""https://www.boamp.fr/pages/avis/?q=idweb:17-33578"", ""https://www.boamp.fr/pages/avis/?q=idweb:17-99912""]",852,25,,,,,,,,,,,,,,,,NOT_STARTED,OBSERVED_SUCCESSOR,"[""EP-9fdcd915e2532264""]",HIGH,"[""https://www.boamp.fr/pages/avis/?q=idweb:17-33578"", ""https://www.boamp.fr/pages/avis/?q=idweb:17-99912"", ""https://www.boamp.fr/pages/avis/?q=idweb:21-40411"", ""https://www.boamp.fr/pages/avis/?q=idweb:21-113756""]",Same Région Bretagne buyer and a later telecommunications framework covering the same fixed and mobile telecommunications need.,True,,,SINGLE_EVIDENCE_REVIEW_SUPPLIED_BOAMP_CORPUS,BOAMP supplied corpus and official notice URLs; no exhaustive TED/DECP search,2026-08-11,internship_v1.0
RV-012,PILOT_DEVELOPMENT,CPV-72|buyer_id_missing|duration,473,7,0.014799154334038,67.57142857142857,EP-be2c7634a4783b45,"[""16-136139"", ""17-48032""]",2017-04-05,2018-04-06,,Conseil régional des Pays de la Loire,"[""Pays de la Loire""]","[""72222000""]",CPV-72,12.0,accompagnement pour la mise en oeuvre du schema directeur numerique de la region des pays de la loire,"[""https://www.boamp.fr/pages/avis/?q=idweb:16-136139"", ""https://www.boamp.fr/pages/avis/?q=idweb:17-48032""]",1111,25,,,,,,,,,,,,,,,,NOT_STARTED,OBSERVED_SUCCESSOR,"[""EP-c2d565c3cbc7ef2c""]",HIGH,"[""https://www.boamp.fr/pages/avis/?q=idweb:16-136139"", ""https://www.boamp.fr/pages/avis/?q=idweb:17-48032"", ""https://www.boamp.fr/pages/avis/?q=idweb:21-35651"", ""https://www.boamp.fr/pages/avis/?q=idweb:21-52670""]",Same regional buyer and a later contract explicitly continuing support for execution of the Pays de la Loire digital master plan.,True,,,SINGLE_EVIDENCE_REVIEW_SUPPLIED_BOAMP_CORPUS,BOAMP supplied corpus and official notice URLs; no exhaustive TED/DECP search,2026-08-11,internship_v1.0
RV-013,PILOT_DEVELOPMENT,CPV-32|buyer_id|duration,48,12,0.25,4.0,EP-46daa257c65214b9,"[""18-38747"", ""18-129648""]",2018-09-19,2019-09-20,217201813.0,Ville du Mans,"[""Pays de la Loire""]","[""75200000"", ""45223800"", ""32321300"", ""32342410"", ""31500000""]",CPV-32,12.0,"accord cadre relatif a la logistique dans le cadre des manifestations evenementielles organisees par la ville du mans un an renouvelable 3 fois l accord cadre a pour objet de selectionner des prestataires qui pourront se voir confier des commandes dans le cadre de marches subsequents ils sont conclus pour des besoins recurrents dont la survenance est echelonnee au cours de la periode de validite les ms seront conclus comme suit lors de la survenance de chacun des besoins une mise en concurrence sera organisee aupres des operateurs economiques titulaires de l accord cadre les marches dits subsequents passes sur le fondement de l accord cadre sont attribues a celui ou le cas echeant a ceux des titulaires de l accord cadre qui ont presente les offres economiquement les plus avantageuses sur la base des criteres fixes pour l attribution de ces marches chaque lot sera attribue a un maximum de 4 operateurs economiques pour les lots 1 2 3 4 5 6 8 operateurs economiques pour les lots 7 8 9 10 11 sous reserve d un nombre suffisant d offres location de barnums gardens chaumieres et cloisons structures alu gardencottage cloisons melaminees et bois brut mobilier tables chaises bancs grilles d exposition location de modules toilettes location de modules douches structures modulaires modules sanitaires modules de 6 douches avec lavabos structure modulaire avec installation electrique location de structures sceniques podiums estrades gradins tribunes circulaires scenes musiques electroniques scene et accessoires pour un concert de plein air personnel d exploitation et de montage location de chapiteaux chapiteaux opaques 250m2 ou 450m2 ou 500m2 avec gradins plancher et espace scenique location de yourtes teepees structures autoportees yourtes 16 a 50 m2 ou 50m2 tentes mauritanniennes et marocaines structures rigides autoportees pour 150 ou 150 personnes location et prestations de materiels cinematographiques ecran geant gonflable projecteur cinema systeme sonorisation technicien projectionniste technicien ecran location de materiels de sonorisation console numerique kit retour systeme line array systeme de diffusion kit micro armoire de puissance prestation complete de petite sonorisation exploitation centre ville du mans montage exploitation et demontage sur une journee personnel a charge du prestataire equipe d exploitation composee d un technicien son materiel de sonorisationmateriel destine a sonoriser un espace frontal pouvant accueillir 400 personnes prestation complete de grande sonorisation exploitation centre ville du mans montage j 1 exploitation a j0 le personnel pour l exploitation le montage et le demontage est a la charge du prestataire ainsi que son hebergement et sa restauration sur le periode l equipe d exploitation sera composee d au moins deux regisseurs son d un technicien son diffusion line source adaptee pour 15 000 personnes plein air plein air avec diffusion de proximite regie a 40m location de materiels d eclairage armoires puissance 125a tetra 63a tetra bloc de puissance kit puissance projecteurs prestation complete d eclairage structure d accroche lumiere un technicien pupitreur lumiere un technicien bloqueur un technicien monteur 
 accord cadre relatif a la logistique dans le cadre des manifestations evenementielles organisees par la ville du mans un an renouvelable 3 fois accord cadre relatif a la logistique dans le cadre des manifestations evenementielles organisees par l accord cadre a pour objet de selectionner des prestataires qui pourront se voir confier des commandes dans le cadre de marches subsequents ils sont conclus pour des besoins recurrents dont la survenance est echelonnee au cours de la periode de validite les ms seront conclus comme suit lors de la survenance de chacun des besoins une mise en concurrence sera organisee aupres des operateurs economiques titulaires de l accord cadre les marches dits subsequents passes sur le fondement de l accord cadre sont attribues a celui ou le cas echeant a ceux des titulaires de l accord cadre qui ont presente les offres economiquement les plus avantageuses sur la base des criteres fixes pour l attribution de ces marches chaque lot sera attribue a un maximum de 4 operateurs economiques pour les lots 1 2 3 4 5 6 8 operateurs economique location de barnums gardens chaumieres et cloisons structures alu gardencottage cloisons melaminees et bois brut mobilier tables chaises bancs grilles d exposition location de modules toilettes location de modules douches structures modulaires modules sanitaires modules de 6 douches avec lavabos structure modulaire avec installation electrique location de structures sceniques podiums estrades gradins tribunes circulaires scenes musiques electroniques scene et accessoires pour un concert de plein air personnel d exploitation et de montage location de yourtes teepees structures autoportees yourtes 16 a 50 m2 ou 50m2 tentes mauritanniennes et marocaines structures rigides autoportees pour 150 ou 150 personnes location et prestations de materiels cinematographiques ecran geant gonflable projecteur cinema systeme sonorisation technicien projectionniste technicien ecran location de materiels de sonorisation console numerique kit retour systeme line array systeme de diffusion kit micro armoire de puissance prestation complete de petite sonorisation exploitation centre ville du mans montage exploitation et demontage sur une journee personnel a charge du prestataire equipe d exploitation composee d un technicien son materiel de sonorisationmateriel destine a sonoriser un espace frontal pouvant accueillir 400 personnes prestation complete de grande sonorisation exploitation centre ville du mans montage j 1 exploitation a j0 le personnel pour l exploitation le montage et le demontage est a la charge du prestataire ainsi que son hebergement et sa restauration sur le periode l equipe d exploitation sera composee d au moins deux regisseurs son d un technicien son diffusion line source adaptee pour 15 000 personnes plein air plein air avec diffusion de proximite regie a 40m location de materiels d eclairage armoires puissance 125a tetra 63a tetra bloc de puissance kit puissance projecteurs prestation complete d eclairage structure d accroche lumiere un technicien pupitreur lumiere un technicien bloqueur un technicien monteur","[""https://www.boamp.fr/pages/avis/?q=idweb:18-38747"", ""https://www.boamp.fr/pages/avis/?q=idweb:18-129648""]",304,25,,,,,,,,,,,,,,,,NOT_STARTED,OUTSIDE_SCOPE,[],HIGH,"[""https://www.boamp.fr/pages/avis/?q=idweb:18-38747"", ""https://www.boamp.fr/pages/avis/?q=idweb:18-129648""]",Event logistics for municipal events are outside the intended digital procurement scope.,False,,Anchor is outside the intended digital-procurement scope.,SINGLE_EVIDENCE_REVIEW_SUPPLIED_BOAMP_CORPUS,BOAMP supplied corpus and official notice URLs; no exhaustive TED/DECP search,2026-08-11,internship_v1.0
RV-014,PILOT_DEVELOPMENT,CPV-32|buyer_id|duration,48,12,0.25,4.0,EP-1197203d90a7d976,"[""17-68782"", ""17-137082""]",2017-10-01,2020-10-01,177604303.0,Rectorat de l'Académie de Rouen,"[""Normandie""]","[""32500000"", ""32524000""]",CPV-32,36.0,"modernisation de la telephonie du rectorat de rouen procedure d appel d offre ouvert art 67 et 68 du decret 2016 360 accord cadre a bons de commande art 78 et 80 du decret 2016 360 diffusion boamp et joue marche sans minimum de commande et avec un maximum fixe a 450 000 euro s ht sur la duree du marche 36 mois financement sur les fonds propres du rectorat section fonctionnement delai de validite des offres 120 jours visite des locaux non obligatoire mais conseillee pour visiter les locaux prendre rdv aupres de valerie philippe voivenel au 02 32 08 94 15 la procedure n autorise pas la negociation la fourniture la mise en oeuvre et la maintenance d une solution de telephonie sur ip ipbx pour tous les sites de l academie de rouen pour permettre un deploiement sur la duree du marche le marche est decoupe en deux parties une partie a a prix global et forfaitaire correspondant au deploiement du coeur de la solution une partie b a bons de commande sur prix unitaires pour deployer la solution sur les differents sites au fur et a mesure de l avancement du projet 
 modernisation de la telephonie du rectorat de rouen procedure d appel d offre ouvert art 67 et 68 du decret 2016 360 accord cadre a bons de commande art 78 et 80 du decret 2016 360 diffusion boamp et joue marche sans minimum de commande et avec un maximum fixe a 450 000 euro s ht sur la duree du marche 36 mois financement sur les fonds propres du rectorat section fonctionnement delai de validite des offres 120 jours visite des locaux non obligatoire mais conseillee pour visiter les locaux prendre rdv aupres de valerie philippe voivenel au 02 32 08 94 15 la procedure n autorise pas la negociation la fourniture la mise en oeuvre et la maintenance d une solution de telephonie sur ip ipbx pour tous les sites de l academie de rouen pour permettre un deploiement sur la duree du marche le marche est decoupe en deux parties une partie a a prix global et forfaitaire correspondant au deploiement du coeur de la solution une partie b a bons de commande sur prix unitaires pour deployer la solution sur les differents sites au fur et a mesure de l avancement du projet modernisation de la telephonie de l academie de rouen","[""https://www.boamp.fr/pages/avis/?q=idweb:17-68782"", ""https://www.boamp.fr/pages/avis/?q=idweb:17-137082""]",56,25,,,,,,,,,,,,,,,,NOT_STARTED,NO_OBSERVED_SUCCESSOR_IN_SCOPE,[],MEDIUM,"[""https://www.boamp.fr/pages/avis/?q=idweb:17-68782"", ""https://www.boamp.fr/pages/avis/?q=idweb:17-137082"", ""https://www.boamp.fr/pages/avis/?q=idweb:19-46095"", ""https://www.boamp.fr/pages/avis/?q=idweb:20-119431"", ""https://www.boamp.fr/pages/avis/?q=idweb:20-125724""]","No later episode in the supplied BOAMP review candidates matched both the buyer continuity and the anchor's specific functional need. The reviewed candidates concerned materially different procurements. This is a corpus-relative negative, not proof that no renewal occurred.",True,,,SINGLE_EVIDENCE_REVIEW_SUPPLIED_BOAMP_CORPUS,BOAMP supplied corpus and official notice URLs; no exhaustive TED/DECP search,2026-08-11,internship_v1.0
RV-015,PILOT_DEVELOPMENT,CPV-32|buyer_id_missing|duration_missing,24,12,0.5,2.0,EP-0c7a42dbe93a0197,"[""15-147591"", ""15-165856"", ""15-186153""]",2015-12-31,,,Brest métropole,"[""Bretagne""]","[""45314310"", ""32562000""]",CPV-32,,"travaux de cablage fibre optique sur la signalisation lumineuse la regulation du trafic le mobilier urbain et le reseau tres haut debit a brest travaux de cablage fibre optique sur la signalisation lumineuse la regulation du trafic le mobilier urbain et le reseau tres haut debit 
 travaux de cablage fibre optique sur la signalisation lumineuse la regulation du trafic le mobilier urbain et le reseau tres haut debit a brest rectificatif travaux de cablage fibre optique sur la signalisation lumineuse la regulation du trafic le mobilier urbain et le reseau tres haut debit","[""https://www.boamp.fr/pages/avis/?q=idweb:15-147591"", ""https://www.boamp.fr/pages/avis/?q=idweb:15-165856"", ""https://www.boamp.fr/pages/avis/?q=idweb:15-186153""]",444,25,,,,,,,,,,,,,,,,NOT_STARTED,OBSERVED_SUCCESSOR,"[""EP-7580adec0b1d9f9f""]",MEDIUM,"[""https://www.boamp.fr/pages/avis/?q=idweb:15-147591"", ""https://www.boamp.fr/pages/avis/?q=idweb:15-165856"", ""https://www.boamp.fr/pages/avis/?q=idweb:15-186153"", ""https://www.boamp.fr/pages/avis/?q=idweb:16-148531"", ""https://www.boamp.fr/pages/avis/?q=idweb:16-184860""]","Same Brest buyer and a new works procedure continuing cabling for traffic signalling, urban equipment and the high-speed network.",True,,,SINGLE_EVIDENCE_REVIEW_SUPPLIED_BOAMP_CORPUS,BOAMP supplied corpus and official notice URLs; no exhaustive TED/DECP search,2026-08-11,internship_v1.0
RV-016,PILOT_DEVELOPMENT,CPV-72|buyer_id|duration_missing,26,7,0.2692307692307692,3.7142857142857135,EP-791a20f433b212d6,"[""18-74305"", ""18-131381""]",2018-09-22,,261400931.0,CENTRE HOSPITALIER UNIVERSITAIRE,"[""Normandie""]","[""72250000""]",CPV-72,,accord cadre maintenance de l ensemble des installations de securite des batiments et des sites du chu de caen le marche a pour objet la realisation de la maintenance preventive et corrective des installations et equipements de videosurveillance controle d acces dispositif d alarmes des travailleurs isoles et rappel blouses blanches d interphonie sous ip de bouton d appel d urgence d anti intrusion ainsi que de l ensemble des materiels servant a collecter toutes les informations ou ordres a les traiter et a effectuer les fonctions necessaires a la mise en securite d un batiment ou d un etablissement du chu de caen la nature des prestations ainsi que les conditions techniques de leur execution sont definies au cahier des clauses techniques particulieres cctp,"[""https://www.boamp.fr/pages/avis/?q=idweb:18-74305"", ""https://www.boamp.fr/pages/avis/?q=idweb:18-131381""]",836,25,,,,,,,,,,,,,,,,NOT_STARTED,NO_OBSERVED_SUCCESSOR_IN_SCOPE,[],MEDIUM,"[""https://www.boamp.fr/pages/avis/?q=idweb:18-74305"", ""https://www.boamp.fr/pages/avis/?q=idweb:18-131381"", ""https://www.boamp.fr/pages/avis/?q=idweb:22-138100"", ""https://www.boamp.fr/pages/avis/?q=idweb:21-169322"", ""https://www.boamp.fr/pages/avis/?q=idweb:22-5852""]","No later episode in the supplied BOAMP review candidates matched both the buyer continuity and the anchor's specific functional need. The reviewed candidates concerned materially different procurements. This is a corpus-relative negative, not proof that no renewal occurred.",True,,,SINGLE_EVIDENCE_REVIEW_SUPPLIED_BOAMP_CORPUS,BOAMP supplied corpus and official notice URLs; no exhaustive TED/DECP search,2026-08-11,internship_v1.0
RV-017,PILOT_DEVELOPMENT,CPV-48|buyer_id|duration,106,8,0.0754716981132075,13.25,EP-8a78f19c3a7eae55,"[""18-60887"", ""18-84612"", ""19-57897""]",2019-04-13,2021-04-13,261400931.0,CENTRE HOSPITALIER UNIVERSITAIRE,"[""Normandie""]","[""32400000"", ""48200000"", ""48219300"", ""72710000"", ""32421000"", ""48515000"", ""72700000"", ""72250000""]",CPV-48,23.984,"fourniture integration et maintenance de materiels et solutions de reseaux informatiques securises fourniture integration et maintenance de materiels et solutions de reseaux informatiques securises pour le groupement de commandes des etablissements adherents au gcs uniha elements actifs de reseau filaires et de longue distance elements actifs de reseau filaires et de longue distance pour de nouvelles installations des remplacements d installation des extensions d installation et prestations associees elements actifs de reseau sans fil ip et lora faisceaux hertziens avec et sans redevances geolocalisation elements actifs de reseau sans fil ip et lora faisceaux hertziens avec et sans redevances geolocalisation pour de nouvelles installations des remplacements d installation des extensions d installation clients de geolocalisation et prestations associees securite internet perimetrique et de datacenters elements actifs d optimisation d infrastructures reseau wan commutation l5 l7 portail de publication securisation d applications web et securite d acces physique a l infrastructure reseau et prestations associees services de gestion ip de reseaux et prestations associees supervision et analyse de reseaux et prestations associees prestations de mise a disposition de services reseaux forfaitaires accessoires et consommables reseau services infrastructures equipements de visioconference conciergerie de visioconference et prestations associees expertise independante et analyse de dysfonctionnement audit prestations d assistance a maitrise d ouvrage maintenance d infrastructures de reseaux filaires et sans fil 
 fourniture integration et maintenance de materiels et solutions de reseaux informatiques securises fourniture integration et maintenance de materiels et solutions de reseaux informatiques securises pour le groupement de commandes des etablissements adherents au gcs uniha 
 fourniture integration et maintenance de materiels et solutions de reseaux informatiques securises fourniture integration et maintenance de materiels et solutions de reseaux informatiques securises pour le groupement de commandes des etablissements adherents au gcs uniha elements actifs de reseau filaires et de longue distance elements actifs de reseau filaires et de longue distance pour de nouvelles installations des remplacements d installation des extensions d installation et prestations associees elements actifs de reseau sans fil ip et lora faisceaux hertziens avec et sans redevances geolocalisation elements actifs de reseau sans fil ip et lora faisceaux hertziens avec et sans redevances geolocalisation pour de nouvelles installations des remplacements d installation des extensions d installation clients de geolocalisation et prestations associees securite internet perimetrique et de datacenters elements actifs d optimisation d infrastructures reseau wan commutation l5 l7 portail de publication securisation d applications web et securite d acces physique a l infrastructure reseau et prestations associees services de gestion ip de reseaux et prestations associees supervision et analyse de reseaux et prestations associees prestations de mise a disposition de services reseaux forfaitaires accessoires et consommables reseau services infrastructures equipements de visioconference conciergerie de visioconference et prestations associees expertise independante et analyse de dysfonctionnement audit prestations d assistance a maitrise d ouvrage maintenance d infrastructures de reseaux filaires et sans fil elements actifs de reseau sans fil ip et lora faisceaux hertziens avec et sans redevances geolocalisation clients de geolocalisation et prestations associees securite internet perimetrique et de datacenterselements actifs d optimisation d infrastructures reseau wan securite de gestion ip de reseaux d acces physique a l infrastructure reseau et prestations associees maintenance d infrastructures de reseau filaires et sans fil","[""https://www.boamp.fr/pages/avis/?q=idweb:18-60887"", ""https://www.boamp.fr/pages/avis/?q=idweb:18-84612"", ""https://www.boamp.fr/pages/avis/?q=idweb:19-57897""]",764,25,,,,,,,,,,,,,,,,NOT_STARTED,NO_OBSERVED_SUCCESSOR_IN_SCOPE,[],MEDIUM,"[""https://www.boamp.fr/pages/avis/?q=idweb:18-60887"", ""https://www.boamp.fr/pages/avis/?q=idweb:18-84612"", ""https://www.boamp.fr/pages/avis/?q=idweb:19-57897"", ""https://www.boamp.fr/pages/avis/?q=idweb:21-54802"", ""https://www.boamp.fr/pages/avis/?q=idweb:20-103125"", ""https://www.boamp.fr/pages/avis/?q=idweb:22-5852""]","No later episode in the supplied BOAMP review candidates matched both the buyer continuity and the anchor's specific functional need. The reviewed candidates concerned materially different procurements. This is a corpus-relative negative, not proof that no renewal occurred.",True,,,SINGLE_EVIDENCE_REVIEW_SUPPLIED_BOAMP_CORPUS,BOAMP supplied corpus and official notice URLs; no exhaustive TED/DECP search,2026-08-11,internship_v1.0
RV-018,PILOT_DEVELOPMENT,CPV-35|buyer_id_missing|duration,9,9,1.0,1.0,EP-3887981175043601,"[""21-102565"", ""21-106226"", ""21-108511"", ""21-114558"", ""21-154813""]",2021-11-25,2022-06-27,,Ville de Bouguenais,"[""Pays de la Loire""]","[""35120000""]",CPV-35,7.0,"fourniture mise en oeuvre et maintenance d un systeme de video protection urbaine pour la commune de bouguenais fourniture mise en oeuvre et maintenance d un systeme de videoprotection urbaine pour la commune de bouguenais la ville de bouguenais souhaite mettre en oeuvre un systeme complet de videoprotection urbaine qui s inscrit dans le schema directeur de prevention de surete de securite et de tranquillite qu elle a adopte a la suite d un audit de surete ce projet s inscrit dans le cadre de la reglementation en vigueur et bien evidemment dans le respect de la vie privee et des libertes fondamentales des concitoyens mise en place d un systeme de videoprotection sur la peripherie de certains batiments publics d un nouveau systeme de videoprotection sur certaines voies publiques mise en place du materiel de supervision des images dans le local lsu mise en place du materiel informatique permettant la transmission des donnees par rebond radio 
 fourniture mise en oeuvre et maintenance d un systeme de video protection urbaine pour la commune de bouguenais fourniture mise en oeuvre et maintenance d un systeme de videoprotection urbaine pour la commune de bouguenais la ville de bouguenais souhaite mettre en oeuvre un systeme complet de videoprotection urbaine qui s inscrit dans le schema directeur de prevention de surete de securite et de tranquillite qu elle a adopte a la suite d un audit de surete ce projet s inscrit dans le cadre de la reglementation en vigueur et bien evidemment dans le respect de la vie privee et des libertes fondamentales des concitoyens 
 fourniture mise en oeuvre et maintenance d un systeme de video protection urbaine pour la commune de bouguenais fourniture mise en oeuvre et maintenance d un systeme de videoprotection urbaine pour la commune de bouguenais la ville de bouguenais souhaite mettre en oeuvre un systeme complet de videoprotection urbaine qui s inscrit dans le schema directeur de prevention de surete de securite et de tranquillite qu elle a adopte a la suite d un audit de surete ce projet s inscrit dans le cadre de la reglementation en vigueur et bien evidemment dans le respect de la vie privee et des libertes fondamentales des concitoyens mise en place d un systeme de videoprotection sur la peripheriede certains batiments publics d un nouveau systeme de videoprotection sur certaines voies publiques mise en place du materiel de supervision des images dans le local lsu mise enplace du materiel informatique permettant la transmission des donnees par rebond radio","[""https://www.boamp.fr/pages/avis/?q=idweb:21-102565"", ""https://www.boamp.fr/pages/avis/?q=idweb:21-106226"", ""https://www.boamp.fr/pages/avis/?q=idweb:21-108511"", ""https://www.boamp.fr/pages/avis/?q=idweb:21-114558"", ""https://www.boamp.fr/pages/avis/?q=idweb:21-154813""]",80,25,,,,,,,,,,,,,,,,NOT_STARTED,NO_OBSERVED_SUCCESSOR_IN_SCOPE,[],MEDIUM,"[""https://www.boamp.fr/pages/avis/?q=idweb:21-102565"", ""https://www.boamp.fr/pages/avis/?q=idweb:21-106226"", ""https://www.boamp.fr/pages/avis/?q=idweb:21-108511"", ""https://www.boamp.fr/pages/avis/?q=idweb:21-114558"", ""https://www.boamp.fr/pages/avis/?q=idweb:21-154813"", ""https://www.boamp.fr/pages/avis/?q=idweb:24-64185"", ""https://www.boamp.fr/pages/avis/?q=idweb:24-129347"", ""https://www.boamp.fr/pages/avis/?q=idweb:22-68879"", ""https://www.boamp.fr/pages/avis/?q=idweb:22-128156"", ""https://www.boamp.fr/pages/avis/?q=idweb:22-113250"", ""https://www.boamp.fr/pages/avis/?q=idweb:22-151158""]","No later episode in the supplied BOAMP review candidates matched both the buyer continuity and the anchor's specific functional need. The reviewed candidates concerned materially different procurements. This is a corpus-relative negative, not proof that no renewal occurred.",True,,,SINGLE_EVIDENCE_REVIEW_SUPPLIED_BOAMP_CORPUS,BOAMP supplied corpus and official notice URLs; no exhaustive TED/DECP search,2026-08-11,internship_v1.0
RV-019,PILOT_DEVELOPMENT,CPV-32|buyer_id|duration_missing,9,9,1.0,1.0,EP-88c514f9a822db41,"[""19-176632""]",2019-11-27,,255003592.0,Syndicat Mixte Manche Numérique,"[""Normandie""]","[""32250000""]",CPV-32,,fourniture de telephones mobiles et d accessoires fourniture de telephones mobiles et d accessoiresle lancement de cette consultation fait suite a la declaration sans suite pour infructuosite du lot no2 de la consultation 2019 dusi 007 publiee par le pouvoir adjudicateur le 25 juillet 2019 sous le no2019 s142 349880 au joue la date limite de reception des offres avait ete fixee le 23 septembre 2019 a 12h00 intitule fourniture de services de telecommunications fixes entrantes et sortantes de telephonie fixe ip d abonnement m to m et de services annexes,"[""https://www.boamp.fr/pages/avis/?q=idweb:19-176632""]",59,25,,,,,,,,,,,,,,,,NOT_STARTED,OBSERVED_SUCCESSOR,"[""EP-658043f693108dc1""]",HIGH,"[""https://www.boamp.fr/pages/avis/?q=idweb:19-176632"", ""https://www.boamp.fr/pages/avis/?q=idweb:23-41674"", ""https://www.boamp.fr/pages/avis/?q=idweb:23-56852"", ""https://www.boamp.fr/pages/avis/?q=idweb:23-101859""]","Same Manche Numérique buyer and a later framework covering mobile services, devices and accessories, continuing the mobile-telephony purchasing need.",True,,,SINGLE_EVIDENCE_REVIEW_SUPPLIED_BOAMP_CORPUS,BOAMP supplied corpus and official notice URLs; no exhaustive TED/DECP search,2026-08-11,internship_v1.0
RV-020,PILOT_DEVELOPMENT,CPV-32|buyer_id_missing|duration_missing,24,12,0.5,2.0,EP-8dad4547e3e789e5,"[""19-17329"", ""19-71719""]",2019-05-07,,,EMA/DCDIRISI/DIRISI Brest,"[""Bretagne""]","[""32531000""]",CPV-32,,acquisition de systemes de visualisation de pilotage constitues d un support mobile integrant un logiciel de manoeuvre pilot portable unit ppu et d un kit de capteurs hybrides dont gps acquisition de systemes de visualisation de pilotage constitues d un support mobile integrant un logiciel de manoeuvre pilot portable unit ppu et d un kit de capteurs hybrides dont gps de positionnement centimetrique,"[""https://www.boamp.fr/pages/avis/?q=idweb:19-17329"", ""https://www.boamp.fr/pages/avis/?q=idweb:19-71719""]",1,1,,,,,,,,,,,,,,,,NOT_STARTED,NO_OBSERVED_SUCCESSOR_IN_SCOPE,[],MEDIUM,"[""https://www.boamp.fr/pages/avis/?q=idweb:19-17329"", ""https://www.boamp.fr/pages/avis/?q=idweb:19-71719"", ""https://www.boamp.fr/pages/avis/?q=idweb:20-91062""]","No later episode in the supplied BOAMP review candidates matched both the buyer continuity and the anchor's specific functional need. The reviewed candidates concerned materially different procurements. This is a corpus-relative negative, not proof that no renewal occurred.",True,,,SINGLE_EVIDENCE_REVIEW_SUPPLIED_BOAMP_CORPUS,BOAMP supplied corpus and official notice URLs; no exhaustive TED/DECP search,2026-08-11,internship_v1.0
RV-021,LOCKED_TEST,CPV-32|buyer_id_missing|duration_missing,24,12,0.5,2.0,EP-b7c10ffc23a9e51c,"[""17-178575"", ""18-71353""]",2018-05-25,,,École hautes études en santé publique,"[""Bretagne""]","[""32500000""]",CPV-32,,"la presente consultation porte sur le remplacement de l infrastructure de telephonie sur ip de l ehesp les prestations attendues recouvrent le remplacement du coeur de l infrastructure la presente consultation porte sur le remplacement de l infrastructure de telephonie sur ip de l ehesp les prestations attendues recouvrent le remplacement du coeur de l infrastructure et des prestations accessoires maintenance assistance technique support au developpement transferts de competences audit annuel les prestations sont detaillees dans le cahier des clauses techniques particulieres cctp 
 la presente consultation porte sur le remplacement de l infrastructure de telephonie sur ip de l ehesp les prestations attendues recouvrent le remplacement du coeur de l infrastructure la presente consultation porte sur le remplacement de l infrastructure de telephonie sur ip de l ehesp les prestations attendues recouvrent le remplacement du coeur de l infrastructure et des prestations accessoires maintenance assistance technique support au developpement transferts de competences audit annuel","[""https://www.boamp.fr/pages/avis/?q=idweb:17-178575"", ""https://www.boamp.fr/pages/avis/?q=idweb:18-71353""]",25,25,,,,,,,,,,,,,,,,NOT_STARTED,NO_OBSERVED_SUCCESSOR_IN_SCOPE,[],MEDIUM,"[""https://www.boamp.fr/pages/avis/?q=idweb:17-178575"", ""https://www.boamp.fr/pages/avis/?q=idweb:18-71353"", ""https://www.boamp.fr/pages/avis/?q=idweb:22-135236"", ""https://www.boamp.fr/pages/avis/?q=idweb:23-17746"", ""https://www.boamp.fr/pages/avis/?q=idweb:22-49058"", ""https://www.boamp.fr/pages/avis/?q=idweb:22-99947"", ""https://www.boamp.fr/pages/avis/?q=idweb:23-95299"", ""https://www.boamp.fr/pages/avis/?q=idweb:24-1734""]","No later episode in the supplied BOAMP review candidates matched both the buyer continuity and the anchor's specific functional need. The reviewed candidates concerned materially different procurements. This is a corpus-relative negative, not proof that no renewal occurred.",True,,,SINGLE_EVIDENCE_REVIEW_SUPPLIED_BOAMP_CORPUS,BOAMP supplied corpus and official notice URLs; no exhaustive TED/DECP search,2026-08-11,internship_v1.0
RV-022,LOCKED_TEST,CPV-35|buyer_id_missing|duration,9,9,1.0,1.0,EP-adc2fae8c06bce39,"[""20-139208"", ""21-42284""]",2021-04-01,2023-08-02,,Conseil Général du Morbihan,"[""Bretagne""]","[""45214200"", ""45110000"", ""45262660"", ""45112500"", ""45232410"", ""45233228"", ""45262210"", ""45262311"", ""45223200"", ""45422000"", ""45422100"", ""45261420"", ""45262650"", ""45421000"", ""45421143"", ""44316500"", ""45421152"", ""45421141"", ""45432111"", ""45431000"", ""45431200"", ""45442100"", ""45432210"", ""39715200"", ""39717000"", ""39715300"", ""44411000"", ""65310000"", ""31527260"", ""44480000"", ""35120000"", ""45313100"", ""39221000"", ""44211500"", ""44423400""]",CPV-35,28.0,"construction d un college d une capacite de 750 eleves a questembert construction d un college d une capacite de 750 eleves a questembert le projet comprend la construction d un college d une capacite de 750 eleves et les espaces exterieurs associes l ensemble de cette construction developpant une surface de plancher d environ 5 678 metres carres le montant de l enveloppe previsionnelle affecte aux travaux batiment neuf demolition vrd est fixe par le maitre d ouvrage a 11 160 000 eur ht valeur septembre 2020 demolition desamiantage demolitionl desamiantage vrd terrassement amenagements exterieurs preparation du terrain terrassements generaux les tranchees et le remblaiement pour tous les reseaux du present dossier les tranchees socles massifs socles et buttees pour reseaux concessionnaires les maconneries et ouvrages divers la realisation des voies et circulations les espaces verts le mobilier exterieur les clotures et les portails gros oeuvre terrassements pour ouvrages enterresreglage de plate forme et empierrement complementaireouvrages de fondationsgros beton et puits de fondationouvrages en beton armeenduits interieurs chapesisolation thermique et acoustique murs ossature bois charpente bois ouvrages de mob et charpente bois poteaux circulaires poteaux rectangulaires mur ossature bois etancheite couverture bardage zinc etancheite tpo inaccessible sous vegetalisation etancheite tpo accessible sous protection dalles sur plots etancheite tpo inaccessible autoprotegee sur support bac acier lanterneaux ouvrages de couverture et bardage zinc a joint debout bardage zinc panneaux translucides facade bois bardage bois ossature isolation laine de roche isolation laine de roche bardage fibres ciment deflecteur et obturateur de lame d air cloture bois menuiseries exterieures protections solaires ouvrage de menuiseries exterieures aluminium bequillage stores interieures de protections solaires brise soleil electriques volets roulants serrurerie les portes metalliques des locaux techniques et de rangement en general les clotures et portails barreaudes les garde corps et mains courantes des escaliers les garde corps vitres en protection avec le vide menuiseries interieures ouvrages de menuiseries interieures bois quincaillerie cloisons doublage les travaux faisant l objet du present lot consistent en la realisation des doublages thermiques des contre cloisons contre les murs ossature bois des cloisons de distribution des gaines techniques de chapes seches de plafond platre des ouvrages divers et accessoires faux plafonds les plafonds suspendus interieurs les faux plafonds exterieurs hors plafonds en plaques de platre revetements de sol sols souples revetements de sol en linoleum revetements de sol en pvc dans les escaliers sols durs chapes acoustiques revetements de sol colles revetements muraux en faience peinture ouvrages interieurs de peinture vernis sur ouvrages bois nettoyages de mise en service chauffage ventilation plomberie sanitaire paillasse production de chauffage par chaufferie bois granules production semi instantanee ecs centralisee installation de chauffage des batiments par radiateurs panneaux rayonnants plancher chauffant etaerotherme installations de ventilation gestion technique du batiment courants forts courants faibles ssi distribution d electricite signaux informatiques telephone systemes alarme incendie anti intrusion controle d acces et diffusion de l heure eclairage des locaux ascenseur la fabrication la fourniture le transport de l ascenseur equipements de cuisine la fourniture de l ensemble des equipements destines a l installation d une cuisine pedagogique pour la section hygiene alimentation services has composee de 2 groupes de 8 eleves par niveau serres pedagogiques fourniture et installation de 2 serres pedagogiques signaletique signaletique interieure et exterieure des batiments 
 construction d un college d une capacite de 750 eleves a questembert construction d un college d une capacite de 750 eleves a questembert le projet comprend la construction d un college d une capacite de 750 eleves et les espaces exterieurs associes l ensemble de cette construction developpant une surface de plancher d environ 5 678 metres carres le montant de l enveloppe previsionnelle affecte aux travaux batiment neuf demolition vrd est fixe par le maitre d ouvrage a 11 160 000 eur ht valeur septembre 2020 demolition desamiantage vrd terrassement amenagements exterieurs preparation du terrain terrassements generaux les tranchees et le remblaiement pour tous les reseaux du present dossier les tranchees socles massifs socles et buttees pour reseaux concessionnaires les maconneries et ouvrages divers la realisation des voies et circulations les espaces verts le mobilier exterieur les clotures et les portails gros oeuvre terrassements pour ouvrages enterres reglage de plate forme et empierrement complementaire ouvrages de fondations gros beton et puits de fondation ouvrages en beton arme enduits interieurs chapes isolation thermique et acoustique murs ossature bois charpente bois ouvrages de mob et charpente bois poteaux circulaires poteaux rectangulaires mur ossature bois etancheite couverture bardage zinc etancheite tpo inaccessible sous vegetalisation etancheite tpo accessible sous protection dalles sur plots etancheite tpo inaccessible autoprotegee sur support bac acier lanterneaux ouvrages de couverture et bardage zinc a joint debout bardage zinc panneaux translucides facade bois bardage bois ossature isolation laine de roche isolation laine de roche bardage fibres ciment deflecteur et obturateur de lame d air cloture bois menuiseries exterieures protections solaires ouvrage de menuiseries exterieures aluminium bequillage stores interieures de protections solaires brise soleil electriques volets roulants serrurerie les portes metalliques des locaux techniques et de rangement en general les clotures et portails barreaudes les garde corps et mains courantes des escaliers les garde corps vitres en protection avec le vide menuiseries interieures cloisons doublage les travaux faisant l objet du present lot consistent en la realisation des doublages thermiques des contre cloisons contre les murs ossature bois des cloisons de distribution des gaines techniques de chapes seches de plafond platre des ouvrages divers et accessoires faux plafonds les plafonds suspendus interieurs les faux plafonds exterieurs hors plafonds en plaques de platre revetements de sol sols souples revetements de sol en linoleum revetements de sol en pvc dans les escaliers sols durs chapes acoustiques revetements de sol colles revetements muraux en faience peinture ouvrages interieurs de peinture vernis sur ouvrages bois nettoyages de mise en service chauffage ventilation plomberie sanitaire paillasse production de chauffage par chaufferie bois granules production semi instantanee ecs centralisee installation de chauffage des batiments par radiateurs panneaux rayonnants plancher chauffant et aerotherme installations de ventilation gestion technique du batiment courants forts courants faibles ssi distribution d electricite signaux informatiques telephone systemes alarme incendie anti intrusion controle d acces et diffusion de l heure eclairage des locaux ascenseur la fabrication la fourniture le transport de l ascenseur equipements de cuisine la fourniture de l ensemble des equipements destines a l installation d une cuisine pedagogique pour la section hygiene alimentation services has composee de 2 groupes de 8 eleves par niveau serres pedagogiques fourniture et installation de 2 serres pedagogiques signaletique signaletique interieure et exterieure des batiments demolition desamiantage vrd terrassement amenagements exterieurs gros oeuvre murs ossature bois charpente bois etancheite couverture bardage zinc facade bois menuiseries exterieures protections solaires serrurerie menuiseries interieures cloisons doublages faux plafonds revetements de sols peinture chauffage ventilation plomberie sanitaires paillasses courants forts courants faibles ssi ascenseur equipements de cuisine serres pedagogiques signaletique","[""https://www.boamp.fr/pages/avis/?q=idweb:20-139208"", ""https://www.boamp.fr/pages/avis/?q=idweb:21-42284""]",7,7,,,,,,,,,,,,,,,,NOT_STARTED,OUTSIDE_SCOPE,[],HIGH,"[""https://www.boamp.fr/pages/avis/?q=idweb:20-139208"", ""https://www.boamp.fr/pages/avis/?q=idweb:21-42284""]",General college construction is outside the intended digital procurement scope.,False,,Anchor is outside the intended digital-procurement scope.,SINGLE_EVIDENCE_REVIEW_SUPPLIED_BOAMP_CORPUS,BOAMP supplied corpus and official notice URLs; no exhaustive TED/DECP search,2026-08-11,internship_v1.0
RV-023,LOCKED_TEST,CPV-32|buyer_id|duration,48,12,0.25,4.0,EP-65d102e9abb05e80,"[""21-106883"", ""21-121824"", ""21-149689""]",2021-11-12,2023-11-13,255003592.0,Syndicat Mixte Manche Numérique,"[""Normandie""]","[""50332000"", ""32421000"", ""32428000""]",CPV-32,24.0,marche d exploitation et de maintenance des infrastructures passives d un reseau de communications electroniques dorsale fibre optique de manche numerique les prestations consistent en mission no1 reprise en charge operationnelle du reseaula reprise en charge operationnelle par le titulaire des infrastructures passives d un reseau de communications electroniques etabli et exploite precedemment dans le cadre d une convention de delegation de service public mission no2 exploitation et maintenance du reseaules travaux relatifs au maintien de ce reseau ou a son exploitation courante mission no3 prestations d etudes et de travauxles etudes et les travaux relatifs a des extensions ou modifications des infrastructures passives preexistantes et a des raccordements finaux de locaux professionnels ou sites techniques,"[""https://www.boamp.fr/pages/avis/?q=idweb:21-106883"", ""https://www.boamp.fr/pages/avis/?q=idweb:21-121824"", ""https://www.boamp.fr/pages/avis/?q=idweb:21-149689""]",34,25,,,,,,,,,,,,,,,,NOT_STARTED,NO_OBSERVED_SUCCESSOR_IN_SCOPE,[],MEDIUM,"[""https://www.boamp.fr/pages/avis/?q=idweb:21-106883"", ""https://www.boamp.fr/pages/avis/?q=idweb:21-121824"", ""https://www.boamp.fr/pages/avis/?q=idweb:21-149689"", ""https://www.boamp.fr/pages/avis/?q=idweb:23-101075"", ""https://www.boamp.fr/pages/avis/?q=idweb:24-2498"", ""https://www.boamp.fr/pages/avis/?q=idweb:23-66770"", ""https://www.boamp.fr/pages/avis/?q=idweb:23-98144"", ""https://www.boamp.fr/pages/avis/?q=idweb:23-41674"", ""https://www.boamp.fr/pages/avis/?q=idweb:23-56852"", ""https://www.boamp.fr/pages/avis/?q=idweb:23-101859""]","No later episode in the supplied BOAMP review candidates matched both the buyer continuity and the anchor's specific functional need. The reviewed candidates concerned materially different procurements. This is a corpus-relative negative, not proof that no renewal occurred.",True,,,SINGLE_EVIDENCE_REVIEW_SUPPLIED_BOAMP_CORPUS,BOAMP supplied corpus and official notice URLs; no exhaustive TED/DECP search,2026-08-11,internship_v1.0
RV-024,LOCKED_TEST,CPV-32|buyer_id_missing|duration,112,12,0.1071428571428571,9.333333333333334,EP-e271e18398216f7d,"[""16-48016"", ""16-108990""]",2016-07-22,2022-01-21,,Université de Nantes,"[""Pays de la Loire""]","[""32420000"", ""50312310"", ""32423000""]",CPV-32,66.0,"refonte de l infrastructure wi fi haute densite de l universite de nantes refonte de l infrastructure wi fi haute densite de l universite de nantes tranche ferme acquisition du materiel du logiciel et des points d acces supplementaires tranche conditionnelle 1 prestations de maintenance du logiciel et du materiel sur 2 anstranche conditionnelle 2 prestations de maintenance du logiciel et du materiel sur 5 ans tranche conditionnelle 3 audit de couverture radio sur les sites de l universite de nantes pour 700 points d accestranche conditionnelle 4 audit de couverture radio sur les sites de l universite de nantes pour 1200 points d acces 
 refonte de l infrastructure wi fi haute densite de l universite de nantes tranche ferme acquisition du materiel du logiciel et des points d acces supplementaires tranche conditionnelle 1 prestations de maintenance du logiciel et du materiel sur 2 ans tranche conditionnelle 2 prestations de maintenance du logiciel et du materiel sur 5 ans tranche conditionnelle 3 audit de couverture radio sur les sites de l universite de nantes pour 700 points d acces tranche conditionnelle 4 audit de couverture radio sur les sites de l universite de nantes pour 1200 points d acces refonte de l infrastructure wi fi haute densite de l universite de nantes","[""https://www.boamp.fr/pages/avis/?q=idweb:16-48016"", ""https://www.boamp.fr/pages/avis/?q=idweb:16-108990""]",656,25,,,,,,,,,,,,,,,,NOT_STARTED,OBSERVED_SUCCESSOR,"[""EP-139ed3fb82f2934b""]",HIGH,"[""https://www.boamp.fr/pages/avis/?q=idweb:16-48016"", ""https://www.boamp.fr/pages/avis/?q=idweb:16-108990"", ""https://www.boamp.fr/pages/avis/?q=idweb:21-26708"", ""https://www.boamp.fr/pages/avis/?q=idweb:21-77050""]",Same university and infrastructure; the later procedure covers maintenance and evolution of the Wi-Fi infrastructure created or refitted by the anchor.,True,,,SINGLE_EVIDENCE_REVIEW_SUPPLIED_BOAMP_CORPUS,BOAMP supplied corpus and official notice URLs; no exhaustive TED/DECP search,2026-08-11,internship_v1.0
RV-025,LOCKED_TEST,CPV-32|buyer_id_missing|duration,112,12,0.1071428571428571,9.333333333333334,EP-732e3d9024c413de,"[""20-44434"", ""20-156116""]",2020-12-23,2021-06-24,,MARINE/DCSSF/ DSSFBrest,"[""Bretagne""]","[""32550000"", ""50640000""]",CPV-32,6.0,approvisionnement de divers rechanges de telephonie de marques diverses ou equivalents pour les batiments de la marine nationale le present avis concerne un marche ordinaire portant sur l approvisionnement de divers rechanges de telephonie de marques diverses ou equivalents pour les batiments de la marine nationale il s inscrit dans une procedure d appel d offres restreint conformement aux dispositions des articles l2324 2 et r2361 2 a r2361 7 du code de la commande publique,"[""https://www.boamp.fr/pages/avis/?q=idweb:20-44434"", ""https://www.boamp.fr/pages/avis/?q=idweb:20-156116""]",33,25,,,,,,,,,,,,,,,,NOT_STARTED,NO_OBSERVED_SUCCESSOR_IN_SCOPE,[],MEDIUM,"[""https://www.boamp.fr/pages/avis/?q=idweb:20-44434"", ""https://www.boamp.fr/pages/avis/?q=idweb:20-156116"", ""https://www.boamp.fr/pages/avis/?q=idweb:21-54609"", ""https://www.boamp.fr/pages/avis/?q=idweb:21-163799"", ""https://www.boamp.fr/pages/avis/?q=idweb:21-47760"", ""https://www.boamp.fr/pages/avis/?q=idweb:21-163725"", ""https://www.boamp.fr/pages/avis/?q=idweb:21-92767"", ""https://www.boamp.fr/pages/avis/?q=idweb:22-7500""]","No later episode in the supplied BOAMP review candidates matched both the buyer continuity and the anchor's specific functional need. The reviewed candidates concerned materially different procurements. This is a corpus-relative negative, not proof that no renewal occurred.",True,,,SINGLE_EVIDENCE_REVIEW_SUPPLIED_BOAMP_CORPUS,BOAMP supplied corpus and official notice URLs; no exhaustive TED/DECP search,2026-08-11,internship_v1.0
RV-026,LOCKED_TEST,CPV-32|buyer_id_missing|duration_missing,24,12,0.5,2.0,EP-d7c887de3ea4fcb7,"[""18-180681"", ""19-27168""]",2019-02-19,,,Conseil départemental de la Manche,"[""Normandie""]","[""39150000"", ""44423400"", ""31500000"", ""32331300""]",CPV-32,,"realisation de travaux d agencement interieur de l accueil boutique espace d exposition et de mediation a la batterie d azeville mobilier menuiserie realisation et pose signaletique impression numerique realisation et pose eclairage realisation fourniture et psoe acquisition d une nouvelle flotte d audio guides fourniture et installation du materiel realisation de contenus audio complementaires 
 realisation de travaux d agencement interieur de l accueil boutique espace d exposition et de mediation a la batterie d azeville","[""https://www.boamp.fr/pages/avis/?q=idweb:18-180681"", ""https://www.boamp.fr/pages/avis/?q=idweb:19-27168""]",421,25,,,,,,,,,,,,,,,,NOT_STARTED,OUTSIDE_SCOPE,[],HIGH,"[""https://www.boamp.fr/pages/avis/?q=idweb:18-180681"", ""https://www.boamp.fr/pages/avis/?q=idweb:19-27168""]",Interior shop and exhibition-space fitting works are outside the intended digital procurement scope.,False,,Anchor is outside the intended digital-procurement scope.,SINGLE_EVIDENCE_REVIEW_SUPPLIED_BOAMP_CORPUS,BOAMP supplied corpus and official notice URLs; no exhaustive TED/DECP search,2026-08-11,internship_v1.0
RV-027,LOCKED_TEST,CPV-72|buyer_id|duration_missing,26,7,0.2692307692307692,3.7142857142857135,EP-01a0f7908460d2ce,"[""20-37176""]",2020-03-13,,130003627.0,École hautes études en santé publique,"[""Bretagne""]","[""72250000""]",CPV-72,,maintenance sur le progiciel cantoriel le marche a pour objet les prestations de maintenance sur le progiciel sirh cantoriel le marche a pour objet les prestations de maintenance sur le progiciel cantoriel prestations de maintenance sur le progiciel cantoriel,"[""https://www.boamp.fr/pages/avis/?q=idweb:20-37176""]",22,22,,,,,,,,,,,,,,,,NOT_STARTED,NO_OBSERVED_SUCCESSOR_IN_SCOPE,[],MEDIUM,"[""https://www.boamp.fr/pages/avis/?q=idweb:20-37176"", ""https://www.boamp.fr/pages/avis/?q=idweb:24-46130"", ""https://www.boamp.fr/pages/avis/?q=idweb:24-89916"", ""https://www.boamp.fr/pages/avis/?q=idweb:24-34988"", ""https://www.boamp.fr/pages/avis/?q=idweb:24-86714"", ""https://www.boamp.fr/pages/avis/?q=idweb:24-98064"", ""https://www.boamp.fr/pages/avis/?q=idweb:24-139489""]","No later episode in the supplied BOAMP review candidates matched both the buyer continuity and the anchor's specific functional need. The reviewed candidates concerned materially different procurements. This is a corpus-relative negative, not proof that no renewal occurred.",True,,,SINGLE_EVIDENCE_REVIEW_SUPPLIED_BOAMP_CORPUS,BOAMP supplied corpus and official notice URLs; no exhaustive TED/DECP search,2026-08-11,internship_v1.0
RV-028,LOCKED_TEST,CPV-48|buyer_id_missing|duration,333,8,0.024024024024024,41.625,EP-fc7bfbd84490845b,"[""16-67267"", ""16-160467""]",2016-11-28,2020-02-29,,ADEME,"[""Pays de la Loire""]","[""48000000""]",CPV-48,39.0,"prestation d accompagnement de la diffusion de l outil et de la demarche climagri maintenance et amelioration de l outil appui technique formation l appropriation de l outil et de la demarche et la prise de competences le soutien a la gestion generale du projet la maintenance de l outil climagri technique et informatique et la realisation des ameliorations de l outil maintenance evolutive le soutien technique aux utilisateurs l adaptation et la diffusion du module de formation animation de la demarche l appropriation de l outil et de la demarche et la prise de competences le soutien a la gestion generale du projet dont la contribution a l animation de la demarche 
 prestation d accompagnement de la diffusion de l outil et de la demarche climagri","[""https://www.boamp.fr/pages/avis/?q=idweb:16-67267"", ""https://www.boamp.fr/pages/avis/?q=idweb:16-160467""]",72,25,,,,,,,,,,,,,,,,NOT_STARTED,NO_OBSERVED_SUCCESSOR_IN_SCOPE,[],MEDIUM,"[""https://www.boamp.fr/pages/avis/?q=idweb:16-67267"", ""https://www.boamp.fr/pages/avis/?q=idweb:16-160467"", ""https://www.boamp.fr/pages/avis/?q=idweb:19-8432"", ""https://www.boamp.fr/pages/avis/?q=idweb:19-54586"", ""https://www.boamp.fr/pages/avis/?q=idweb:19-56465"", ""https://www.boamp.fr/pages/avis/?q=idweb:18-126376"", ""https://www.boamp.fr/pages/avis/?q=idweb:18-131827"", ""https://www.boamp.fr/pages/avis/?q=idweb:18-133791""]","No later episode in the supplied BOAMP review candidates matched both the buyer continuity and the anchor's specific functional need. The reviewed candidates concerned materially different procurements. This is a corpus-relative negative, not proof that no renewal occurred.",True,,,SINGLE_EVIDENCE_REVIEW_SUPPLIED_BOAMP_CORPUS,BOAMP supplied corpus and official notice URLs; no exhaustive TED/DECP search,2026-08-11,internship_v1.0
RV-029,LOCKED_TEST,CPV-72|buyer_id_missing|duration,473,7,0.014799154334038,67.57142857142857,EP-2ac1f8d29d7cb0e7,"[""21-155518"", ""21-158608"", ""22-34473""]",2022-03-12,2024-03-12,,Sorbonne Université,"[""Bretagne""]","[""92510000"", ""79131000"", ""72311100""]",CPV-72,24.0,"numerisation du patrimoine documentaire de la bibliothequ de sorbonne universite la presente consultation a pour objet le service de numerisation du patrimoine documentaire pour le compte de la bibliotheque de sorbonne universite 
 numerisation du patrimoine documentaire de la bibliothequ de sorbonne universite numerisation documentaire numerisation du patrimoine documentaire de la bibliotheque sorbonne universite","[""https://www.boamp.fr/pages/avis/?q=idweb:21-155518"", ""https://www.boamp.fr/pages/avis/?q=idweb:21-158608"", ""https://www.boamp.fr/pages/avis/?q=idweb:22-34473""]",14,14,,,,,,,,,,,,,,,,NOT_STARTED,NO_OBSERVED_SUCCESSOR_IN_SCOPE,[],MEDIUM,"[""https://www.boamp.fr/pages/avis/?q=idweb:21-155518"", ""https://www.boamp.fr/pages/avis/?q=idweb:21-158608"", ""https://www.boamp.fr/pages/avis/?q=idweb:22-34473"", ""https://www.boamp.fr/pages/avis/?q=idweb:23-164692"", ""https://www.boamp.fr/pages/avis/?q=idweb:23-131929"", ""https://www.boamp.fr/pages/avis/?q=idweb:24-3359"", ""https://www.boamp.fr/pages/avis/?q=idweb:24-78608""]","No later episode in the supplied BOAMP review candidates matched both the buyer continuity and the anchor's specific functional need. The reviewed candidates concerned materially different procurements. This is a corpus-relative negative, not proof that no renewal occurred.",True,,,SINGLE_EVIDENCE_REVIEW_SUPPLIED_BOAMP_CORPUS,BOAMP supplied corpus and official notice URLs; no exhaustive TED/DECP search,2026-08-11,internship_v1.0
RV-030,LOCKED_TEST,CPV-48|buyer_id|duration,106,8,0.0754716981132075,13.25,EP-4351013231c457a0,"[""19-119207"", ""20-81""]",2020-01-04,2020-11-04,247200132.0,Le Mans Métropole - Communauté Urbaine,"[""Pays de la Loire""]","[""39300000"", ""42995100"", ""42924740"", ""42410000"", ""31630000"", ""42512000"", ""50222000"", ""42512500"", ""32323000"", ""32236000"", ""30230000"", ""48900000"", ""50113200""]",CPV-48,10.0,achat de materiels pour la setrram marche compose de 16 lots le lot 10 comporte une tranche ferme et une tranche optionnelle une visite sur site pour les lots 1 2 4 9 10 et 16 est obligatoire tunnel de lavage autobus le delai maximal d execution est de 10 mois renouvellement nettoyeur haute pression vehicule nettoyage voie le delai maximal d execution est de 2 mois module d aspiration arriere pour balayeuse de voie le delai maximal d execution est de 5 semaines systeme de levage 500 kg pour manutention en zone bogie le delai maximal d execution est de 8 semaines aimant patin magnetique le delai maximal d execution est de 20 semaines lot de platines de portes pmc le delai maximal d execution est de 30 semaines bcc type 2 automate climatisation salle soprano type 2 modules et cartes mesd renovation machine a laver tramway modernisation du graissage embarque rames citadis le delai maximal d execution est de 6 mois ensemble cvs pour climatisation salle soprano type 2 renouvellement mur d images pcc le delai maximal d execution est de 3 mois acquisition de 10 radiotelephones portatifs tetra le delai maximal d execution est de 4 mois fourniture et installation de materiel informatique et de logiciels pour la setram evolution logiciel centre de relation clientele renovation interieure d autobus standards diesel,"[""https://www.boamp.fr/pages/avis/?q=idweb:19-119207"", ""https://www.boamp.fr/pages/avis/?q=idweb:20-81""]",438,25,,,,,,,,,,,,,,,,NOT_STARTED,OUTSIDE_SCOPE,[],HIGH,"[""https://www.boamp.fr/pages/avis/?q=idweb:19-119207"", ""https://www.boamp.fr/pages/avis/?q=idweb:20-81""]",Mixed SETRAM equipment procurement is not sufficiently specific to a digital need.,False,,Anchor is outside the intended digital-procurement scope.,SINGLE_EVIDENCE_REVIEW_SUPPLIED_BOAMP_CORPUS,BOAMP supplied corpus and official notice URLs; no exhaustive TED/DECP search,2026-08-11,internship_v1.0
RV-031,LOCKED_TEST,CPV-48|buyer_id_missing|duration_missing,113,8,0.0707964601769911,14.125,EP-3dd334ed60dd8eb4,"[""18-110801"", ""18-166754""]",2018-11-29,,,CTE REG PECHES MARITIMES ELEVAGES MARI,"[""Pays de la Loire""]","[""48610000""]",CPV-48,,"creation d un logiciel de gestion de licences et autorisations de peche creation d un logiciel de gestion de licences et autorisations de peche 
 creation d un logiciel de gestion de licences et autorisations de peche","[""https://www.boamp.fr/pages/avis/?q=idweb:18-110801"", ""https://www.boamp.fr/pages/avis/?q=idweb:18-166754""]",7,7,,,,,,,,,,,,,,,,NOT_STARTED,NO_OBSERVED_SUCCESSOR_IN_SCOPE,[],MEDIUM,"[""https://www.boamp.fr/pages/avis/?q=idweb:18-110801"", ""https://www.boamp.fr/pages/avis/?q=idweb:18-166754"", ""https://www.boamp.fr/pages/avis/?q=idweb:22-154127"", ""https://www.boamp.fr/pages/avis/?q=idweb:23-160849"", ""https://www.boamp.fr/pages/avis/?q=idweb:21-151598""]","No later episode in the supplied BOAMP review candidates matched both the buyer continuity and the anchor's specific functional need. The reviewed candidates concerned materially different procurements. This is a corpus-relative negative, not proof that no renewal occurred.",True,,,SINGLE_EVIDENCE_REVIEW_SUPPLIED_BOAMP_CORPUS,BOAMP supplied corpus and official notice URLs; no exhaustive TED/DECP search,2026-08-11,internship_v1.0
RV-032,LOCKED_TEST,CPV-32|buyer_id|duration_missing,9,9,1.0,1.0,EP-4e4727b287bf8935,"[""15-187883"", ""16-9086"", ""16-61085""]",2016-04-30,,227200029.0,Département de la Sarthe,"[""Pays de la Loire""]","[""32420000"", ""32421000"", ""32400000"", ""32200000""]",CPV-32,,"fourniture pour le deploiement de reseaux tele informatiques dans les colleges publics de la sarthe au mans deploiement de reseaux tele informatiques dans les colleges publics de la sarthe marches a bons de commande sans minimum ni maximum equipements actifs de reseau equipements et prestations de telephonie 
 fourniture pour le deploiement de reseaux tele informatiques dans les colleges publics de la sarthe au mans rectificatif deploiement de reseaux tele informatiques dans les colleges publics de la sarthe marches a bons de commande sans minimum ni maximum 
 deploiement de reseaux tele informatiques dans les colleges publics de la sarthe marches a bons de commande sans minimum ni maximum equipements actifs de reseau equipements et prestations de telephonie","[""https://www.boamp.fr/pages/avis/?q=idweb:15-187883"", ""https://www.boamp.fr/pages/avis/?q=idweb:16-9086"", ""https://www.boamp.fr/pages/avis/?q=idweb:16-61085""]",663,25,,,,,,,,,,,,,,,,NOT_STARTED,OBSERVED_SUCCESSOR,"[""EP-bfc9d602357cbb4a""]",MEDIUM,"[""https://www.boamp.fr/pages/avis/?q=idweb:15-187883"", ""https://www.boamp.fr/pages/avis/?q=idweb:16-9086"", ""https://www.boamp.fr/pages/avis/?q=idweb:16-61085"", ""https://www.boamp.fr/pages/avis/?q=idweb:20-150503"", ""https://www.boamp.fr/pages/avis/?q=idweb:21-63053""]",Same department and colleges; the later procedure provides operational maintenance for the computer networks and IP telephony deployed by the anchor.,True,,,SINGLE_EVIDENCE_REVIEW_SUPPLIED_BOAMP_CORPUS,BOAMP supplied corpus and official notice URLs; no exhaustive TED/DECP search,2026-08-11,internship_v1.0
RV-033,LOCKED_TEST,CPV-32|buyer_id|duration_missing,9,9,1.0,1.0,EP-262c588b7ff0d434,"[""15-71759"", ""15-136360"", ""15-169051""]",2015-09-07,,243500774.0,COMMUNAUTE DE COMMUNES PAYS DE LIFFRE,"[""Bretagne""]","[""45112500"", ""32424000"", ""45314300"", ""45232454"", ""45233120"", ""45232423"", ""34928500""]",CPV-32,,"creation des equipements structurants de la zac de sevailles a liffre creation des equipements structurants de la zac de sevailles terrassements voirie realisation de voies structurantes modification d un rond point d autoroute et creation d un rond point assainissement eaux usees eaux pluviales alimentation eau potable tranchees gaz reseau eaux usees en pvc cr16 reseau eaux pluviales en beton distribution eau potable en pehd electrosoude detectable surlargeur de tranchees pour le gaz fourreaux electricite eclairage public genie civil telecommunications fibre optique fourreaux electricite fourreaux cablage et mobilier d eclairage public genie civil telecommunications fibre optique creation de zones humides renaturation de 340 ml de cours d eau creation de 2 14 ha de zones humides bassins et ouvrages de gestion des eaux pluviales creation d un bassin et des equipements de lutte contre l incendie 
 creation des equipements structurants de la zac de sevailles a liffre creation des equipements structurants de la zac de sevailles","[""https://www.boamp.fr/pages/avis/?q=idweb:15-71759"", ""https://www.boamp.fr/pages/avis/?q=idweb:15-136360"", ""https://www.boamp.fr/pages/avis/?q=idweb:15-169051""]",227,25,,,,,,,,,,,,,,,,NOT_STARTED,OUTSIDE_SCOPE,[],HIGH,"[""https://www.boamp.fr/pages/avis/?q=idweb:15-71759"", ""https://www.boamp.fr/pages/avis/?q=idweb:15-136360"", ""https://www.boamp.fr/pages/avis/?q=idweb:15-169051""]",General infrastructure works for a development zone are outside the intended digital procurement scope.,False,,Anchor is outside the intended digital-procurement scope.,SINGLE_EVIDENCE_REVIEW_SUPPLIED_BOAMP_CORPUS,BOAMP supplied corpus and official notice URLs; no exhaustive TED/DECP search,2026-08-11,internship_v1.0
RV-034,LOCKED_TEST,CPV-72|buyer_id|duration_missing,26,7,0.2692307692307692,3.7142857142857135,EP-208ea0d92b29fdb3,"[""19-183431""]",2019-12-11,,130003627.0,École hautes études en santé publique,"[""Bretagne""]","[""72250000""]",CPV-72,,maintenance et assistance du progiciel siscole le marche a pour objet les prestations de maintenance et d assistance sur le progiciel siscole marche de maintenance et d assistance sur le progiciel op,"[""https://www.boamp.fr/pages/avis/?q=idweb:19-183431""]",23,23,,,,,,,,,,,,,,,,NOT_STARTED,NO_OBSERVED_SUCCESSOR_IN_SCOPE,[],MEDIUM,"[""https://www.boamp.fr/pages/avis/?q=idweb:19-183431"", ""https://www.boamp.fr/pages/avis/?q=idweb:20-37176"", ""https://www.boamp.fr/pages/avis/?q=idweb:24-46130"", ""https://www.boamp.fr/pages/avis/?q=idweb:24-89916"", ""https://www.boamp.fr/pages/avis/?q=idweb:23-95299"", ""https://www.boamp.fr/pages/avis/?q=idweb:24-1734""]","No later episode in the supplied BOAMP review candidates matched both the buyer continuity and the anchor's specific functional need. The reviewed candidates concerned materially different procurements. This is a corpus-relative negative, not proof that no renewal occurred.",True,,,SINGLE_EVIDENCE_REVIEW_SUPPLIED_BOAMP_CORPUS,BOAMP supplied corpus and official notice URLs; no exhaustive TED/DECP search,2026-08-11,internship_v1.0
RV-035,LOCKED_TEST,CPV-32|buyer_id|duration,48,12,0.25,4.0,EP-243e7307a67f9e3a,"[""16-103088"", ""16-167133""]",2016-11-20,2017-08-21,247200132.0,Le Mans Métropole - Communauté Urbaine,"[""Pays de la Loire""]","[""30200000"", ""43800000"", ""34322100"", ""44510000"", ""32236000"", ""44321000"", ""30233300""]",CPV-32,9.0,equipement en materiels informatique technique et logiciels pour la setram consultation decomposee en 13 lots le lot 12 comporte une tranche ferme et une tranche optionnelle fourniture et installation de materiel informatique et logiciels centrale d aspiration d huile cuve pour stockage de liquide de refroidissement station d entretien climatisation kit coussins de levage accumulateurs de systemes de freinage compteurs d huile atelier appareil a griffer la ligne aerienne de contact palans a levier a rochet 1500 kg acquisition de sept radiotelephones portatifs remplacement cable arret d urgence t13 automates et lecteurs controle d acces appareil de vidange et de recuperation du gaz pour la maintenance autobus,"[""https://www.boamp.fr/pages/avis/?q=idweb:16-103088"", ""https://www.boamp.fr/pages/avis/?q=idweb:16-167133""]",676,25,,,,,,,,,,,,,,,,NOT_STARTED,OUTSIDE_SCOPE,[],HIGH,"[""https://www.boamp.fr/pages/avis/?q=idweb:16-103088"", ""https://www.boamp.fr/pages/avis/?q=idweb:16-167133""]",Mixed SETRAM technical equipment and supplies are not sufficiently specific to a digital need.,False,,Anchor is outside the intended digital-procurement scope.,SINGLE_EVIDENCE_REVIEW_SUPPLIED_BOAMP_CORPUS,BOAMP supplied corpus and official notice URLs; no exhaustive TED/DECP search,2026-08-11,internship_v1.0
RV-036,LOCKED_TEST,CPV-72|buyer_id|duration,194,7,0.0360824742268041,27.714285714285715,EP-d5fc0322c35b23fc,"[""19-156761"", ""20-66937""]",2020-05-22,2022-05-23,818969552.0,Ville d'Alençon,"[""Normandie"", ""Pays de la Loire""]","[""71310000"", ""72224000""]",CPV-72,24.0,prestations de management de societe et d appui a la gestion operationnelle et de conduite d actions et d operation d amenagement et de construction prestations de management de societe et d appui a la gestion operationnelle pour la s p l creee par la ville et la communaute urbaine d alencon pour la conduite d actions et d operation d amenagement et de constructionaccord cadre monoattributaire a bons de commande sans minimum ni maximum attribution d un marche unique accord cadre conclu pour une periode initiale de 2 ans il est renouvelable tacitement deux fois un an,"[""https://www.boamp.fr/pages/avis/?q=idweb:19-156761"", ""https://www.boamp.fr/pages/avis/?q=idweb:20-66937""]",162,25,,,,,,,,,,,,,,,,NOT_STARTED,OUTSIDE_SCOPE,[],HIGH,"[""https://www.boamp.fr/pages/avis/?q=idweb:19-156761"", ""https://www.boamp.fr/pages/avis/?q=idweb:20-66937""]",Corporate management and operational-support services are outside the intended digital procurement scope.,False,,Anchor is outside the intended digital-procurement scope.,SINGLE_EVIDENCE_REVIEW_SUPPLIED_BOAMP_CORPUS,BOAMP supplied corpus and official notice URLs; no exhaustive TED/DECP search,2026-08-11,internship_v1.0
RV-037,LOCKED_TEST,CPV-35|buyer_id_missing|duration_missing,4,4,1.0,1.0,EP-8cee77cf59c60d98,"[""16-14952""]",2016-02-08,,,Conseil départemental de la Mayenne,"[""Pays de la Loire""]","[""35710000""]",CPV-35,,progiciels de gestion financiere et de transport scolaire a laval progiciels de gestion financiere et de transport scolaire,"[""https://www.boamp.fr/pages/avis/?q=idweb:16-14952""]",685,25,,,,,,,,,,,,,,,,NOT_STARTED,NO_OBSERVED_SUCCESSOR_IN_SCOPE,[],MEDIUM,"[""https://www.boamp.fr/pages/avis/?q=idweb:16-14952"", ""https://www.boamp.fr/pages/avis/?q=idweb:20-57408"", ""https://www.boamp.fr/pages/avis/?q=idweb:20-62883"", ""https://www.boamp.fr/pages/avis/?q=idweb:19-87646""]","No later episode in the supplied BOAMP review candidates matched both the buyer continuity and the anchor's specific functional need. The reviewed candidates concerned materially different procurements. This is a corpus-relative negative, not proof that no renewal occurred.",True,,,SINGLE_EVIDENCE_REVIEW_SUPPLIED_BOAMP_CORPUS,BOAMP supplied corpus and official notice URLs; no exhaustive TED/DECP search,2026-08-11,internship_v1.0
RV-038,LOCKED_TEST,CPV-48|buyer_id_missing|duration_missing,113,8,0.0707964601769911,14.125,EP-afc4aec9b670f309,"[""18-116745""]",2018-08-19,,,Nantes Métropole,"[""Pays de la Loire""]","[""48000000""]",CPV-48,,mise en oeuvre d une solution de gestion et de suivi des declarations de travaux et des recepisses associes mise en uvre d une solution de gestion et de suivi des declarations de travaux et des recepisses associes maintenance et prestations associees pour le compte du groupement de commandes informatiques mise en uvre d une solution de gestion et de suivi des declarations de travaux et des recepisses associes maintenance et prestations associees pour le compte du groupement de commandes informatiques nantes metropole ville de nantes mise en uvre d une solution de gestion et de suivi des declarations de travaux et des recepisses associes maintenance et prestations associees pour le compte du groupement de commandes informatiques,"[""https://www.boamp.fr/pages/avis/?q=idweb:18-116745""]",2952,25,,,,,,,,,,,,,,,,NOT_STARTED,NO_OBSERVED_SUCCESSOR_IN_SCOPE,[],MEDIUM,"[""https://www.boamp.fr/pages/avis/?q=idweb:18-116745"", ""https://www.boamp.fr/pages/avis/?q=idweb:22-69242"", ""https://www.boamp.fr/pages/avis/?q=idweb:22-88894"", ""https://www.boamp.fr/pages/avis/?q=idweb:21-143183"", ""https://www.boamp.fr/pages/avis/?q=idweb:21-153479""]","No later episode in the supplied BOAMP review candidates matched both the buyer continuity and the anchor's specific functional need. The reviewed candidates concerned materially different procurements. This is a corpus-relative negative, not proof that no renewal occurred.",True,,,SINGLE_EVIDENCE_REVIEW_SUPPLIED_BOAMP_CORPUS,BOAMP supplied corpus and official notice URLs; no exhaustive TED/DECP search,2026-08-11,internship_v1.0
RV-039,LOCKED_TEST,CPV-48|buyer_id|duration_missing,14,7,0.5,2.0,EP-6d1f6e6f718b1cc7,"[""19-57992""]",2019-04-12,,261400931.0,CENTRE HOSPITALIER UNIVERSITAIRE,"[""Normandie""]","[""48000000""]",CPV-48,,acquisition et mise en oeuvre de modules complementaires et prestations concernant les applications du si acquisition et mise en oeuvre de modules complementaires et prestations concernant les applications du systeme d information du chu de caen editees par la societe maincare solutions acquisition et mise en oeuvre de modules complementaires et prestations concernant les applications du systeme d information,"[""https://www.boamp.fr/pages/avis/?q=idweb:19-57992""]",765,25,,,,,,,,,,,,,,,,NOT_STARTED,NO_OBSERVED_SUCCESSOR_IN_SCOPE,[],MEDIUM,"[""https://www.boamp.fr/pages/avis/?q=idweb:19-57992"", ""https://www.boamp.fr/pages/avis/?q=idweb:23-144948"", ""https://www.boamp.fr/pages/avis/?q=idweb:22-50010"", ""https://www.boamp.fr/pages/avis/?q=idweb:22-16615"", ""https://www.boamp.fr/pages/avis/?q=idweb:22-20290""]","No later episode in the supplied BOAMP review candidates matched both the buyer continuity and the anchor's specific functional need. The reviewed candidates concerned materially different procurements. This is a corpus-relative negative, not proof that no renewal occurred.",True,,,SINGLE_EVIDENCE_REVIEW_SUPPLIED_BOAMP_CORPUS,BOAMP supplied corpus and official notice URLs; no exhaustive TED/DECP search,2026-08-11,internship_v1.0
RV-040,LOCKED_TEST,CPV-32|buyer_id_missing|duration_missing,24,12,0.5,2.0,EP-e5194ded74aa0a82,"[""17-90498""]",2017-06-29,,,Commune de Thorigné-Fouillard,"[""Bretagne""]","[""45230000"", ""45233120"", ""45232410"", ""34993000"", ""32412100""]",CPV-32,,travaux d amenagement de la 3eme tranche de la zac de la vigne terrassements voirie assainissement eaux usees et eaux pluviales reseaux telecommunication basse tension eclairage public tranchees hta et gaz terrassements voirie assainissement eaux usees et eaux pluviales reseaux telecommunication basse tension eclairage public tranchees hta et gaz,"[""https://www.boamp.fr/pages/avis/?q=idweb:17-90498""]",7,7,,,,,,,,,,,,,,,,NOT_STARTED,OUTSIDE_SCOPE,[],HIGH,"[""https://www.boamp.fr/pages/avis/?q=idweb:17-90498""]",Development-zone civil works are outside the intended digital procurement scope.,False,,Anchor is outside the intended digital-procurement scope.,SINGLE_EVIDENCE_REVIEW_SUPPLIED_BOAMP_CORPUS,BOAMP supplied corpus and official notice URLs; no exhaustive TED/DECP search,2026-08-11,internship_v1.0
RV-041,LOCKED_TEST,CPV-48|buyer_id|duration_missing,14,7,0.5,2.0,EP-a959ff0f4cb86340,"[""15-124753"", ""16-98545""]",2016-07-04,,200050425.0,SDE35,"[""Bretagne""]","[""48000000"", ""72267000"", ""72261000"", ""80533000""]",CPV-48,,"acquisition mise en oeuvre integration et maintenance d un logiciel de gestion des affaires pour le compte du sde35 a thorigne fouillard 2015 mf03 l appel a candidature concerne l acquisition la mise en oeuvre l integration et la maintenance d un logiciel de gestion des affaires pour le sde35 
 acquisition mise en oeuvre integration et maintenance d un logiciel de gestion des affaires du sde35 acquisition mise en oeuvre integration et maintenance d un logiciel de gestion des affaires du sde35 le present dialogue competitif porte sur l acquisition la mise en uvre l integration et la maintenanced un logiciel de gestion des affaires au sde35 et les prestations associees acquisition mise en uvre integration et maintenance d un logiciel de gestion des affaires pour le sde35 acquisition mise en oeuvre integration et maintenance d un logiciel de gestion des affaires pour le sde35","[""https://www.boamp.fr/pages/avis/?q=idweb:15-124753"", ""https://www.boamp.fr/pages/avis/?q=idweb:16-98545""]",62,25,,,,,,,,,,,,,,,,NOT_STARTED,OBSERVED_SUCCESSOR,"[""EP-f392aa822ca99f0c""]",HIGH,"[""https://www.boamp.fr/pages/avis/?q=idweb:15-124753"", ""https://www.boamp.fr/pages/avis/?q=idweb:16-98545"", ""https://www.boamp.fr/pages/avis/?q=idweb:18-74094""]","Same SDE35 buyer and nearly identical acquisition, implementation, integration and maintenance need for the business-management software.",True,,,SINGLE_EVIDENCE_REVIEW_SUPPLIED_BOAMP_CORPUS,BOAMP supplied corpus and official notice URLs; no exhaustive TED/DECP search,2026-08-11,internship_v1.0
RV-042,LOCKED_TEST,CPV-35|buyer_id_missing|duration,9,9,1.0,1.0,EP-88ec6140fd9d0436,"[""18-146927"", ""19-34719""]",2019-03-07,2023-09-06,,CCAS DE LA ROCHE-SUR-YON,"[""Pays de la Loire""]","[""33195000"", ""35121700"", ""35125000""]",CPV-35,54.0,"evolution des appels infirmieres et des systemes d anti fugues des ehpad du centre communal d action sociale de la roche sur yon evolution des appels infirmieres et des systemes d anti fugues des ehpad du centre communal d action sociale de la roche sur yon les prestations portent sur la fourniture et l installation des appels infirmieres et des systemes d anti fugues des 5 ehpad du centre communal d action sociale de la roche sur yon soit 419 residents a titre indicatif le marche debutera en fevrier 2019 le titulaire devra ensuite assurer la garantie sur site a compter de la date anniversaire de la vsr pour 12 mois le service de garantie reprendra sans restriction les conditions du service de maintenance preventive et curative materielle et logicielle decrites au cctp et les niveaux d engagement associes le titulaire fournira ensuite des prestations de service de maintenance sur les equipements et logiciels pour une duree de 3 ans les prestations portent sur la fourniture et l installation des appels infirmieres et des systemes d anti fugues des 5 ehpad du centre communal d action sociale de la roche sur yon soit 419 residents a titre indicatif le marche debutera en fevrier 2019 le titulaire devra ensuite assurer la garantie sur site a compter de la date anniversaire de la vsr pour 12 mois le service de garantie reprendra sans restriction les conditions du service de maintenance preventive et curative materielle et logicielle decrites au cctp et les niveaux d engagement associes le titulaire fournira ensuite des prestations de service de maintenance sur les equipements et logiciels pour une duree de 3 ans 
 evolution des appels infirmieres et des systemes d anti fugues des ehpad du centre communal d action sociale de la roche sur yon evolution des appels infirmieres et des systemes d anti fugues des ehpad du centre communal d action sociale de la roche sur yon les prestations portent sur la fourniture et l installation des appels infirmieres et des systemes d anti fugues des 5 ehpad du centre communal d action sociale de la roche sur yon soit 419 residents le titulaire doit assurer la garantie sur site a compter de la date anniversaire de la vsr pour 12 mois le service de garantie reprendra sans restriction les conditions du service de maintenance preventive et curative materielle et logicielle decrites au cctp et les niveaux d engagement associes le titulaire fournira ensuite des prestations de service de maintenance sur les equipements et logiciels pour une duree de 3 ans","[""https://www.boamp.fr/pages/avis/?q=idweb:18-146927"", ""https://www.boamp.fr/pages/avis/?q=idweb:19-34719""]",12,12,,,,,,,,,,,,,,,,NOT_STARTED,OBSERVED_SUCCESSOR,"[""EP-95519c6f991fe915""]",HIGH,"[""https://www.boamp.fr/pages/avis/?q=idweb:18-146927"", ""https://www.boamp.fr/pages/avis/?q=idweb:19-34719"", ""https://www.boamp.fr/pages/avis/?q=idweb:25-98483""]",The later CIAS procedure continues maintenance and evolution of nurse-call and anti-wandering systems for the same local elderly-care establishments.,False,POSSIBLE_DUPLICATE_ANCHOR,Possible duplicate anchor procedure with RV-052; retained in the full table but excluded from the primary evaluation subset to avoid double counting.,SINGLE_EVIDENCE_REVIEW_SUPPLIED_BOAMP_CORPUS,BOAMP supplied corpus and official notice URLs; no exhaustive TED/DECP search,2026-08-11,internship_v1.0
RV-043,LOCKED_TEST,CPV-72|buyer_id_missing|duration_missing,148,7,0.0472972972972973,21.142857142857142,EP-83f8367db8dd7d43,"[""15-56279""]",2015-04-14,,,Ville de Rouen,"[""Normandie""]","[""72267100""]",CPV-72,,maintien en conditions operationnelles des modules de la solution de gestion des marches publics marco a rouen maintien en conditions operationnelles des modules de la solution de gestion des marches publics marco marche a bons de commandes sans minimum ni maximum conclu en application de l article 35 ii 8 du code des marches publics le montant estime des depenses sur 4 ans est de 100 000 euro h t,"[""https://www.boamp.fr/pages/avis/?q=idweb:15-56279""]",526,25,,,,,,,,,,,,,,,,NOT_STARTED,NO_OBSERVED_SUCCESSOR_IN_SCOPE,[],MEDIUM,"[""https://www.boamp.fr/pages/avis/?q=idweb:15-56279"", ""https://www.boamp.fr/pages/avis/?q=idweb:19-168112"", ""https://www.boamp.fr/pages/avis/?q=idweb:18-23117"", ""https://www.boamp.fr/pages/avis/?q=idweb:20-40521"", ""https://www.boamp.fr/pages/avis/?q=idweb:20-50365""]","No later episode in the supplied BOAMP review candidates matched both the buyer continuity and the anchor's specific functional need. The reviewed candidates concerned materially different procurements. This is a corpus-relative negative, not proof that no renewal occurred.",True,,,SINGLE_EVIDENCE_REVIEW_SUPPLIED_BOAMP_CORPUS,BOAMP supplied corpus and official notice URLs; no exhaustive TED/DECP search,2026-08-11,internship_v1.0
RV-044,LOCKED_TEST,CPV-32|buyer_id_missing|duration,112,12,0.1071428571428571,9.333333333333334,EP-8c37de7e23103c21,"[""16-34992"", ""16-74313""]",2016-05-23,2020-05-23,,Syndicat mixte mégalis bretagne,"[""Bretagne""]","[""64210000"", ""32550000""]",CPV-32,48.0,"fourniture d une solution de gestion de telephonie fixe en toip a cessons sevigne fourniture d une solution de gestion de telephonie fixe en toip 
 fourniture d une solution de gestion de telephonie fixe en toip","[""https://www.boamp.fr/pages/avis/?q=idweb:16-34992"", ""https://www.boamp.fr/pages/avis/?q=idweb:16-74313""]",78,25,,,,,,,,,,,,,,,,NOT_STARTED,NO_OBSERVED_SUCCESSOR_IN_SCOPE,[],MEDIUM,"[""https://www.boamp.fr/pages/avis/?q=idweb:16-34992"", ""https://www.boamp.fr/pages/avis/?q=idweb:16-74313"", ""https://www.boamp.fr/pages/avis/?q=idweb:19-40467"", ""https://www.boamp.fr/pages/avis/?q=idweb:20-131127"", ""https://www.boamp.fr/pages/avis/?q=idweb:20-137461"", ""https://www.boamp.fr/pages/avis/?q=idweb:21-12302"", ""https://www.boamp.fr/pages/avis/?q=idweb:21-6799"", ""https://www.boamp.fr/pages/avis/?q=idweb:21-38770""]","No later episode in the supplied BOAMP review candidates matched both the buyer continuity and the anchor's specific functional need. The reviewed candidates concerned materially different procurements. This is a corpus-relative negative, not proof that no renewal occurred.",True,,,SINGLE_EVIDENCE_REVIEW_SUPPLIED_BOAMP_CORPUS,BOAMP supplied corpus and official notice URLs; no exhaustive TED/DECP search,2026-08-11,internship_v1.0
RV-045,LOCKED_TEST,CPV-32|buyer_id_missing|duration,112,12,0.1071428571428571,9.333333333333334,EP-85cf5f7bcf99b6ea,"[""17-147561"", ""17-169748""]",2017-12-03,2018-12-04,,DESTINATION RENNES Tourisme Congrès,"[""Bretagne""]","[""32424000""]",CPV-32,12.0,"marche de conception realisation d une infrastructure antennaire multi operateur 3g 4g pour le centre des congres couvent des jacobins marche de conception realisation d une infrastructure antennaire multi operateurs 3g 4g pour le centre des congres couvent des jacobins la societe publique locale destination rennes est chargee dans le cadre d une delegation de service public confiee par rennes metropole de la gestion l exploitation et la promotion du centre des congres couvent des jacobins dans l optique d offrir une couverture optimale a ses clients la spl souhaite investir dans une couverture 3g 4g interne dans le but d accueillir les operateurs titulaires d une licence d exploitation des reseaux 3g et 4g au sein du centre congres couvent des jacobins a rennes il s agit d un marche de conception realisation pour lequel le titulaire aura a sa charge la conception de l infrastructure antennaire multi operateurs 3g 4g et evolutive les travaux de realisation de l infrastructure antennaire et de raccordement avec le reseau 4g des operateurs mobiles francais afin d apporter les services de telephonie mobile et 4g a l interieur des sites la societe publique locale destination rennes est chargee dans le cadre d une delegation de service public confiee par rennes metropole de la gestion l exploitation et la promotion du centre des congres couvent des jacobins dans l optique d offrir une couverture optimale a ses clients la spl souhaite investir dans une couverture 3g 4g interne dans le but d accueillir les operateurs titulaires d une licence d exploitation des reseaux 3g et 4g au sein du centre congres couvent des jacobins a rennes il s agit d un marche de conception realisation pour lequel le titulaire aura a sa charge la conception de l infrastructure antennaire multi operateurs 3g 4g et evolutive les travaux de realisation de l infrastructure antennaire et de raccordement avec le reseau 4g des operateurs mobiles francais afin d apporter les services de telephonie mobile et 4g a l interieur des sites 
 marche de conception realisation d une infrastructure antennaire multi operateur 3g 4g pour le centre des congres couvent des jacobins marche de conception realisation d une infrastructure antennaire multi operateurs 3g 4g pour le centre des congres couvent des jacobins la societe publique locale destination rennes est chargee dans le cadre d une delegation de service public confiee par rennes metropole de la gestion l exploitation et la promotion du centre des congres couvent des jacobins dans l optique d offrir une couverture optimale a ses clients la spl souhaite investir dans une couverture 3g 4g interne dans le but d accueillir les operateurs titulaires d une licence d exploitation des reseaux 3g et 4g au sein du centre congres couvent des jacobins a rennes il s agit d un marche de conception realisation pour lequel le titulaire aura a sa charge la conception de l infrastructure antennaire multi operateurs 3g 4g et evolutive les travaux de realisation de l infrastructure antennaire et de raccordement avec le reseau 4g des operateurs mobiles francais afin d apporter les services de telephonie mobile et 4g a l interieur des sites marche de conception realisation d une infrastructure antennaire interne multi operateurs 3g 4g pour le centre des congres couvent des jacobins","[""https://www.boamp.fr/pages/avis/?q=idweb:17-147561"", ""https://www.boamp.fr/pages/avis/?q=idweb:17-169748""]",51,25,,,,,,,,,,,,,,,,NOT_STARTED,NO_OBSERVED_SUCCESSOR_IN_SCOPE,[],MEDIUM,"[""https://www.boamp.fr/pages/avis/?q=idweb:17-147561"", ""https://www.boamp.fr/pages/avis/?q=idweb:17-169748"", ""https://www.boamp.fr/pages/avis/?q=idweb:18-142631"", ""https://www.boamp.fr/pages/avis/?q=idweb:18-146410"", ""https://www.boamp.fr/pages/avis/?q=idweb:18-124729"", ""https://www.boamp.fr/pages/avis/?q=idweb:18-125049""]","No later episode in the supplied BOAMP review candidates matched both the buyer continuity and the anchor's specific functional need. The reviewed candidates concerned materially different procurements. This is a corpus-relative negative, not proof that no renewal occurred.",True,,,SINGLE_EVIDENCE_REVIEW_SUPPLIED_BOAMP_CORPUS,BOAMP supplied corpus and official notice URLs; no exhaustive TED/DECP search,2026-08-11,internship_v1.0
RV-046,LOCKED_TEST,CPV-48|buyer_id_missing|duration_missing,113,8,0.0707964601769911,14.125,EP-e95abb916548b865,"[""15-184881"", ""16-78934""]",2016-06-02,,,Ville de Caen,"[""Normandie"", ""Bretagne""]","[""48900000""]",CPV-48,,"solution d achat et de controle de titres et abonnements de stationnement de surface dematerialises a caen solution d achat et de controle de titres et abonnements de stationnement de surface dematerialises 
 solution d achat et de controle de titres et abonnements de stationnement de surface dematerialises","[""https://www.boamp.fr/pages/avis/?q=idweb:15-184881"", ""https://www.boamp.fr/pages/avis/?q=idweb:16-78934""]",339,25,,,,,,,,,,,,,,,,NOT_STARTED,OBSERVED_SUCCESSOR,"[""EP-1e702d8ff86782c4""]",MEDIUM,"[""https://www.boamp.fr/pages/avis/?q=idweb:15-184881"", ""https://www.boamp.fr/pages/avis/?q=idweb:16-78934"", ""https://www.boamp.fr/pages/avis/?q=idweb:19-166173"", ""https://www.boamp.fr/pages/avis/?q=idweb:20-71666""]",Same City of Caen parking function; the later procedure integrates operation of paid parking and the related control equipment.,True,,,SINGLE_EVIDENCE_REVIEW_SUPPLIED_BOAMP_CORPUS,BOAMP supplied corpus and official notice URLs; no exhaustive TED/DECP search,2026-08-11,internship_v1.0
RV-047,LOCKED_TEST,CPV-32|buyer_id_missing|duration_missing,24,12,0.5,2.0,EP-759cbb055f371a1d,"[""19-174440"", ""20-1556""]",2020-01-07,,,SDIS49,"[""Pays de la Loire""]","[""32424000"", ""50324100""]",CPV-32,,assistance a l exploitation et service de maintien en conditions operationnelles de l infrastructure systeme plan de continuite informatique administrative du sdis 49 assistance a l exploitation et service de maintien en conditions operationnelles de l infrastructure systeme plan de continuite informatique administrative du sdis 49,"[""https://www.boamp.fr/pages/avis/?q=idweb:19-174440"", ""https://www.boamp.fr/pages/avis/?q=idweb:20-1556""]",40,25,,,,,,,,,,,,,,,,NOT_STARTED,NO_OBSERVED_SUCCESSOR_IN_SCOPE,[],MEDIUM,"[""https://www.boamp.fr/pages/avis/?q=idweb:19-174440"", ""https://www.boamp.fr/pages/avis/?q=idweb:20-1556"", ""https://www.boamp.fr/pages/avis/?q=idweb:21-119580"", ""https://www.boamp.fr/pages/avis/?q=idweb:22-5620"", ""https://www.boamp.fr/pages/avis/?q=idweb:23-164747"", ""https://www.boamp.fr/pages/avis/?q=idweb:23-149349""]","No later episode in the supplied BOAMP review candidates matched both the buyer continuity and the anchor's specific functional need. The reviewed candidates concerned materially different procurements. This is a corpus-relative negative, not proof that no renewal occurred.",True,,,SINGLE_EVIDENCE_REVIEW_SUPPLIED_BOAMP_CORPUS,BOAMP supplied corpus and official notice URLs; no exhaustive TED/DECP search,2026-08-11,internship_v1.0
RV-048,LOCKED_TEST,CPV-48|buyer_id|duration,106,8,0.0754716981132075,13.25,EP-80507da5505db9fc,"[""22-123288"", ""23-825""]",2023-01-05,2024-01-06,200069532.0,CA Lisieux Normandie,"[""Normandie""]","[""32412000"", ""32412110"", ""48223000"", ""72400000""]",CPV-48,12.0,accord cadre de services de telecommunications pour la communaute d agglomeration lisieux normandie la presente consultation est decomposee en 2 lots chaque marche prendra la forme d un accord cadre mono attributaire a bons de commande avec un montant maximum en valeur conformement a l article r 2162 2 2 du code de la commande publique services de telecommunications fixes office 365,"[""https://www.boamp.fr/pages/avis/?q=idweb:22-123288"", ""https://www.boamp.fr/pages/avis/?q=idweb:23-825""]",22,22,,,,,,,,,,,,,,,,NOT_STARTED,NO_OBSERVED_SUCCESSOR_IN_SCOPE,[],MEDIUM,"[""https://www.boamp.fr/pages/avis/?q=idweb:22-123288"", ""https://www.boamp.fr/pages/avis/?q=idweb:23-825"", ""https://www.boamp.fr/pages/avis/?q=idweb:23-81122"", ""https://www.boamp.fr/pages/avis/?q=idweb:23-179639"", ""https://www.boamp.fr/pages/avis/?q=idweb:23-127876"", ""https://www.boamp.fr/pages/avis/?q=idweb:23-171479""]","No later episode in the supplied BOAMP review candidates matched both the buyer continuity and the anchor's specific functional need. The reviewed candidates concerned materially different procurements. This is a corpus-relative negative, not proof that no renewal occurred.",True,,,SINGLE_EVIDENCE_REVIEW_SUPPLIED_BOAMP_CORPUS,BOAMP supplied corpus and official notice URLs; no exhaustive TED/DECP search,2026-08-11,internship_v1.0
RV-049,LOCKED_TEST,CPV-32|buyer_id|duration,48,12,0.25,4.0,EP-5b262289428c5496,"[""19-150284"", ""20-12885""]",2020-01-29,2023-01-29,200084952.0,CU AGL HAVRAISE CANT CRIQUETOT ESNEVAL,"[""Normandie""]","[""32412000""]",CPV-32,36.0,mise a disposition dans le batiment cite du numerique d un systeme das actif multioperateurs extensible a d autres batiments et livraison de la premiere liaison operateur la consultation donnera lieu a un marche ordinaire le present marche est passe pour une duree de trois 3 ans a compter de sa date de notification le marche n est pas reconductible les delais d execution sont fixes par les candidats neanmoins la communaute urbaine cu doit pouvoir beneficier du livrable valide et certifie a la fin du 1er bimestre 2020 s agissant de contacter les autres operateurs statutaires afin qu ils puissent egalement amener leurs liaisons en propre l installation technique local technique principal devra etre terminee et validee pour fin decembre 2019,"[""https://www.boamp.fr/pages/avis/?q=idweb:19-150284"", ""https://www.boamp.fr/pages/avis/?q=idweb:20-12885""]",424,25,,,,,,,,,,,,,,,,NOT_STARTED,NO_OBSERVED_SUCCESSOR_IN_SCOPE,[],MEDIUM,"[""https://www.boamp.fr/pages/avis/?q=idweb:19-150284"", ""https://www.boamp.fr/pages/avis/?q=idweb:20-12885"", ""https://www.boamp.fr/pages/avis/?q=idweb:21-30047"", ""https://www.boamp.fr/pages/avis/?q=idweb:21-164800"", ""https://www.boamp.fr/pages/avis/?q=idweb:23-13679"", ""https://www.boamp.fr/pages/avis/?q=idweb:23-5614"", ""https://www.boamp.fr/pages/avis/?q=idweb:23-52499""]","No later episode in the supplied BOAMP review candidates matched both the buyer continuity and the anchor's specific functional need. The reviewed candidates concerned materially different procurements. This is a corpus-relative negative, not proof that no renewal occurred.",True,,,SINGLE_EVIDENCE_REVIEW_SUPPLIED_BOAMP_CORPUS,BOAMP supplied corpus and official notice URLs; no exhaustive TED/DECP search,2026-08-11,internship_v1.0
RV-050,LOCKED_TEST,CPV-35|buyer_id_missing|duration_missing,4,4,1.0,1.0,EP-0c825a0b03ef1418,"[""15-40888"", ""15-126499""]",2015-08-14,,,SYND.DEPT D'ENERGIES DU CALVADOS,"[""Normandie""]","[""35262000""]",CPV-35,,fourniture installation et mise en service des materiels et logiciels necessaires a la telesurveillance des carrefours a feux pour le compte du sdec a caen fourniture installation et mise en service des materiels et logiciels necessaires a la telesurveillance des carrefours a feux exploites par le sdec energie voir liste des carrefours en annexe 1 du cctp liste non exhaustive le marche comprend egalement une partie maintenance du ou des logiciels mises a jour assistance telephonique et depannages ponctuels,"[""https://www.boamp.fr/pages/avis/?q=idweb:15-40888"", ""https://www.boamp.fr/pages/avis/?q=idweb:15-126499""]",92,25,,,,,,,,,,,,,,,,NOT_STARTED,NO_OBSERVED_SUCCESSOR_IN_SCOPE,[],MEDIUM,"[""https://www.boamp.fr/pages/avis/?q=idweb:15-40888"", ""https://www.boamp.fr/pages/avis/?q=idweb:15-126499"", ""https://www.boamp.fr/pages/avis/?q=idweb:19-185061"", ""https://www.boamp.fr/pages/avis/?q=idweb:20-20976"", ""https://www.boamp.fr/pages/avis/?q=idweb:19-121625"", ""https://www.boamp.fr/pages/avis/?q=idweb:20-4567"", ""https://www.boamp.fr/pages/avis/?q=idweb:19-132003"", ""https://www.boamp.fr/pages/avis/?q=idweb:19-167834""]","No later episode in the supplied BOAMP review candidates matched both the buyer continuity and the anchor's specific functional need. The reviewed candidates concerned materially different procurements. This is a corpus-relative negative, not proof that no renewal occurred.",True,,,SINGLE_EVIDENCE_REVIEW_SUPPLIED_BOAMP_CORPUS,BOAMP supplied corpus and official notice URLs; no exhaustive TED/DECP search,2026-08-11,internship_v1.0
RV-051,LOCKED_TEST,CPV-35|buyer_id_missing|duration,9,9,1.0,1.0,EP-843eb3fcdf81f13f,"[""19-60928"", ""19-167377""]",2019-11-08,2020-05-09,,MARINE/DCSSF/ DSSFBrest,"[""Bretagne""]","[""35522000"", ""50640000""]",CPV-35,6.0,approvisionnement de rechanges de telephonie de marques diverses ou equivalents au profit des unites de la marine nationale approvisionnement de rechanges de telephonie de marques diverses ou equivalents au profit des unites de la marine nationale le present avis concerne un marche ordinaire portant sur l approvisionnement de rechanges de telephonie de marques diverses ou equivalents au profit des unites de la marine nationale il s inscrit dans une procedure d appel d offres restreint conformement aux dispositions des articles l2324 2 et r2361 2 a r2361 7 du code de la commande publique,"[""https://www.boamp.fr/pages/avis/?q=idweb:19-60928"", ""https://www.boamp.fr/pages/avis/?q=idweb:19-167377""]",78,25,,,,,,,,,,,,,,,,NOT_STARTED,OBSERVED_SUCCESSOR,"[""EP-732e3d9024c413de""]",HIGH,"[""https://www.boamp.fr/pages/avis/?q=idweb:19-60928"", ""https://www.boamp.fr/pages/avis/?q=idweb:19-167377"", ""https://www.boamp.fr/pages/avis/?q=idweb:20-44434"", ""https://www.boamp.fr/pages/avis/?q=idweb:20-156116""]",Same Marine buyer and a new procedure with an almost identical need for miscellaneous telephony spare parts for naval units.,True,,,SINGLE_EVIDENCE_REVIEW_SUPPLIED_BOAMP_CORPUS,BOAMP supplied corpus and official notice URLs; no exhaustive TED/DECP search,2026-08-11,internship_v1.0
RV-052,LOCKED_TEST,CPV-35|buyer_id_missing|duration,9,9,1.0,1.0,EP-d00a6c5610042d4f,"[""18-72168"", ""18-100205"", ""18-138657""]",2018-10-14,2023-04-15,,CCAS DE LA ROCHE-SUR-YON,"[""Pays de la Loire""]","[""33195000"", ""35121700"", ""35125000""]",CPV-35,54.0,"evolution des appels infirmieres et des systemes d anti fugues des ehpad du centre communal d action sociale de la roche sur yon evolution des appels infirmieres et des systemes d anti fugues des ehpad du centre communal d action sociale de la roche sur yon les prestations portent sur la fourniture et l installation des appels infirmieres et des systemes d anti fugues des 5 ehpad du centre communal d action sociale de la roche sur yon soit 419 residents a titre indicatif le marche debutera a compter de sa notification previsible fin septembre 2018 octobre 2018 le titulaire devra ensuite assurer la garantie sur site a compter de la date anniversaire de la vsr pour 12 mois le service de garantie reprendra sans restriction les conditions du service de maintenance preventive et curative materielle et logicielle decrites au cctp et les niveaux d engagement associes le titulaire fournira ensuite des prestations de service de maintenance sur les equipements et logiciels pour une duree de 3 ans les prestations portent sur la fourniture et l installation des appels infirmieres et des systemes d anti fugues des 5 ehpad du centre communal d action sociale de la roche sur yon soit 419 residents a titre indicatif le marche debutera a compter de sa notification previsible fin septembre 2018 octobre 2018 le titulaire devra ensuite assurer la garantie sur site a compter de la date anniversaire de la vsr pour 12 mois le service de garantie reprendra sans restriction les conditions du service de maintenance preventive et curative materielle et logicielle decrites au cctp et les niveaux d engagement associes le titulaire fournira ensuite des prestations de service de maintenance sur les equipements et logiciels pour une duree de 3 ans 
 evolution des appels infirmieres et des systemes d anti fugues des ehpad du centre communal d action sociale de la roche sur yon rectificatif evolution des appels infirmieres et des systemes d anti fugues des ehpad du centre communal d action sociale de la roche sur yon les prestations portent sur la fourniture et l installation des appels infirmieres et des systemes d anti fugues des 5 ehpad du centre communal d action sociale de la roche sur yon soit 419 residents a titre indicatif le marche debutera a compter de sa notification previsible fin septembre 2018 octobre 2018 le titulaire devra ensuite assurer la garantie sur site a compter de la date anniversaire de la vsr pour 12 mois le service de garantie reprendra sans restriction les conditions du service de maintenance preventive et curative materielle et logicielle decrites au cctp et les niveaux d engagement associes le titulaire fournira ensuite des prestations de service de maintenance sur les equipements et logiciels pour une duree de 3 ans 
 evolution des appels infirmieres et des systemes d anti fugues des ehpad du centre communal d action sociale de la roche sur yon evolution des appels infirmieres et des systemes d anti fugues des ehpad du centre communal d action sociale de la roche sur yon les prestations portent sur la fourniture et l installation des appels infirmieres et des systemes d antifugues des 5 ehpad du centre communal d action sociale de la roche sur yon soit 419 residents a titre indicatif le marche debutera acompter de sa notification previsible fin septembre 2018 octobre 2018 le titulaire devra ensuite assurer la garantie sur site a compter de la date anniversaire de la vsr pour 12mois le service de garantie reprendra sans restriction les conditions du service de maintenance preventive et curative materielle et logicielle decrites au cctp et les niveauxd engagement associes le titulaire fournira ensuite des prestations de service de maintenance sur les equipements et logiciels pour une duree de 3 ans marche unique mono attributaire a prix forfaitaire des bons de commande a titre accessoire pourront etre emis pour desextensions ponctuelles en cours d execution du marche dans un montant maximum annuel de 40 000 euros h t delai d execution estime a 54 mois fermes a compter date notification marche","[""https://www.boamp.fr/pages/avis/?q=idweb:18-72168"", ""https://www.boamp.fr/pages/avis/?q=idweb:18-100205"", ""https://www.boamp.fr/pages/avis/?q=idweb:18-138657""]",12,12,,,,,,,,,,,,,,,,NOT_STARTED,OBSERVED_SUCCESSOR,"[""EP-95519c6f991fe915""]",HIGH,"[""https://www.boamp.fr/pages/avis/?q=idweb:18-72168"", ""https://www.boamp.fr/pages/avis/?q=idweb:18-100205"", ""https://www.boamp.fr/pages/avis/?q=idweb:18-138657"", ""https://www.boamp.fr/pages/avis/?q=idweb:25-98483""]",The later CIAS procedure continues maintenance and evolution of nurse-call and anti-wandering systems for the same local elderly-care establishments.,True,,,SINGLE_EVIDENCE_REVIEW_SUPPLIED_BOAMP_CORPUS,BOAMP supplied corpus and official notice URLs; no exhaustive TED/DECP search,2026-08-11,internship_v1.0
RV-053,LOCKED_TEST,CPV-32|buyer_id_missing|duration,112,12,0.1071428571428571,9.333333333333334,EP-cfb0cd5cf34df843,"[""16-94545"", ""16-168894""]",2016-11-24,2018-11-25,,SDIS 50,"[""Normandie""]","[""32412100"", ""64210000"", ""64200000"", ""64216000"", ""64216100"", ""64216110"", ""64216120""]",CPV-32,24.0,"services de telecommunications relatifs a la telephonie fixe securisee au reseau vpn haut debit et a l acces internet du sdis de la manche services de telecommunications relatifs a la telephonie fixe securisee au reseau vpn haut debit et a l acces internet du sdis de la manche abonnements et communications entrantes et sortantes de telephonie fixe pour les appels d urgence du codis et du 18 112 interconnexion vpn haut debit et acces internet pour l ensemble des sites 
 services de telecommunications relatifs a la telephonie fixe securisee au reseau vpn haut debit et a l acces internet du sdis de la manche service de telecommunications relatifs a la telephonie fixe securisee au reseau vpn haut debit et a l acces internet du sdis de la manche abonnements et communications entrantes et sortantes de telephonie fixe pour les appels d urgence du codis et du 18 112 interconnexion vpn haut debit et acces internet pour l ensemble des sites","[""https://www.boamp.fr/pages/avis/?q=idweb:16-94545"", ""https://www.boamp.fr/pages/avis/?q=idweb:16-168894""]",61,25,,,,,,,,,,,,,,,,NOT_STARTED,NO_OBSERVED_SUCCESSOR_IN_SCOPE,[],MEDIUM,"[""https://www.boamp.fr/pages/avis/?q=idweb:16-94545"", ""https://www.boamp.fr/pages/avis/?q=idweb:16-168894"", ""https://www.boamp.fr/pages/avis/?q=idweb:18-160357"", ""https://www.boamp.fr/pages/avis/?q=idweb:18-167424"", ""https://www.boamp.fr/pages/avis/?q=idweb:18-172168"", ""https://www.boamp.fr/pages/avis/?q=idweb:19-31220"", ""https://www.boamp.fr/pages/avis/?q=idweb:18-147776""]","No later episode in the supplied BOAMP review candidates matched both the buyer continuity and the anchor's specific functional need. The reviewed candidates concerned materially different procurements. This is a corpus-relative negative, not proof that no renewal occurred.",True,,,SINGLE_EVIDENCE_REVIEW_SUPPLIED_BOAMP_CORPUS,BOAMP supplied corpus and official notice URLs; no exhaustive TED/DECP search,2026-08-11,internship_v1.0
RV-054,LOCKED_TEST,CPV-48|buyer_id_missing|duration_missing,113,8,0.0707964601769911,14.125,EP-0febaa6df43acc09,"[""19-11189"", ""19-65333""]",2019-04-25,,,ESTM/EPA/ENSTA Bretagne,"[""Bretagne""]","[""48822000"", ""30230000""]",CPV-48,,acquisition d un moyen pour le calcul parallele cpu et gpu et le traitement de donnees acquisition d un moyen pour le calcul parallele cpu et gpu et le traitement de donnees,"[""https://www.boamp.fr/pages/avis/?q=idweb:19-11189"", ""https://www.boamp.fr/pages/avis/?q=idweb:19-65333""]",64,25,,,,,,,,,,,,,,,,NOT_STARTED,NO_OBSERVED_SUCCESSOR_IN_SCOPE,[],MEDIUM,"[""https://www.boamp.fr/pages/avis/?q=idweb:19-11189"", ""https://www.boamp.fr/pages/avis/?q=idweb:19-65333"", ""https://www.boamp.fr/pages/avis/?q=idweb:23-21806"", ""https://www.boamp.fr/pages/avis/?q=idweb:23-88267"", ""https://www.boamp.fr/pages/avis/?q=idweb:23-87299"", ""https://www.boamp.fr/pages/avis/?q=idweb:23-152753"", ""https://www.boamp.fr/pages/avis/?q=idweb:23-60756"", ""https://www.boamp.fr/pages/avis/?q=idweb:23-116766""]","No later episode in the supplied BOAMP review candidates matched both the buyer continuity and the anchor's specific functional need. The reviewed candidates concerned materially different procurements. This is a corpus-relative negative, not proof that no renewal occurred.",True,,,SINGLE_EVIDENCE_REVIEW_SUPPLIED_BOAMP_CORPUS,BOAMP supplied corpus and official notice URLs; no exhaustive TED/DECP search,2026-08-11,internship_v1.0
RV-055,LOCKED_TEST,CPV-72|buyer_id|duration_missing,26,7,0.2692307692307692,3.7142857142857135,EP-1c39afc93ace120d,"[""16-47620"", ""16-130283""]",2016-09-08,,228500013.0,Département de la Vendée,"[""Pays de la Loire""]","[""79512000"", ""72610000""]",CPV-72,,"externalisation de la hotline informatique dans les locaux du departement a la roche sur yon externalisation de la hotline informatique dans les locaux du departement la consultation a pour objet de confier a un prestataire exterieur une mission d assistance informatique entre autres telephonique aupres des services departementaux pour des raisons de securite et pour une meilleure coordination avec la direction des solutions numeriques dsn la mission s exercera dans les locaux du departement les prestations consistent pour le titulaire a prendre en charge l ensemble des demandes d interventions et des incidents dans tous les domaines actuels et futurs geres par la direction des solutions numeriques a savoir notamment l environnement numerique de travail des utilisateurs ordinateurs ecrans telephones les logiciels bureautiques les logiciels metiers la visioconference et l ensemble de l infrastructure informatique et telephonique il s agit d un marche ordinaire traite a prix unitaires 
 externalisation de la hotline informatique dans les locaux du departement la consultation a pour objet de confier a un prestataire exterieur une mission d assistance informatique entre autres telephonique aupres des services departementaux pour des raisons de securite et pour une meilleure coordination avec la direction des solutions numeriques dsn la mission s exercera dans les locaux du departement les prestations consistent pour le titulaire a prendre en charge l ensemble des demandes d interventions et des incidents dans tous les domaines actuels et futurs geres par la direction des solutions numeriques a savoir notamment l environnement numerique de travail des utilisateurs ordinateurs ecrans telephones les logiciels bureautiques les logiciels metiers la visioconference et l ensemble de l infrastructure informatique et telephonique il s agit d un marche ordinaire traite a prix unitaires","[""https://www.boamp.fr/pages/avis/?q=idweb:16-47620"", ""https://www.boamp.fr/pages/avis/?q=idweb:16-130283""]",502,25,,,,,,,,,,,,,,,,NOT_STARTED,OBSERVED_SUCCESSOR,"[""EP-dac655a2965d2b59""]",HIGH,"[""https://www.boamp.fr/pages/avis/?q=idweb:16-47620"", ""https://www.boamp.fr/pages/avis/?q=idweb:16-130283"", ""https://www.boamp.fr/pages/avis/?q=idweb:20-58079"", ""https://www.boamp.fr/pages/avis/?q=idweb:20-119931""]",Same Vendée department and a later procedure with the same outsourced IT help-desk service.,True,,,SINGLE_EVIDENCE_REVIEW_SUPPLIED_BOAMP_CORPUS,BOAMP supplied corpus and official notice URLs; no exhaustive TED/DECP search,2026-08-11,internship_v1.0
RV-056,LOCKED_TEST,CPV-32|buyer_id_missing|duration_missing,24,12,0.5,2.0,EP-93531d5f25b40e17,"[""15-113043"", ""15-186872""]",2015-12-23,,,Métropole Rouen Normandie,"[""Normandie""]","[""32510000""]",CPV-32,,fourniture installation et parametrage d une solution wifi a rouen marche de fourniture installation et parametrage d une solution wifi pour les locaux de la metropole rouen normandie fourniture et pose de bornes wifi et equipements actifs associes fourniture et mise en place du cablage courant fort courant faible des equipements wifi parametrage des bornes wifi et des systemes actifs associes formation du personnel de la dsi garantie et maintenance du systeme lieu x d execution locaux administratifs de la metropole rouen normandie pepinieres d entreprises hangar 106 hangar h2o panorama xxl musees,"[""https://www.boamp.fr/pages/avis/?q=idweb:15-113043"", ""https://www.boamp.fr/pages/avis/?q=idweb:15-186872""]",1304,25,,,,,,,,,,,,,,,,NOT_STARTED,NO_OBSERVED_SUCCESSOR_IN_SCOPE,[],MEDIUM,"[""https://www.boamp.fr/pages/avis/?q=idweb:15-113043"", ""https://www.boamp.fr/pages/avis/?q=idweb:15-186872"", ""https://www.boamp.fr/pages/avis/?q=idweb:19-145674"", ""https://www.boamp.fr/pages/avis/?q=idweb:20-5547"", ""https://www.boamp.fr/pages/avis/?q=idweb:20-87783""]","No later episode in the supplied BOAMP review candidates matched both the buyer continuity and the anchor's specific functional need. The reviewed candidates concerned materially different procurements. This is a corpus-relative negative, not proof that no renewal occurred.",True,,,SINGLE_EVIDENCE_REVIEW_SUPPLIED_BOAMP_CORPUS,BOAMP supplied corpus and official notice URLs; no exhaustive TED/DECP search,2026-08-11,internship_v1.0
RV-057,LOCKED_TEST,CPV-72|buyer_id_missing|duration_missing,148,7,0.0472972972972973,21.142857142857142,EP-5a08d26762e28abc,"[""17-67575"", ""17-89709""]",2017-06-28,,,GIE PAR,"[""Normandie""]","[""72500000""]",CPV-72,,"marche d acquisition de mise en oeuvre et de maintenance d un systeme incluant des capteurs rfid et de lapi des cameras gestion fps et rapo marche d acquisition de mise en uvre et de maintenance d un systeme incluant des capteurs rfid et de lecture automatisee des plaques d immatriculation des cameras contextuelles une solution de ge marche d acquisition de mise en uvre et de maintenance d un systeme incluant des capteurs rfid et de lecture automatisee des plaques d immatriculation des cameras contextuelles une solution de gestion des fps et rapo et une gestion des obligations pmr pour vehicules destines au controle de la voirie 
 marche d acquisition de mise en oeuvre et de maintenance d un systeme incluant des capteurs rfid et de lapi des cameras gestion fps et rapo marche d acquisition de mise en uvre et de maintenance d un systeme incluant des capteurs rfid et de lecture automatisee des plaques d immatriculation des cameras contextuelles une solution de ge acquisition mise en uvre et maintenance d un systeme incluant des capteurs de type rfid et de lecture automatisee des plaques d immatriculation des cameras contextuelles une solution de gestion des fps et rapo et une gestion des obligations pmr pour vehicules destines au controle de la voirie acquisition mise en uvre et maintenance d un systeme incluant des capteurs de type rfid et de lecture automatisee des plaques d immatriculation des cameras contextuelles une solution de gestion d","[""https://www.boamp.fr/pages/avis/?q=idweb:17-67575"", ""https://www.boamp.fr/pages/avis/?q=idweb:17-89709""]",7,7,,,,,,,,,,,,,,,,NOT_STARTED,NO_OBSERVED_SUCCESSOR_IN_SCOPE,[],MEDIUM,"[""https://www.boamp.fr/pages/avis/?q=idweb:17-67575"", ""https://www.boamp.fr/pages/avis/?q=idweb:17-89709"", ""https://www.boamp.fr/pages/avis/?q=idweb:18-119913"", ""https://www.boamp.fr/pages/avis/?q=idweb:17-135302"", ""https://www.boamp.fr/pages/avis/?q=idweb:17-162141""]","No later episode in the supplied BOAMP review candidates matched both the buyer continuity and the anchor's specific functional need. The reviewed candidates concerned materially different procurements. This is a corpus-relative negative, not proof that no renewal occurred.",True,,,SINGLE_EVIDENCE_REVIEW_SUPPLIED_BOAMP_CORPUS,BOAMP supplied corpus and official notice URLs; no exhaustive TED/DECP search,2026-08-11,internship_v1.0
RV-058,LOCKED_TEST,CPV-35|buyer_id_missing|duration_missing,4,4,1.0,1.0,EP-c4f60f9ad8dd417e,"[""17-165750"", ""18-15937""]",2018-02-02,,,URSSAF Haute Normandie,"[""Normandie""]","[""45113000"", ""45262700"", ""45261210"", ""45261420"", ""45110000"", ""45421000"", ""45330000"", ""45331000"", ""45311000"", ""30200000"", ""35000000"", ""45442100"", ""45313100"", ""45000000"", ""77310000""]",CPV-35,,"le present marche public de travaux a pour objet l operation de travaux relative a la rehabilitation du siege le l urssaf haute normandie la presente operation est devolue en lots separes le present marche public de travaux a pour objet l operation de travaux relative a la rehabilitation du siege le l urssaf haute normandie la presente operation est devolue en lots separes les travaux seront realises en site occupe lot 1 desamiantage desamiantage lot 2 toiture terrasse toiture terrasse lot 3 isolation thermique par l exterieur et veture de facades isolation thermique par l exterieur et veture de facades lot 4 demolition gros oeuvre carrelage demolition gros oeuvre carrelage lot 5 menuiserie exterieure menuiserie exterieure lot 6 menuiserie interieure menuiserie interieure lot 7 plomberie plomberie lot 8 chauffage ventilation climatisation chauffage ventilation climatisation lot 9 electricite electricite lot 10 informatique informatique lot 11 systeme securite incendie systeme securite incendie lot 12 peinture et revetement de sol peinture et revetement de sol lot 13 ascenseur ascenseur lot 14 metallerie et couverture metallerie et couverture lot 15 vrd et espaces verts vrd et espaces verts 
 le present marche public de travaux a pour objet l operation de travaux relative a la rehabilitation du siege le l urssaf haute normandie la presente operation est devolue en lots separes le present marche public de travaux a pour objet l operation de travaux relative a la rehabilitation du siege le l urssaf haute normandie la presente operation est devolue en lots separes les travaux seront realises en site occupe","[""https://www.boamp.fr/pages/avis/?q=idweb:17-165750"", ""https://www.boamp.fr/pages/avis/?q=idweb:18-15937""]",44,25,,,,,,,,,,,,,,,,NOT_STARTED,OUTSIDE_SCOPE,[],HIGH,"[""https://www.boamp.fr/pages/avis/?q=idweb:17-165750"", ""https://www.boamp.fr/pages/avis/?q=idweb:18-15937""]",Building rehabilitation works are outside the intended digital procurement scope.,False,,Anchor is outside the intended digital-procurement scope.,SINGLE_EVIDENCE_REVIEW_SUPPLIED_BOAMP_CORPUS,BOAMP supplied corpus and official notice URLs; no exhaustive TED/DECP search,2026-08-11,internship_v1.0
RV-059,LOCKED_TEST,CPV-32|buyer_id|duration_missing,9,9,1.0,1.0,EP-d4620e3c3c4386c8,"[""15-142353"", ""16-16021""]",2016-02-03,,217201813.0,Ville du Mans,"[""Pays de la Loire""]","[""32353000"", ""32354500""]",CPV-32,,"fourniture des documents sonores et audiovisuels supports preenregistres de son et d images au mans acquisition de documents sonores et audiovisuels supports preenregistres son et images destines a tous les publics du reseau des mediatheques de la ville du mans annee 2016 renouvelable en 2017 2018 et 2019 fourniture des documents sonores et audiovisuels supports preenregistres de son et d images quelle que soit la technologie d enregistrement ou le support de diffusion numerique digital magnetique cassette disque destines d une part au reseau des mediatheques et bibliotheques et d autre part aux autres services utilisateurs de la ville du mans il s agit d un marche a bons de commande au sens de l article 77 du code des marches publics francais et d un accord cadre avec un seul operateur au sens de la directive 2004 18 ce marche conclu pour une periode initiale allant du 1er janvier 2016 au 31 decembre 2016 il peut etre reconduit par periode successive de 1 an pour une duree maximale de reconduction de 3 ans il s agit d un marche a bon de commande avec minimum et maximum et un operateur economique documents enregistres musicaux textes enregistres documents electroniques images animees et films secteur fiction images animees et films secteur documentaire 
 acquisition de documents sonores et audiovisuels supports preenregistres son et images destines a tous les publics du reseau des mediatheques de la ville du mans acquisition de documents sonores et audiovisuels supports preenregistres son et images destines a tous les publics du reseau des mediatheques de la ville du mans annee 2016 renouvelable en 2017 2018 et 2019","[""https://www.boamp.fr/pages/avis/?q=idweb:15-142353"", ""https://www.boamp.fr/pages/avis/?q=idweb:16-16021""]",378,25,,,,,,,,,,,,,,,,NOT_STARTED,OUTSIDE_SCOPE,[],HIGH,"[""https://www.boamp.fr/pages/avis/?q=idweb:15-142353"", ""https://www.boamp.fr/pages/avis/?q=idweb:16-16021""]",Acquisition of prerecorded audiovisual documents is content purchasing rather than the targeted digital infrastructure or IT-service need.,False,,Anchor is outside the intended digital-procurement scope.,SINGLE_EVIDENCE_REVIEW_SUPPLIED_BOAMP_CORPUS,BOAMP supplied corpus and official notice URLs; no exhaustive TED/DECP search,2026-08-11,internship_v1.0
RV-060,LOCKED_TEST,CPV-32|buyer_id|duration_missing,9,9,1.0,1.0,EP-63ab635d4f228cb8,"[""19-39750"", ""19-184859""]",2019-12-13,,775604853.0,GPM de Nantes - St Nazaire,"[""Pays de la Loire""]","[""32352200""]",CPV-32,,fourniture installation et integration d emetteurs recepteurs radar pour les sites de mindin et de l herbaudiere le present marche a pour objet le remplacement des emetteurs recepteurs en bande x du gpmnsn sur les sites terrestres de mindin et de l herbaudiere le present marche a pour objet la fourniture l installation la mise en service de nouveaux emetteurs recepteurs radar sur les deux sites emetteur recepteur en bande x en technologie etat solide et accessoires associes les prestations annexes d interfacage au logiciel sytar du systeme vts du gpmnsn sur les sites de mindin l herbaudiere et de la capitainerie de st nazaire les prestations annexes d interfacage au systeme spationav d airbus de la marine nationale sur le site de l herbaudiere les prestations de formation de documentation et de preconisation de maintenance associees,"[""https://www.boamp.fr/pages/avis/?q=idweb:19-39750"", ""https://www.boamp.fr/pages/avis/?q=idweb:19-184859""]",236,25,,,,,,,,,,,,,,,,NOT_STARTED,NO_OBSERVED_SUCCESSOR_IN_SCOPE,[],MEDIUM,"[""https://www.boamp.fr/pages/avis/?q=idweb:19-39750"", ""https://www.boamp.fr/pages/avis/?q=idweb:19-184859"", ""https://www.boamp.fr/pages/avis/?q=idweb:23-6460"", ""https://www.boamp.fr/pages/avis/?q=idweb:24-16545"", ""https://www.boamp.fr/pages/avis/?q=idweb:24-121711""]","No later episode in the supplied BOAMP review candidates matched both the buyer continuity and the anchor's specific functional need. The reviewed candidates concerned materially different procurements. This is a corpus-relative negative, not proof that no renewal occurred.",True,,,SINGLE_EVIDENCE_REVIEW_SUPPLIED_BOAMP_CORPUS,BOAMP supplied corpus and official notice URLs; no exhaustive TED/DECP search,2026-08-11,internship_v1.0
RV-061,LOCKED_TEST,CPV-32|buyer_id_missing|duration,112,12,0.1071428571428571,9.333333333333334,EP-c4d20227b28e895e,"[""15-155110"", ""15-184173""]",2015-12-09,2016-04-23,,Pôle emploi Bretagne,"[""Bretagne""]","[""32323300"", ""45311000"", ""45314320""]",CPV-32,4.468,"fourniture et pose de video portiers et realisation de travaux de cablage electrique et informatique sur les sites de pole emploi bretagne a rennes marche ayant pour objet la fourniture et la pose de videoportiers et la realisation de travaux de cablage electrique et informatique sur les sites de pole emploi bretagne fourniture et pose de videoportiers travaux de cablage electrique et informatique 
 la fourniture et la pose de videoportiers et la realisation de travaux de cablage electrique et informatique sur les sites de pole emploi bretagne a rennes marche ayant pour objet la fourniture et la pose de videoportiers et la realisation de travaux de cablage electrique et informatique sur les sites de pole emploi bretagne","[""https://www.boamp.fr/pages/avis/?q=idweb:15-155110"", ""https://www.boamp.fr/pages/avis/?q=idweb:15-184173""]",20,20,,,,,,,,,,,,,,,,NOT_STARTED,NO_OBSERVED_SUCCESSOR_IN_SCOPE,[],MEDIUM,"[""https://www.boamp.fr/pages/avis/?q=idweb:15-155110"", ""https://www.boamp.fr/pages/avis/?q=idweb:15-184173"", ""https://www.boamp.fr/pages/avis/?q=idweb:17-8068"", ""https://www.boamp.fr/pages/avis/?q=idweb:16-61519"", ""https://www.boamp.fr/pages/avis/?q=idweb:16-40670""]","No later episode in the supplied BOAMP review candidates matched both the buyer continuity and the anchor's specific functional need. The reviewed candidates concerned materially different procurements. This is a corpus-relative negative, not proof that no renewal occurred.",True,,,SINGLE_EVIDENCE_REVIEW_SUPPLIED_BOAMP_CORPUS,BOAMP supplied corpus and official notice URLs; no exhaustive TED/DECP search,2026-08-11,internship_v1.0
RV-062,LOCKED_TEST,CPV-32|buyer_id|duration,48,12,0.25,4.0,EP-356fd394bcdef31c,"[""21-17065"", ""21-26978"", ""21-135702""]",2021-10-13,2022-10-14,775700198.0,GPMH au Havre,"[""Normandie""]","[""32429000""]",CPV-32,12.0,"extension du materiel de telephonie et maintien en conditions operationnelles le present accord cadre a pour objet la fourniture de prestations complementaires relatives au parc des systemes de telephonie la fourniture et la mise en oeuvre de plateformes de telephonie sur ip pour les sites non equipes compatibles avec l environnement du gpmh les prestations de maintenance pour l ensemble du parc des systemes de telephonie existant et a venir le present accord cadre a pour objet la fourniture de prestations complementaires relatives au parc des systemes de telephonieo la fourniture des materiels et logiciels complementaires passerelle ip analogique telephone ip etc o la mise a niveau de certains systemes de telephonie existants la fourniture et la mise en oeuvre de plateformes de telephonie sur ip pour les sites non equipes compatibles avec l environnement du gpmh o la fourniture d une plate forme de telephonie ip assurant les fonctionnalites usuelles de telephonie d entreprise serveur de signalisation raccordement aux reseaux operateurs facilites telephoniques etc o la fourniture des materiels et logiciels passerelle ip analogique telephone ip etc les prestations de maintenance pour l ensemble du parc des systemes de telephonie existant et a venir la fourniture des prestations de maintenance des materiels et logiciels de l ensemble du parc des systemes de telephonie existants et a venir 
 extension du materiel de telephonie et maintien en conditions operationnelles le present accord cadre a pour objet la fourniture de prestations complementaires relatives au parc des systemes de telephonie la fourniture et la mise en oeuvre de plateformes de telephonie sur ip pour les sites non equipes compatibles avec l environnement du gpmh les prestations de maintenance pour l ensemble du parc des systemes de telephonie existant et a venir 
 extension du materiel de telephonie et maintien en conditions operationnelles le present accord cadre a pour objet la fourniture de prestations complementaires relatives au parc des systemes de telephonie la fourniture et la mise en oeuvre de plateformes de telephonie sur ip pour les sites non equipes compatibles avec l environnement du grand port fluvio maritime de l axe seine direction territoriale du hacre les prestations de maintenance pour l ensemble du parc des systemes de telephonie existant et a venir le present accord cadre a pour objet la fourniture de prestations complementaires relatives au parc des systemes de telephonieo la fourniture des materiels et logiciels complementaires passerelle ip analogique telephone ip etc o la mise a niveau de certains systemes de telephonie existants la fourniture et la mise en oeuvre de plateformes de telephonie sur ip pour les sites non equipes compatibles avec l environnement du gpmh o la fourniture d une plate forme de telephonie ip assurant les fonctionnalites usuelles de telephonie d entreprise serveur de signalisation raccordement aux reseaux operateurs facilites telephoniques etc o la fourniture des materiels et logiciels passerelle ip analogique telephone ip etc les prestations de maintenance pour l ensemble du parc des systemes de telephonie existant et a venir la fourniture des prestations de maintenance des materiels et logiciels de l ensemble du parc des systemes de telephonie existants et a venir extension du materiel de telephonie et maintien en conditions operationnelles","[""https://www.boamp.fr/pages/avis/?q=idweb:21-17065"", ""https://www.boamp.fr/pages/avis/?q=idweb:21-26978"", ""https://www.boamp.fr/pages/avis/?q=idweb:21-135702""]",0,0,,,,,,,,,,,,,,,,NOT_STARTED,NO_OBSERVED_SUCCESSOR_IN_SCOPE,[],MEDIUM,"[""https://www.boamp.fr/pages/avis/?q=idweb:21-17065"", ""https://www.boamp.fr/pages/avis/?q=idweb:21-26978"", ""https://www.boamp.fr/pages/avis/?q=idweb:21-135702""]","No later episode in the supplied BOAMP review candidates matched both the buyer continuity and the anchor's specific functional need. The reviewed candidates concerned materially different procurements. This is a corpus-relative negative, not proof that no renewal occurred.",True,,,SINGLE_EVIDENCE_REVIEW_SUPPLIED_BOAMP_CORPUS,BOAMP supplied corpus and official notice URLs; no exhaustive TED/DECP search,2026-08-11,internship_v1.0
RV-063,LOCKED_TEST,CPV-32|buyer_id|duration_missing,9,9,1.0,1.0,EP-54069462d4cd9132,"[""16-12477"", ""16-83167""]",2016-06-09,,775604853.0,GPM de Nantes - St Nazaire,"[""Pays de la Loire""]","[""32424000""]",CPV-32,,"fourniture et installation de toutes les licences et logiciels necessaires a nantes a fourniture et installation de tous les materiels necessaires aux capacites demandees dans le cahier des clauses techniques particulieres cctp piece 1 3 du marche b fourniture et installation de toutes les licences et logiciels necessaires c prestations de mise en oeuvre et d integration pilotage du projet fourniture des livrables necessaires a l administration et a l exploitation des differents composants mis en oeuvre conception et mise en oeuvre d un pra 
 fourniture installation et implementation de l infrastructure informatique a fourniture et installation de tous les materiels necessaires aux capacites demandees dans le cahier des clauses techniques particulieres cctp piece 1 3 du marche b fourniture et installation de toutes les licences et logiciels necessaires c prestations de mise en oeuvre et d integration pilotage du projet fourniture des livrables necessaires a l administration et a l exploitation des differents composants mis en oeuvre conception et mise en oeuvre d un pra","[""https://www.boamp.fr/pages/avis/?q=idweb:16-12477"", ""https://www.boamp.fr/pages/avis/?q=idweb:16-83167""]",422,25,,,,,,,,,,,,,,,,NOT_STARTED,NO_OBSERVED_SUCCESSOR_IN_SCOPE,[],MEDIUM,"[""https://www.boamp.fr/pages/avis/?q=idweb:16-12477"", ""https://www.boamp.fr/pages/avis/?q=idweb:16-83167"", ""https://www.boamp.fr/pages/avis/?q=idweb:19-39750"", ""https://www.boamp.fr/pages/avis/?q=idweb:19-184859"", ""https://www.boamp.fr/pages/avis/?q=idweb:19-48376"", ""https://www.boamp.fr/pages/avis/?q=idweb:19-126461"", ""https://www.boamp.fr/pages/avis/?q=idweb:20-91581""]","No later episode in the supplied BOAMP review candidates matched both the buyer continuity and the anchor's specific functional need. The reviewed candidates concerned materially different procurements. This is a corpus-relative negative, not proof that no renewal occurred.",True,,,SINGLE_EVIDENCE_REVIEW_SUPPLIED_BOAMP_CORPUS,BOAMP supplied corpus and official notice URLs; no exhaustive TED/DECP search,2026-08-11,internship_v1.0
RV-064,LOCKED_TEST,CPV-48|buyer_id|duration_missing,14,7,0.5,2.0,EP-c73058318e183f7d,"[""16-3538"", ""16-97492""]",2016-07-02,,228500013.0,Département de la Vendée,"[""Pays de la Loire""]","[""50312000"", ""50312400"", ""50323000"", ""48820000""]",CPV-48,,"maintenance du parc informatique du departement de la vendee et des colleges publics et prestations associees maintenance du parc informatique du departement de la vendee et des colleges publics et prestations associees les prestations objet de la presente consultation consistent dans la maintenance du materiel informatique utilise par les services du departement et les colleges publics dans le cadre du plan colleges numeriques ainsi que dans la realisation le cas echeant de prestations associees ces prestations decomposees en 2 lots distincts sont traites par marches separes et fractionnes a bons de commande en application de l article 77 du code des marches publics avec des montants minimum et maximum par periode de 2 ans ces marches seront conclus pour une duree de deux ans a compter de leur date de notification respective ils pourront etre reconduits une fois par tacite reconduction et pour une periode equivalente de deux ans sans que la duree totale de chaque marche ne puisse exceder 4 ans date previsionnelle de debut d execution des prestations 1er mai 2016 maintenance des serveurs librairies de sauvegarde baies de stockage et prestations associees maintenance des pc macintosh peripheriques divers imprimantes et prestations associees 
 maintenance du parc informatique du departement de la vendee et des colleges publics et prestations associees maintenance du parc informatique du departement de la vendee et des colleges publics et prestations les prestations objet de la presente consultation consistent dans la maintenance du materiel informatique utilise par les services du departement et les colleges publics dans le cadre du plan colleges numeriques ainsi que dans la realisation le cas echeant de prestations associees ces prestations decomposees en 2 lots distincts sont traites par marches separes et fractionnes a bons de commande en application de l article 77 du code des marches publics avec des montants minimum et maximum par periode de 2 ans ces marches seront conclus pour une duree de deux ans a compter de leur date de notification respective ils pourront etre reconduits une fois par tacite reconduction et pour une periode equivalente de deux ans sans que la duree totale de chaque marche ne puisse exceder 4 ans date previsionnelle de debut d execution des prestations 1er mai 2016 maintenance des serveurs librairies de sauvegarde baies de stockage et prestations associees maintenance des pc macintosh peripheriques divers imprimantes et prestations associees","[""https://www.boamp.fr/pages/avis/?q=idweb:16-3538"", ""https://www.boamp.fr/pages/avis/?q=idweb:16-97492""]",516,25,,,,,,,,,,,,,,,,NOT_STARTED,OBSERVED_SUCCESSOR,"[""EP-687453812228f682""]",HIGH,"[""https://www.boamp.fr/pages/avis/?q=idweb:16-3538"", ""https://www.boamp.fr/pages/avis/?q=idweb:16-97492"", ""https://www.boamp.fr/pages/avis/?q=idweb:20-35779"", ""https://www.boamp.fr/pages/avis/?q=idweb:20-101735""]",Same Vendée department and colleges and a later procedure with the same IT-fleet maintenance need.,True,,,SINGLE_EVIDENCE_REVIEW_SUPPLIED_BOAMP_CORPUS,BOAMP supplied corpus and official notice URLs; no exhaustive TED/DECP search,2026-08-11,internship_v1.0
RV-065,LOCKED_TEST,CPV-72|buyer_id_missing|duration,473,7,0.014799154334038,67.57142857142857,EP-6e74abe4244ed175,"[""15-85858"", ""15-168979""]",2015-11-06,2017-11-06,,Université de Nantes,"[""Pays de la Loire""]","[""72224000"", ""90713000""]",CPV-72,24.0,"l etude a pour but de construire et de deployer une methodologie innovante en matiere de conduite du changement en matiere d usages de l energie au sein des batiments de l universite a nantes 1503aoos l etude a pour but de construire et de deployer une methodologie innovante en matiere de conduite du changement en matiere d usages de l energie au sein des batiments de l universite de nantes 
 etude a pour but de construire et de deployer une methodologie innovante en matiere de conduite du changement en matiere d usages de l energie au sein des batiments de l universite a nantes 1503aoos l etude a pour but de construire et de deployer une methodologie innovante en matiere de conduite du changement en matiere d usages de l energie au sein des batiments de l universite de nantes","[""https://www.boamp.fr/pages/avis/?q=idweb:15-85858"", ""https://www.boamp.fr/pages/avis/?q=idweb:15-168979""]",671,25,,,,,,,,,,,,,,,,NOT_STARTED,OUTSIDE_SCOPE,[],HIGH,"[""https://www.boamp.fr/pages/avis/?q=idweb:15-85858"", ""https://www.boamp.fr/pages/avis/?q=idweb:15-168979""]",Change-management work concerning energy use is outside the intended digital procurement scope.,False,,Anchor is outside the intended digital-procurement scope.,SINGLE_EVIDENCE_REVIEW_SUPPLIED_BOAMP_CORPUS,BOAMP supplied corpus and official notice URLs; no exhaustive TED/DECP search,2026-08-11,internship_v1.0
RV-066,LOCKED_TEST,CPV-32|buyer_id|duration_missing,9,9,1.0,1.0,EP-337c7ebe08b52597,"[""16-35563"", ""16-181179""]",2016-12-21,,245000278.0,Communauté de Communes des Pieux,"[""Normandie""]","[""64210000"", ""64212000"", ""64221000"", ""32412110"", ""32412100""]",CPV-32,,"prestations de telecommunications pour le compte de la communaute de communes des pieux fourniture de services en telecommunications les prestations a fournir pour le compte de la communaute de communes des pieux sont la construction et l exploitation des lignes et des liaisons analogiques et numeriques les abonnements lies aux acces operateurs les services lies aux abonnements les acheminements des communications arrivee toutes provenances les acheminements des communications depart toutes directions la telephonie mobile les acces vpn et services associes integrant la transmission de la voix en coeur de reseau trunk sip les acces internet solution d acheminement et de traitement des appels fixes pour les sites principaux et les sites distants raccordes solution d acheminement et de traitement des appels fixes pour les sites principaux et les sites distants raccordes acces principaux 8594 abonnement et communications entrantes et sortantes acces secondaires 8594 abonnements et communications entrantes et sortantes ce lot comprend les prestations suivantes pour les acces principaux o la construction et l exploitation des acces o les abonnements et les services lies aux acces operateurs o les acheminements des communications arrivee toutes provenances y compris les appels sur les numeros de type 0 825 xx xx xx o les acheminements des communications depart vers audiotel o les acheminements des communications vers les numeros speciaux o les acheminements des communications depart vers l internet a la seconde o les acheminements du trafic telephonique par mise en relation avec n demande par vos services de renseignements telephoniques o les acheminements des appels monetiques o les acheminements des appels supportant de la transmission de donnees o la facturation des autres operateurs o les acheminements des communications depart locales voix et donnees o les acheminements des communications depart nationales y compris dom voix et donnees o les acheminements des communications depart internationales y compris tom o les acheminements des communications depart vers la telephonie mobile liaisons informatiques des flux de donnees de voix et acces internet liaisons informatiques des flux de donnees de voix et acces internet comprenant les prestations de fourniture installation et mise en service de liaisons d acces permanentes permettant l interconnexion des reseaux informatiques et des installations telephoniques de la communaute de communes des pieux 1 les liaisons vpn o la construction et l exploitation des liaisons de type sdsl et adsl vpn ip en technologie ip mpls sur support cuivre ou fibre optique o la securisation du site principal redondance des liens sdsl en load balancing ou en secours nominal une liaison active et une liaison passive o les abonnements et les services lies o la fourniture des equipements de type routeurs o la formation pour les administrateurs du reseau lan wan 2 les acces internet o les acces internet o les services o la formation pour les administrateurs internet o la fourniture des equipements 3 les options o maintenance 24h 24heures et 7j 7jours solution d acheminement et de traitement des appels mobiles pour l ensemble des abonnees solution d acheminement et de traitement des appels mobiles pour l ensemble des abonnes concerne la communication telephonique des telephones mobiles de la communaute de communes des pieux o les abonnements o les communications o la convergence fixes mobiles pour les postes de la communaute de communeso le renouvellement de terminaux mobiles o la fourniture des terminaux mobiles lies a de nouveaux abonnements o les services et options et accessoires 
 fourniture de services en telecommunications fourniture de services en telecommunications les prestations a fournir pour le compte de la communaute de communes des pieux sont la construction et l exploitation des lignes et des liaisons analogiques et numeriques les abonnements lies aux acces operateurs les services lies aux abonnements les acheminements des communications arrivee toutes provenances les acheminements des communications depart toutes directions la telephonie mobile les acces vpn et serviceschaque marche debute a compter de sa notification pour s achever au 31 12 2016 puis est reconductible 3 fois par reconductionexpresse a l initiative de la ccp a chaque fois pour une periode de 12 mois la consultation est lancee selon la procedure de l appel d offres ouvert en application des articles 33 et 57 a 59 du code des marchespublics en vue de conclure 3 marches de services a bons de commande conformement aux dispositions de l article 77 du code des marches publics solution d acheminement et de traitement des appels fixes pour les sites principaux et les sites distants raccordes solution d acheminement et de traitement des appels fixes pour les sites principaux et les sites distants raccordes acces principaux abonnement et communications entrantes et sortantes acces secondaires abonnements et communications entrantes et sortantes pour la premiere periode de la notification au 31 12 2016 montant minimum 8 000 00 euros h t montant maximum 62 500 00euros htpour chacune des 3 autres periodes eventuelles montant minimum annuel 25 000 00 euros h t montant maximum annuel 62500 00 euros h t liaisons informatiques des flux de donnees de voix et acces internet liaisons informatiques des flux de donnees de voix et acces internet comprenant les prestations de fourniture installation et mise enservice de liaisons d acces permanentes permettant l interconnexion des reseaux informatiques et des installations telephoniques de la communaute de communes des pieuxpour la premiere periode de la notification au 31 12 2016 montant minimum 10 000 00 euros h t montant maximum 70000 00 euros htpour chacune des 3 autres periodes eventuelles montant minimum annuel 30 000 00 euros h t montant maximum annuel 70000 00 euros ht solution d acheminement et de traitement des appels mobiles pour l ensemble des abonnes solution d acheminement et de traitement des appels mobiles pour l ensemble des abonnes concerne la communication telephoniquedes telephones mobiles de la communaute de communes des pieuxpour la premiere periode de la notification au 31 12 2016 montant minimum 3 000 00 euros h t montant maximum 32 000 00euros htpour chacune des 3 autres periodes eventuelles montant minimum annuel 9 000 00 euros h t montant maximum annuel 32000 00 euros h t","[""https://www.boamp.fr/pages/avis/?q=idweb:16-35563"", ""https://www.boamp.fr/pages/avis/?q=idweb:16-181179""]",86,25,,,,,,,,,,,,,,,,NOT_STARTED,NO_OBSERVED_SUCCESSOR_IN_SCOPE,[],MEDIUM,"[""https://www.boamp.fr/pages/avis/?q=idweb:16-35563"", ""https://www.boamp.fr/pages/avis/?q=idweb:16-181179"", ""https://www.boamp.fr/pages/avis/?q=idweb:18-148110"", ""https://www.boamp.fr/pages/avis/?q=idweb:19-120801"", ""https://www.boamp.fr/pages/avis/?q=idweb:20-151179"", ""https://www.boamp.fr/pages/avis/?q=idweb:20-155762""]","No later episode in the supplied BOAMP review candidates matched both the buyer continuity and the anchor's specific functional need. The reviewed candidates concerned materially different procurements. This is a corpus-relative negative, not proof that no renewal occurred.",True,,,SINGLE_EVIDENCE_REVIEW_SUPPLIED_BOAMP_CORPUS,BOAMP supplied corpus and official notice URLs; no exhaustive TED/DECP search,2026-08-11,internship_v1.0
RV-067,LOCKED_TEST,CPV-48|buyer_id|duration_missing,14,7,0.5,2.0,EP-5c9c7b561f9e1681,"[""20-131265""]",2020-11-06,,150000354.0,MINARM/DGA/DO/S2A,"[""Normandie""]","[""48822000""]",CPV-48,,retrofit du cluster de calculs intensifs pontos avec prestations et fournitures associees au profit de dga techniques hydrodynamiques a val de reuil retrofit du cluster de calculs intensifs pontos avec prestations et fournitures associees retrofit du cluster de calculs intensifs pontos avec prestations et fournitures associees,"[""https://www.boamp.fr/pages/avis/?q=idweb:20-131265""]",24,24,,,,,,,,,,,,,,,,NOT_STARTED,NO_OBSERVED_SUCCESSOR_IN_SCOPE,[],MEDIUM,"[""https://www.boamp.fr/pages/avis/?q=idweb:20-131265"", ""https://www.boamp.fr/pages/avis/?q=idweb:21-163563"", ""https://www.boamp.fr/pages/avis/?q=idweb:21-129515"", ""https://www.boamp.fr/pages/avis/?q=idweb:21-142716""]","No later episode in the supplied BOAMP review candidates matched both the buyer continuity and the anchor's specific functional need. The reviewed candidates concerned materially different procurements. This is a corpus-relative negative, not proof that no renewal occurred.",True,,,SINGLE_EVIDENCE_REVIEW_SUPPLIED_BOAMP_CORPUS,BOAMP supplied corpus and official notice URLs; no exhaustive TED/DECP search,2026-08-11,internship_v1.0
RV-068,LOCKED_TEST,CPV-35|buyer_id_missing|duration,9,9,1.0,1.0,EP-384994c5cceb4bf2,"[""15-91059"", ""15-167139""]",2015-11-10,2019-11-10,,Communauté de Communes Coeur de Nacre,"[""Normandie""]","[""44613800"", ""34928480"", ""31711100"", ""45112000"", ""35123400""]",CPV-35,48.0,"fourniture de contenants pour la collecte des dechets menagers pour le compte de la communaute de communes coeur de nacre fourniture de contenants pour la collecte des dechets menagers ce marche est compose de 2 lots et porte sur les fournitures suivantes lot 1 fourniture de bacs et puces electroniques pour la collecte des ordures menageres recyclables secs et dechets verts en porte a porte descriptif en annexe b lot 2 fourniture et pose de colonnes d apport volontaire aeriennes semi enterrees et enterrees descriptif en annexe b fourniture de bacs et puces electroniques ce lot comporte une tranche ferme definie comme suit fourniture de bacs roulants equipes de puces electroniques destines a la collecte des ordures menageres residuelles et parfois des recyclables secs professionnels ou collectifs uniquement puis des dechets verts a partir de 2018 fourniture de pieces detachees pour la maintenance de ces bacs fourniture de puces electroniques pour permettre l identification de certains bacs deja en place garantie des equipements livres et de leur fonctionnement pendant 2 ans au minimum fourniture et pose de colonnes d apport volontaire ce lot comporte une tranche ferme definie comme suit fourniture et livraison de colonnes semi enterrees ou enterrees d apport volontaire d environ 5m3 pour la collecte des ordures menageres residuelles equipees de prehension type kinshoffer et d un systeme d identification des apports des usagers fourniture et livraison de colonnes aeriennes semi enterrees ou enterrees d apport volontaire d environ 5m3 pour la collecte des recyclables secs equipees de prehension type kinshoffer fourniture et livraison de colonnes aeriennes semi enterrees ou enterrees d apport volontaire d environ 4m3 pour la collecte du verre equipees de prehension type kinshoffer fourniture de supports d identification uniques badge en vue d identifier les apports des usagers sur les colonnes omr fourniture de dispositifs de detection et transmission a distance du taux de remplissage de certaines colonnes avec visualisation et acces aux informations sur une plateforme internet transfert des donnees d identification colonnes omr uniquement vers le logiciel de gestion et de facturation de la redevance d enlevement des ordures menageres travaux de genie civil et de mise en place des colonnes semi enterrees ou enterrees maintenance du parc de colonnes et formation a l utilisation des colonnes collecte par le prestataire titulaire du marche de collecte garantie des equipements livres et de leur fonctionnement pendant 3 ans au minimum 
 fourniture de contenants pour la collecte des dechets menagers pour le compte de la communaute de communes coeur de nacre fourniture de contenants pour la collecte des dechets menagers ce marche est compose de 2 lots et porte sur les fournitures suivantes lot 1 fourniture de bacs et puces electroniques pour la collecte des ordures menageres recyclables secs et dechets verts en porte a porte descriptif en annexe b lot 2 fourniture et pose de colonnes d apport volontaire aeriennes semi enterrees et enterrees descriptif en annexe b","[""https://www.boamp.fr/pages/avis/?q=idweb:15-91059"", ""https://www.boamp.fr/pages/avis/?q=idweb:15-167139""]",55,25,,,,,,,,,,,,,,,,NOT_STARTED,OUTSIDE_SCOPE,[],HIGH,"[""https://www.boamp.fr/pages/avis/?q=idweb:15-91059"", ""https://www.boamp.fr/pages/avis/?q=idweb:15-167139""]",Waste-container supply is outside the intended digital procurement scope.,False,,Anchor is outside the intended digital-procurement scope.,SINGLE_EVIDENCE_REVIEW_SUPPLIED_BOAMP_CORPUS,BOAMP supplied corpus and official notice URLs; no exhaustive TED/DECP search,2026-08-11,internship_v1.0
RV-069,LOCKED_TEST,CPV-48|buyer_id_missing|duration,333,8,0.024024024024024,41.625,EP-0e00745ed4dd93dc,"[""18-31687"", ""18-123481""]",2018-09-06,2022-09-06,,Conseil régional des Pays de la Loire,"[""Pays de la Loire""]","[""48900000""]",CPV-48,48.0,"mise en place et maintenance d un systeme d information geographique sig pour les services de la region des pays de la loire le present accord cadre a pour objet d acquerir et de deployer une architecture websig integree afin de proposer aux agents ainsi quaux elus de la region des pays de la loire de nouveaux outils usages systeme dinformation geographique sig plus interactifs bases sur les sig et les technologies de webmapping cartes web le present accord cadre a pour objet dacquerir et deployer une architecture websig integree afin de proposer aux agents ainsi quaux elus de la region des pays de la loire de nouveaux outils usages systeme dinformation geographique sig plus interactifs bases sur les sig et les technologies de webmapping cartes web la region souhaite dautre part acquerir un outil de catalogage de donnees geographiques afin de repondre a ses obligations reglementaires directive europeenne inspire ces outils sig pourront contribuer a ameliorer la lecture et la comprehension des donnees regionales via un portail cartographique les montants minimum et maximum cumules des commandes pouvant etre realisees dans le cadre de cet accord cadre sont definis comme suit montant minimum 90 000 euro s htva pour 48 mois montant maximum 300 000 euro s htva pour 48 mois 
 a completer mise en place et maintenance d un systeme d information geographique sig pour les services de la region des pays de la loire le present accord cadre a pour objet d acquerir et de deployer une architecture websig integree afin de proposer aux agents ainsi quaux elus de la region des pays de la loire de nouveaux outils usages systeme dinformation geographique sig plus interactifs bases sur les sig et les technologies de webmapping cartes web le present accord cadre a pour objet dacquerir et deployer une architecture websig integree afin de proposer aux agents ainsi quaux elus de la region des pays de la loire de nouveaux outils usages systeme dinformation geographique sig plus interactifs bases sur les sig et les technologies de webmapping cartes web la region souhaite dautre part acquerir un outil de catalogage de donnees geographiques afin de repondre a ses obligations reglementaires directive europeenne inspire ces outils sig pourront contribuer a ameliorer la lecture et la comprehension des donnees regionales via un portail cartographique les montants minimum et maximum cumules des commandes pouvant etre realisees dans le cadre de cet accord cadre sont definis comme suit montant minimum 90 000 euro s htva pour 48 mois montant maximum 300 000 euro s htva pour 48 mois mise en place et maintenance d un systeme d information geographique sig pour les services de la region des pays de la loire","[""https://www.boamp.fr/pages/avis/?q=idweb:18-31687"", ""https://www.boamp.fr/pages/avis/?q=idweb:18-123481""]",877,25,,,,,,,,,,,,,,,,NOT_STARTED,NO_OBSERVED_SUCCESSOR_IN_SCOPE,[],MEDIUM,"[""https://www.boamp.fr/pages/avis/?q=idweb:18-31687"", ""https://www.boamp.fr/pages/avis/?q=idweb:18-123481"", ""https://www.boamp.fr/pages/avis/?q=idweb:22-25102"", ""https://www.boamp.fr/pages/avis/?q=idweb:22-38550"", ""https://www.boamp.fr/pages/avis/?q=idweb:22-115577"", ""https://www.boamp.fr/pages/avis/?q=idweb:21-130956"", ""https://www.boamp.fr/pages/avis/?q=idweb:22-74959"", ""https://www.boamp.fr/pages/avis/?q=idweb:22-162091"", ""https://www.boamp.fr/pages/avis/?q=idweb:23-1325"", ""https://www.boamp.fr/pages/avis/?q=idweb:23-76668""]","No later episode in the supplied BOAMP review candidates matched both the buyer continuity and the anchor's specific functional need. The reviewed candidates concerned materially different procurements. This is a corpus-relative negative, not proof that no renewal occurred.",True,,,SINGLE_EVIDENCE_REVIEW_SUPPLIED_BOAMP_CORPUS,BOAMP supplied corpus and official notice URLs; no exhaustive TED/DECP search,2026-08-11,internship_v1.0
RV-070,LOCKED_TEST,CPV-48|buyer_id_missing|duration,333,8,0.024024024024024,41.625,EP-0ed2cd1c564aa304,"[""22-131100"", ""23-41545""]",2023-04-09,2023-12-09,,SMITRED Ouest d'Armor,"[""Bretagne""]","[""31700000"", ""48150000"", ""45259000"", ""50530000"", ""42636100"", ""43411000""]",CPV-48,8.0,"fourniture de pieces entretien reparation des equipements du centre de tri et divers lots 3 a 6 fourniture de pieces entretien reparation des equipements du centre de tri et divers lots 3 a 6 fourniture de pieces entretien reparation mecanique hydraulique aeraulique et automatique des equipements du centre de tri et divers equipements du smitred ouest d armor trieurs optiques de marque tomra fourniture de pieces entretien et reparation des trieurs optiques de marque tomra marche sous la forme d un accord cadre a bons de commandes avec un seul operateur economique sans montant minimum et selon le montant maximum annuel de 70 000 euro h t presse a balles et ouvreur de sacs de marque boa fourniture de pieces entretien et reparation de la presse a balles et de l ouvreur de sacs de marque boa marche sous la forme d un accord cadre a bons de commandes avec un seul operateur economique sans montant minimum et selon le montant maximum annuel de 60 000 euro h t depoussiereurs de marque donaldson fourniture de pieces entretien et reparation des depoussiereurs de marque donaldson du centre de tri accord cadre a bons de commandes avec un seul operateur economique sans montant minimum et selon le montant maximum annuel de 30000 euro h t presse a paquets et presse a compaction pse de marque bretagne hydraulique fourniture de pieces entretien et reparation de la presse a paquets et de la presse a compaction pse de marque bretagne hydraulique du smitred ouest d armor accord cadre a bons de commandes avec un seul operateur economique sans montant minimum annuel et selon le montant maximum annuel de 70 000 euro ht 
 fourniture de pieces entretien reparation des equipements du centre de tri et divers lots 3 a 6 fourniture de pieces entretien reparation des equipements du centre de tri et divers lots 3 a 6 fourniture de pieces entretien reparation mecanique hydraulique aeraulique et automatique des equipements du centre de tri et divers equipements du smitred ouest d armor trieurs optiques de marque tomra fourniture de pieces entretien et reparation des trieurs optiques de marque tomra marche sous la forme d un accord cadre a bons de commandes avec un seul operateur economique sans montant minimum et selon le montant maximum annuel de 70 000 euro h t presse a balles et ouvreur de sacs de marque boa fourniture de pieces entretien et reparation de la presse a balles et de l ouvreur de sacs de marque boa marche sous la forme d un accord cadre a bons de commandes avec un seul operateur economique sans montant minimum et selon le montant maximum annuel de 60 000 euro h t depoussiereurs de marque donaldson fourniture de pieces entretien et reparation des depoussiereurs de marque donaldson du centre de tri accord cadre a bons de commandes avec un seul operateur economique sans montant minimum et selon le montant maximum annuel de 30000 euro h t presse a paquets et presse a compaction pse de marque bretagne hydraulique fourniture de pieces entretien et reparation de la presse a paquets et de la presse a compaction pse de marque bretagne hydraulique du smitred ouest d armor accord cadre a bons de commandes avec un seul operateur economique sans montant minimum annuel et selon le montant maximum annuel de 70 000 euro h t presse a balles et ouvreurs de sacs de marque boa","[""https://www.boamp.fr/pages/avis/?q=idweb:22-131100"", ""https://www.boamp.fr/pages/avis/?q=idweb:23-41545""]",45,25,,,,,,,,,,,,,,,,NOT_STARTED,OUTSIDE_SCOPE,[],HIGH,"[""https://www.boamp.fr/pages/avis/?q=idweb:22-131100"", ""https://www.boamp.fr/pages/avis/?q=idweb:23-41545""]",Mechanical parts and repair for sorting-centre equipment are outside the intended digital procurement scope.,False,,Anchor is outside the intended digital-procurement scope.,SINGLE_EVIDENCE_REVIEW_SUPPLIED_BOAMP_CORPUS,BOAMP supplied corpus and official notice URLs; no exhaustive TED/DECP search,2026-08-11,internship_v1.0
RV-071,LOCKED_TEST,CPV-72|buyer_id|duration,194,7,0.0360824742268041,27.714285714285715,EP-f0eacc2ee1578eb2,"[""15-116628"", ""15-167746""]",2015-12-03,2018-12-18,218501096.0,Commune des Herbiers,"[""Pays de la Loire""]","[""64200000"", ""64212000"", ""72400000""]",CPV-72,36.501,"prestations de service de telecommunications telephonie fixe telephonie mobile internet marche a bons de commande pour le compte de la commune des herbiers prestations de service de telecommunications telephonie fixe telephonie mobile internet marche a bons de commande 
 prestations de service de telecommunications telephonie fixe telephonie mobile internet marche a bons de commande pour le compte de la commune des herbiers prestations de service de telecommunications telephonie fixe telephonie mobile internet marche a bons de commande prestations de service de telecommunications telephonie fixe telephonie mobile internet marche a bons de commandemontant minimum annuel 37 000 euro ht montant maximum annuel 193 000 euro ht","[""https://www.boamp.fr/pages/avis/?q=idweb:15-116628"", ""https://www.boamp.fr/pages/avis/?q=idweb:15-167746""]",37,25,,,,,,,,,,,,,,,,NOT_STARTED,NO_OBSERVED_SUCCESSOR_IN_SCOPE,[],MEDIUM,"[""https://www.boamp.fr/pages/avis/?q=idweb:15-116628"", ""https://www.boamp.fr/pages/avis/?q=idweb:15-167746"", ""https://www.boamp.fr/pages/avis/?q=idweb:18-85479"", ""https://www.boamp.fr/pages/avis/?q=idweb:18-140305"", ""https://www.boamp.fr/pages/avis/?q=idweb:18-40481"", ""https://www.boamp.fr/pages/avis/?q=idweb:18-140371"", ""https://www.boamp.fr/pages/avis/?q=idweb:18-33146"", ""https://www.boamp.fr/pages/avis/?q=idweb:18-91605""]","No later episode in the supplied BOAMP review candidates matched both the buyer continuity and the anchor's specific functional need. The reviewed candidates concerned materially different procurements. This is a corpus-relative negative, not proof that no renewal occurred.",True,,,SINGLE_EVIDENCE_REVIEW_SUPPLIED_BOAMP_CORPUS,BOAMP supplied corpus and official notice URLs; no exhaustive TED/DECP search,2026-08-11,internship_v1.0
RV-072,LOCKED_TEST,CPV-32|buyer_id|duration_missing,9,9,1.0,1.0,EP-a7005a531d605208,"[""15-159897""]",2015-10-20,,194909701.0,Université d'Angers,"[""Pays de la Loire""]","[""32510000""]",CPV-32,,materiels complementaires et prestations associees concernant la solution de wifi haut debit de l universite a angers materiels complementaires et prestations associees concernant la solution de wifi haut debit a l universite d angers,"[""https://www.boamp.fr/pages/avis/?q=idweb:15-159897""]",674,25,,,,,,,,,,,,,,,,NOT_STARTED,OBSERVED_SUCCESSOR,"[""EP-e92392289f7a7044""]",MEDIUM,"[""https://www.boamp.fr/pages/avis/?q=idweb:15-159897"", ""https://www.boamp.fr/pages/avis/?q=idweb:16-46830"", ""https://www.boamp.fr/pages/avis/?q=idweb:16-105924""]",Same university and Wi-Fi environment; the later procedure extends the same high-speed campus Wi-Fi solution.,True,,,SINGLE_EVIDENCE_REVIEW_SUPPLIED_BOAMP_CORPUS,BOAMP supplied corpus and official notice URLs; no exhaustive TED/DECP search,2026-08-11,internship_v1.0
RV-073,LOCKED_TEST,CPV-35|buyer_id_missing|duration,9,9,1.0,1.0,EP-be54fff3d74df3f1,"[""19-17307"", ""19-19977"", ""19-34985"", ""19-40260"", ""19-90164""]",2019-07-13,2023-07-13,,COMMUNE DE NANTES,"[""Pays de la Loire""]","[""44512000"", ""31000000"", ""44810000"", ""39190000"", ""31500000"", ""31518200"", ""44531510"", ""24910000"", ""44522200"", ""44521000"", ""44316400"", ""44520000"", ""44100000"", ""35821000"", ""42418000"", ""39715300"", ""42131400"", ""44600000"", ""30197642"", ""22459100"", ""30192112"", ""50313000"", ""19243000"", ""43812000""]",CPV-35,48.0,"fournitures d outillages d equipements techniques et de consommables divers fournitures d outillages d equipements techniques et de consommables divers la presente consultation a pour objet l approvisionnement des services de la ville de nantes de son centre communal d action social ccas de nantes metropole et de l ecole des beaux arts nantes saint nazaire en fournitures d outillages d equipements techniques et de consommables divers pour la maintenance generale technique des batiments et de son patrimoine cette consultation conduira a la conclusion d accords cadres mono attributaires donnant lieu a l emission de bons de commande cet accord cadre est lance sous forme de groupement de commandes par nantes metropole la ville de nantes le ccas de nantes et l ecole des beaux arts nantes saint nazaire dans les pieces de la presente consultation ce groupement de commandes est identifie comme etant la personne publique contractante l acheteur ou encore le pouvoir adjudicateur outillage a mains hors jardin derives d outillages derives d outillages diamantes outillage electrique portatif peinture dont accessoires et aerosols eclairage electrique hors secours appareillage electrique hors secours eclairage de secours fixation lubrifiant colle mastic vis boulon ebauches de cles organigrammes de cles cylindres serrures cadenas quincaillerie batiment ameublement produit du second uvre drapeaux pavillons manutention travail en hauteur cordage plomberie traditionnelle sanitaire chauffe eau accumulateur gaz et electricite chaudieres petites puissances et pieces detachees de chaudieres articles d imprimerie papier d imagerie adhesifs signaletiques et supports d imagerie encres d impression numerique encres imagerie maintenance des machines imagerie produits de tapisserie outillages pour parc et jardin espaces verts 
 fournitures d outillages d equipements techniques et de consommables divers rectificatif fournitures d outillages d equipements techniques et de consommables divers la presente consultation a pour objet l approvisionnement des services de la ville de nantes de son centre communal d action social ccas de nantes metropole et de l ecole des beaux arts nantes saint nazaire en fournitures d outillages d equipements techniques et de consommables divers pour la maintenance generale technique des batiments et de son patrimoine cette consultation conduira a la conclusion d accords cadres mono attributaires donnant lieu a l emission de bons de commande cet accord cadre est lance sous forme de groupement de commandes par nantes metropole la ville de nantes le ccas de nantes et l ecole des beaux arts nantes saint nazaire dans les pieces de la presente consultation ce groupement de commandes est identifie comme etant la personne publique contractante l acheteur ou encore le pouvoir adjudicateur 
 fournitures d outillages d equipements techniques et de consommables divers rectificatif fournitures d outillages d equipements techniques et de consommables divers la presente consultation a pour objet l approvisionnement des services de la ville de nantes de son centre communal d action social ccas de nantes metropole et de l ecole des beaux arts nantes saint nazaire en fournitures d outillages d equipements techniques et de consommables divers pour la maintenance generale technique des batiments et de son patrimoine cette consultation conduira ala conclusion d accords cadres mono attributaires donnant lieu a l emission de bons de commande cet accord cadre est lance sous forme de groupement de commandes par nantes metropole la ville de nantes le ccas de nantes et l ecole des beaux arts nantes saint nazaire dans les pieces de la presente consultation ce groupement de commandes est identifie comme etant la personne publique contractante l acheteur ou encore le pouvoir adjudicateur 
 fournitures d outillages d equipements techniques et de consommables divers rectificatif fournitures d outillages d equipements techniques et de consommables divers la presente consultation a pour objet l approvisionnement des services de la ville de nantes de son centrecommunal d action social ccas de nantes metropole et de l ecole des beaux arts nantes saint nazaire en fournituresd outillages d equipements techniques et de consommables divers pour la maintenance generale technique des batiments et de sonpatrimoine cette consultation conduira a la conclusion d accords cadres mono attributaires donnant lieu a l emission de bons decommande cet accord cadre est lance sous forme de groupement de commandes par nantes metropole la ville de nantes le ccasde nantes et l ecole des beaux arts nantes saint nazaire dans les pieces de la presente consultation ce groupement decommandes est identifie comme etant la personne publique contractante l acheteur ou encore le pouvoir adjudicateur 
 fournitures d outillages d equipements techniques et de consommables divers fournitures d outillages d equipements techniques et de consommables divers la presente consultation a pour objet l approvisionnement des services de la ville de nantes de son centre communal d action social ccas de nantes metropole et de l ecole des beaux arts nantes saint nazaire en fournitures d outillages d equipements techniques et de consommables divers pour la maintenance generale technique des batiments et de son patrimoine cette consultation conduira a la conclusion d accords cadres mono attributaires donnant lieu a l emission de bons de commande cet accord cadre est lance sous forme de groupement de commandes par nantes metropole la ville de nantes le ccas de nantes et l ecole des beaux arts nantes saint nazaire dans les pieces de la presente consultation ce groupement de commandes est identifie comme etant la personne publique contractante l acheteur ou encore le pouvoir adjudicateur outillage a mains hors jardin derives d outillages derives d outillages diamantes outillage electrique portatif peinture dont accessoires et aerosols eclairage electrique hors secours appareillage electrique hors secours eclairage de secours fixation lubrifiant colle mastic vis boulon ebauches de cles organigrammes de cles cylindres serrures cadenas quincaillerie batiment ameublement produit du second uvre drapeaux pavillons manutention travail en hauteur cordage plomberie traditionnelle sanitaire chauffe eau accumulateur gaz et electricite chaudieres petites puissances et pieces detachees de chaudieres articles d imprimerie papier d imagerie adhesifs signaletiques et supports d imagerie encres d impression numerique encres imagerie maintenance des machines imagerie produits de tapisserie outillages pour parc et jardin espaces verts produit du second oeuvre","[""https://www.boamp.fr/pages/avis/?q=idweb:19-17307"", ""https://www.boamp.fr/pages/avis/?q=idweb:19-19977"", ""https://www.boamp.fr/pages/avis/?q=idweb:19-34985"", ""https://www.boamp.fr/pages/avis/?q=idweb:19-40260"", ""https://www.boamp.fr/pages/avis/?q=idweb:19-90164""]",825,25,,,,,,,,,,,,,,,,NOT_STARTED,OUTSIDE_SCOPE,[],HIGH,"[""https://www.boamp.fr/pages/avis/?q=idweb:19-17307"", ""https://www.boamp.fr/pages/avis/?q=idweb:19-19977"", ""https://www.boamp.fr/pages/avis/?q=idweb:19-34985"", ""https://www.boamp.fr/pages/avis/?q=idweb:19-40260"", ""https://www.boamp.fr/pages/avis/?q=idweb:19-90164""]","General tools, technical equipment and consumables are outside the intended digital procurement scope.",False,,Anchor is outside the intended digital-procurement scope.,SINGLE_EVIDENCE_REVIEW_SUPPLIED_BOAMP_CORPUS,BOAMP supplied corpus and official notice URLs; no exhaustive TED/DECP search,2026-08-11,internship_v1.0
RV-074,LOCKED_TEST,CPV-35|buyer_id_missing|duration,9,9,1.0,1.0,EP-010012d83ec6e03c,"[""19-156899"", ""20-10834""]",2020-01-25,2024-01-25,,Nantes Métropole,"[""Pays de la Loire""]","[""35261000""]",CPV-35,48.0,"impression numerique de supports graphiques evenementiels grand format pour nantes metropole la ville de nantes le ccas et l ebansn impression numerique de supports graphiques evenementiels grand format pour nantes metropole la ville de nantes le ccas et l ebansn impression numerique de supports graphiques evenementiels grand format pour nantes metropole la ville de nantes le ccas et l esbanm le present marche a pour objet l impression numerique de supports graphiques evenementiels grand format il s agit d un accord cadre mono attributaire donnant lieu a emissions de bon de commandes pour les besoins inferieurs a 15 000euro ht et a marches subsequents pour les besoins superieurs a 15 000euro ht cet accord cadre est denue de minimum mais assorti d un montant maximum qui ne saurait sur la dureeglobale du marche depasser 800 000euro ht pour la ville de nantes 980 000euro ht pour nantes metropole 20 000euro ht pour le ccas 20 000euro ht pour l ebansnl execution du present marche prendra effet a compter du a compter du 24 01 2020 ou s il n etait pas notifieavant cette date a compter de la date de notification pour une duree de 4 ans 
 impression numerique de supports graphiques evenementiels grand format pour nantes metropole la ville de nantes le ccas et l ebansn impression numerique de supports graphiques evenementiels grand format pour nantes metropole la ville de nantes le ccas et l ebansn impression numerique de supports graphiques evenementiels grand format pour nantes metropole la ville de nantes le ccas et l esbanm","[""https://www.boamp.fr/pages/avis/?q=idweb:19-156899"", ""https://www.boamp.fr/pages/avis/?q=idweb:20-10834""]",2299,25,,,,,,,,,,,,,,,,NOT_STARTED,OUTSIDE_SCOPE,[],HIGH,"[""https://www.boamp.fr/pages/avis/?q=idweb:19-156899"", ""https://www.boamp.fr/pages/avis/?q=idweb:20-10834""]",Large-format event printing is outside the intended digital procurement scope.,False,,Anchor is outside the intended digital-procurement scope.,SINGLE_EVIDENCE_REVIEW_SUPPLIED_BOAMP_CORPUS,BOAMP supplied corpus and official notice URLs; no exhaustive TED/DECP search,2026-08-11,internship_v1.0
RV-075,LOCKED_TEST,CPV-48|buyer_id|duration,106,8,0.0754716981132075,13.25,EP-794984c7d2b71bb8,"[""22-95969"", ""22-98665"", ""22-101639"", ""22-135728"", ""23-28542""]",2023-03-04,2023-09-03,194909701.0,Université d'Angers,"[""Pays de la Loire""]","[""32320000"", ""48750000""]",CPV-48,6.0,solution d equipement de captation du centre de simulation en sante les prestations sont reglees par des prix forfaitaires le present marche a pour objet la fourniture l installation la configuration et la garantie des materiels qui permettront la mise en place de la solution de captation et d enregistrement multi cameras et multi sites ainsi que la retransmission en direct des differents salles equipees en captation dans des salles de debriefing au centre de simulation de l universite d angers dans les lieux definis a l article 3 et la recette de bon fonctionnement la fourniture l installation la configuration et la garantie de materiels de projections de contenu sur tableau blanc configuration salle de cours la maintenance de ces materiels la fourniture des logiciels permettant leur fonctionnement la maintenance et l evolution mineure ou majeure des logiciels la formation sur la solution et les materiels proposes,"[""https://www.boamp.fr/pages/avis/?q=idweb:22-95969"", ""https://www.boamp.fr/pages/avis/?q=idweb:22-98665"", ""https://www.boamp.fr/pages/avis/?q=idweb:22-101639"", ""https://www.boamp.fr/pages/avis/?q=idweb:22-135728"", ""https://www.boamp.fr/pages/avis/?q=idweb:23-28542""]",53,25,,,,,,,,,,,,,,,,NOT_STARTED,NO_OBSERVED_SUCCESSOR_IN_SCOPE,[],MEDIUM,"[""https://www.boamp.fr/pages/avis/?q=idweb:22-95969"", ""https://www.boamp.fr/pages/avis/?q=idweb:22-98665"", ""https://www.boamp.fr/pages/avis/?q=idweb:22-101639"", ""https://www.boamp.fr/pages/avis/?q=idweb:22-135728"", ""https://www.boamp.fr/pages/avis/?q=idweb:23-28542"", ""https://www.boamp.fr/pages/avis/?q=idweb:23-84234"", ""https://www.boamp.fr/pages/avis/?q=idweb:23-74221"", ""https://www.boamp.fr/pages/avis/?q=idweb:23-159433"", ""https://www.boamp.fr/pages/avis/?q=idweb:23-84235"", ""https://www.boamp.fr/pages/avis/?q=idweb:23-136602""]","No later episode in the supplied BOAMP review candidates matched both the buyer continuity and the anchor's specific functional need. The reviewed candidates concerned materially different procurements. This is a corpus-relative negative, not proof that no renewal occurred.",True,,,SINGLE_EVIDENCE_REVIEW_SUPPLIED_BOAMP_CORPUS,BOAMP supplied corpus and official notice URLs; no exhaustive TED/DECP search,2026-08-11,internship_v1.0
RV-076,LOCKED_TEST,CPV-72|buyer_id_missing|duration_missing,148,7,0.0472972972972973,21.142857142857142,EP-0385dc0ab1a8a6e9,"[""18-6506""]",2018-01-19,,,Conseil départemental de la Mayenne,"[""Pays de la Loire""]","[""72267100""]",CPV-72,,maintenance evolution et assistance des solutions logicielles de gestion de l action sociale solis solatis maintenance evolution et assistance des solutions logicielles de gestion de l action sociale solis solatis la procedure de passation est la procedure negociee sans mise en concurrence elle est soumise aux dispositions de l article 30 i 3 du decret no2016 360 du 25 mars 2016 l accord cadre avec minimum et maximum est passe en application des articles 78 et 80 du decret no2016 360 du 25 mars 2016 il fixe les conditions d execution des prestations et s execute au fur et a mesure de l emission de bons de commande,"[""https://www.boamp.fr/pages/avis/?q=idweb:18-6506""]",518,25,,,,,,,,,,,,,,,,NOT_STARTED,NO_OBSERVED_SUCCESSOR_IN_SCOPE,[],MEDIUM,"[""https://www.boamp.fr/pages/avis/?q=idweb:18-6506"", ""https://www.boamp.fr/pages/avis/?q=idweb:18-154990"", ""https://www.boamp.fr/pages/avis/?q=idweb:25-30335"", ""https://www.boamp.fr/pages/avis/?q=idweb:25-7959""]","No later episode in the supplied BOAMP review candidates matched both the buyer continuity and the anchor's specific functional need. The reviewed candidates concerned materially different procurements. This is a corpus-relative negative, not proof that no renewal occurred.",True,,,SINGLE_EVIDENCE_REVIEW_SUPPLIED_BOAMP_CORPUS,BOAMP supplied corpus and official notice URLs; no exhaustive TED/DECP search,2026-08-11,internship_v1.0
RV-077,LOCKED_TEST,CPV-72|buyer_id_missing|duration,473,7,0.014799154334038,67.57142857142857,EP-2fd8a4d119d7ae10,"[""20-8016"", ""20-87811""]",2020-07-10,2024-07-10,,COMMUNAUTE COMMUNES PAYS DE REDON,"[""Bretagne"", ""Pays de la Loire""]","[""64200000"", ""64212000"", ""64221000"", ""72400000""]",CPV-72,48.0,"services de telecommunications prestations de services de telecommunications avec la fourniture limitee d accessoires telephonie fixe telephonie mobile acces a internet interconnexion des sites et telephonie fixe sur ip acces a internet grand public 
 services de telecommunications prestations de services de telecommunications avec la fourniture limitee d accessoires telephonie fixe telephonie mobile acces a internet interconnexion des sites et telephonie fixe sur ip acces a internet grand public service de telecommunications telephonie fixe services de telecommunication telephonie mobile services de telecommunications acces a internet interconnexion des sites et telephonie fixe sur ip services de telecommunications acces internet grand public","[""https://www.boamp.fr/pages/avis/?q=idweb:20-8016"", ""https://www.boamp.fr/pages/avis/?q=idweb:20-87811""]",144,25,,,,,,,,,,,,,,,,NOT_STARTED,NO_OBSERVED_SUCCESSOR_IN_SCOPE,[],MEDIUM,"[""https://www.boamp.fr/pages/avis/?q=idweb:20-8016"", ""https://www.boamp.fr/pages/avis/?q=idweb:20-87811"", ""https://www.boamp.fr/pages/avis/?q=idweb:22-21869"", ""https://www.boamp.fr/pages/avis/?q=idweb:22-21868"", ""https://www.boamp.fr/pages/avis/?q=idweb:24-66626""]","No later episode in the supplied BOAMP review candidates matched both the buyer continuity and the anchor's specific functional need. The reviewed candidates concerned materially different procurements. This is a corpus-relative negative, not proof that no renewal occurred.",True,,,SINGLE_EVIDENCE_REVIEW_SUPPLIED_BOAMP_CORPUS,BOAMP supplied corpus and official notice URLs; no exhaustive TED/DECP search,2026-08-11,internship_v1.0
RV-078,LOCKED_TEST,CPV-32|buyer_id|duration_missing,9,9,1.0,1.0,EP-31a93787cf121648,"[""15-118459"", ""15-191830""]",2015-12-24,,211407622.0,Ville de Vire,"[""Normandie""]","[""32524000"", ""64210000"", ""64212000"", ""32550000""]",CPV-32,,"fourniture de services de telecommunications pour la ville la communaute de communes le ccas et le siaepa de la haute vire a vire fourniture de services de telecommunications pour la ville la communaute de communes le ccas de vire et le siaepa de la haute vire leurs contrats avec les differents operateurs venant a echeance la ville de vire la communaute de communes le ccas et le siaepa de la haute vire souhaitent proceder a une nouvelle consultation pour leurs services de telecommunication fixes et mobiles ces 4 entites sont reunies en groupement de commande solution d acheminement et de traitement des appels fixes solution d acheminement et de traitement des appels mobiles 
 fourniture de services de telecommunications pour la ville la communaute de communes le ccas et le siaepa de la haute vire a vire fourniture de services de telecommunications pour la ville la communaute de communes le ccas de vire et le siaepa de la haute vire leurs contrats avec les differents operateurs venant a echeance la ville de vire la communaute de communes le ccas et le siaepa de la haute vire souhaitent proceder a une nouvelle consultation pour leurs services de telecommunication fixes et mobiles ces 4 entites sont reunies en groupement de commande","[""https://www.boamp.fr/pages/avis/?q=idweb:15-118459"", ""https://www.boamp.fr/pages/avis/?q=idweb:15-191830""]",0,0,,,,,,,,,,,,,,,,NOT_STARTED,INSUFFICIENT_INFORMATION,[],LOW,"[""https://www.boamp.fr/pages/avis/?q=idweb:15-118459"", ""https://www.boamp.fr/pages/avis/?q=idweb:15-191830""]","The anchor is a recurring telecommunications contract, but the exported corpus contains no candidate for the reorganised Vire purchasing group. A reliable negative decision would require an additional buyer-history search.",False,,Evidence is insufficient for a reliable positive or negative decision.,SINGLE_EVIDENCE_REVIEW_SUPPLIED_BOAMP_CORPUS,BOAMP supplied corpus and official notice URLs; no exhaustive TED/DECP search,2026-08-11,internship_v1.0
RV-079,LOCKED_TEST,CPV-48|buyer_id|duration,106,8,0.0754716981132075,13.25,EP-fb0e50ff03087d93,"[""16-98698"", ""16-161030""]",2016-11-09,2018-11-10,194909701.0,Université d'Angers,"[""Pays de la Loire""]","[""48822000""]",CPV-48,24.0,materiels de reseau informatique commutateurs de coeur de reseau et peripherie maintenance du logiciel de supervision des commutateurs extreme networks,"[""https://www.boamp.fr/pages/avis/?q=idweb:16-98698"", ""https://www.boamp.fr/pages/avis/?q=idweb:16-161030""]",610,25,,,,,,,,,,,,,,,,NOT_STARTED,OBSERVED_SUCCESSOR,"[""EP-0965582e2b179883""]",HIGH,"[""https://www.boamp.fr/pages/avis/?q=idweb:16-98698"", ""https://www.boamp.fr/pages/avis/?q=idweb:16-161030"", ""https://www.boamp.fr/pages/avis/?q=idweb:18-74252"", ""https://www.boamp.fr/pages/avis/?q=idweb:18-167195""]",Same buyer and an essentially identical later procurement of network switches and associated supervision maintenance.,True,,,SINGLE_EVIDENCE_REVIEW_SUPPLIED_BOAMP_CORPUS,BOAMP supplied corpus and official notice URLs; no exhaustive TED/DECP search,2026-08-11,internship_v1.0
RV-080,LOCKED_TEST,CPV-48|buyer_id_missing|duration,333,8,0.024024024024024,41.625,EP-98573ee41e06a68b,"[""15-153563"", ""16-59199""]",2016-04-28,2020-04-28,,Département d'Ille et Vilaine,"[""Bretagne""]","[""48000000"", ""72260000""]",CPV-48,48.0,"maintenance support et acquisition de licences complementaires d une solution de virtualisation des applications et prestations associees pour les services du departement a rennes maintenance support et acquisition de licences complementaires de la solution de virtualisation d applications citrix et prestations associees pour les services du departement d ille et vilaine maintenance support et acquisition de licences complementaires d une solution de virtualisation des applications et prestations associees pour les services du departement d ille et vilaine 
 maintenance support et acquisition de licences complementaires de la solution de virtualisation d applications citrix et prestations associees pour les services du departement d ille et vilaine maintenance support et acquisition de licences complementaires de la solution de virtualisation d applications citrix et prestations associees pour les services du departement d ille et vilaine","[""https://www.boamp.fr/pages/avis/?q=idweb:15-153563"", ""https://www.boamp.fr/pages/avis/?q=idweb:16-59199""]",983,25,,,,,,,,,,,,,,,,NOT_STARTED,NO_OBSERVED_SUCCESSOR_IN_SCOPE,[],MEDIUM,"[""https://www.boamp.fr/pages/avis/?q=idweb:15-153563"", ""https://www.boamp.fr/pages/avis/?q=idweb:16-59199"", ""https://www.boamp.fr/pages/avis/?q=idweb:20-19659"", ""https://www.boamp.fr/pages/avis/?q=idweb:20-25518"", ""https://www.boamp.fr/pages/avis/?q=idweb:20-41537"", ""https://www.boamp.fr/pages/avis/?q=idweb:20-65209"", ""https://www.boamp.fr/pages/avis/?q=idweb:20-77227""]","No later episode in the supplied BOAMP review candidates matched both the buyer continuity and the anchor's specific functional need. The reviewed candidates concerned materially different procurements. This is a corpus-relative negative, not proof that no renewal occurred.",True,,,SINGLE_EVIDENCE_REVIEW_SUPPLIED_BOAMP_CORPUS,BOAMP supplied corpus and official notice URLs; no exhaustive TED/DECP search,2026-08-11,internship_v1.0
RV-081,LOCKED_TEST,CPV-48|buyer_id_missing|duration,333,8,0.024024024024024,41.625,EP-16dd05dfaff3519d,"[""17-154293"", ""17-158083"", ""18-28160""]",2018-03-21,2022-03-21,,Nantes Métropole,"[""Pays de la Loire""]","[""71311200"", ""48620000""]",CPV-48,48.0,"marche de mandat pour le renouvellement du systeme d aide a l exploitation du tramway marche de mandat pour le renouvellement du systeme d aide a l exploitation du tramway le marche doit permettre a nantes metropole de s adjoindre un mandataire pour proceder a l acquisition et au deploiement d un nouveau sae tramway pour le compte de la metropole 
 marche de mandat pour le renouvellement du systeme d aide a l exploitation du tramway rectificatif marche de mandat pour le renouvellement du systeme d aide a l exploitation du tramway le marche doit permettre a nantes metropole de s adjoindre un mandataire pour proceder a l acquisition et au deploiement d un nouveau sae tramway pour le compte de nantes metropole 
 marche de mandat pour le renouvellement du systeme d aide a l exploitation du tramway marche de mandat pour le renouvellement du systeme d aide a l exploitation du tramway le marche doit permettre a nantes metropole de s adjoindre un mandataire pour proceder a l acquisition et au deploiement d un nouveau sae tramway pour le compte de la metropole marche de mandat pour le renouvellement du systeme d aide a l exploitation du tramway","[""https://www.boamp.fr/pages/avis/?q=idweb:17-154293"", ""https://www.boamp.fr/pages/avis/?q=idweb:17-158083"", ""https://www.boamp.fr/pages/avis/?q=idweb:18-28160""]",3163,25,,,,,,,,,,,,,,,,NOT_STARTED,NO_OBSERVED_SUCCESSOR_IN_SCOPE,[],MEDIUM,"[""https://www.boamp.fr/pages/avis/?q=idweb:17-154293"", ""https://www.boamp.fr/pages/avis/?q=idweb:17-158083"", ""https://www.boamp.fr/pages/avis/?q=idweb:18-28160"", ""https://www.boamp.fr/pages/avis/?q=idweb:21-167583"", ""https://www.boamp.fr/pages/avis/?q=idweb:22-12630"", ""https://www.boamp.fr/pages/avis/?q=idweb:22-74007"", ""https://www.boamp.fr/pages/avis/?q=idweb:22-34888"", ""https://www.boamp.fr/pages/avis/?q=idweb:22-53793"", ""https://www.boamp.fr/pages/avis/?q=idweb:22-64473""]","No later episode in the supplied BOAMP review candidates matched both the buyer continuity and the anchor's specific functional need. The reviewed candidates concerned materially different procurements. This is a corpus-relative negative, not proof that no renewal occurred.",True,,,SINGLE_EVIDENCE_REVIEW_SUPPLIED_BOAMP_CORPUS,BOAMP supplied corpus and official notice URLs; no exhaustive TED/DECP search,2026-08-11,internship_v1.0
RV-082,LOCKED_TEST,CPV-72|buyer_id|duration,194,7,0.0360824742268041,27.714285714285715,EP-c6246ef561b98168,"[""21-26779"", ""21-158676""]",2021-12-03,2023-12-04,234400034.0,Conseil régional des Pays de la Loire,"[""Pays de la Loire""]","[""72250000""]",CPV-72,24.0,"maintenance et evolutions du systeme de stockage des donnees le present accord cadre a pour objet d assurer la maintenance et les evolutions du systeme de stockage des donnees informatiques de la region des pays de la loire l accord cadre prevoit la maintenance materielle et logicielle du systeme de stockage actuellement en place a la region la fourniture de materiels et logiciels qui permettront de prendre en compte les evolutions des besoins de la region en matiere de stockage de donnees les prestations de mise en oeuvre des materiels et logiciels acquis dans le cadre du present accord cadre le present accord cadre a pour objet d assurer la maintenance et les evolutions du systeme de stockage des donnees informatiques de la region des pays de la loire l accord cadre prevoit 1 la maintenance materielle et logicielle du systeme de stockage actuellement en place a la region2 la fourniture de materiels et logiciels qui permettront de prendre en compte les evolutions des besoins de la region en matiere de stockage de donnees3 les prestations de mise en oeuvre des materiels et logiciels acquis dans le cadre du present accord cadrele present accord cadre est mixte article r2162 3 du code de la commande publique il pourra donc s executer au moyen de bons de commandes sur la base des prix indiques au bordereau des prix unitaires mais egalement au moyen de marches subsequents qui pourront etre soit a prix global et forfaitaire soit a prix unitaires soit a prix mixtes les montants minimum et maximum cumules de commandes et de marches subsequents pouvant etre realises dans le cadre de cet accord cadre sont definis comme suit montant minimum 150 000 euro s htva pour 24 mois montant maximum 800 000 euro s htva pour 24 moisles prix unitaires figurent au bordereau de prix unitaires 
 maintenance et evolutions du systeme de stockage des donnees le present accord cadre a pour objet d assurer la maintenance et les evolutions du systeme de stockage des donnees informatiques de la region des pays de la loire l accord cadre prevoit la maintenance materielle et logicielle du systeme de stockage actuellement en place a la region la fourniture de materiels et logiciels qui permettront de prendre en compte les evolutions des besoins de la region en matiere de stockage de donnees les prestations de mise en oeuvre des materiels et logiciels acquis dans le cadre du present accord cadre le present accord cadre a pour objet d assurer la maintenance et les evolutions du systeme de stockage des donnees informatiques de la region des pays de la loire l accord cadre prevoit 1 la maintenance materielle et logicielle du systeme de stockage actuellement en place a la region2 la fourniture de materiels et logiciels qui permettront de prendre en compte les evolutions des besoins de la region en matiere de stockage de donnees3 les prestations de mise en oeuvre des materiels et logiciels acquis dans le cadre du present accord cadrele present accord cadre est mixte article r2162 3 du code de la commande publique il pourra donc s executer au moyen de bons de commandes sur la base des prix indiques au bordereau des prix unitaires mais egalement au moyen de marches subsequents qui pourront etre soit a prix global et forfaitaire soit a prix unitaires soit a prix mixtes les montants minimum et maximum cumules de commandes et de marches subsequents pouvant etre realises dans le cadre de cet accord cadre sont definis comme suit montant minimum 150 000 euro s htva pour 24 mois montant maximum 800 000 euro s htva pour 24 moisles prix unitaires figurent au bordereau de prix unitaires maintenance et evolutions du systeme destockage des donnees","[""https://www.boamp.fr/pages/avis/?q=idweb:21-26779"", ""https://www.boamp.fr/pages/avis/?q=idweb:21-158676""]",612,25,,,,,,,,,,,,,,,,NOT_STARTED,NO_OBSERVED_SUCCESSOR_IN_SCOPE,[],MEDIUM,"[""https://www.boamp.fr/pages/avis/?q=idweb:21-26779"", ""https://www.boamp.fr/pages/avis/?q=idweb:21-158676"", ""https://www.boamp.fr/pages/avis/?q=idweb:23-174149"", ""https://www.boamp.fr/pages/avis/?q=idweb:23-160148"", ""https://www.boamp.fr/pages/avis/?q=idweb:23-12419"", ""https://www.boamp.fr/pages/avis/?q=idweb:23-83911""]","No later episode in the supplied BOAMP review candidates matched both the buyer continuity and the anchor's specific functional need. The reviewed candidates concerned materially different procurements. This is a corpus-relative negative, not proof that no renewal occurred.",True,,,SINGLE_EVIDENCE_REVIEW_SUPPLIED_BOAMP_CORPUS,BOAMP supplied corpus and official notice URLs; no exhaustive TED/DECP search,2026-08-11,internship_v1.0
RV-083,LOCKED_TEST,CPV-72|buyer_id_missing|duration_missing,148,7,0.0472972972972973,21.142857142857142,EP-c59f48fe0bca7d74,"[""16-40931"", ""17-113""]",2017-01-02,,,Rennes Métropole,"[""Bretagne""]","[""72268000""]",CPV-72,,acquisition et maintenance d un systeme informatise de gestion et de publication des collections des musees de bretagne et des beaux arts a rennes acquisition et maintenance d un systeme informatise de gestion et de publication des collections des musees de bretagne et des beaux arts de rennes,"[""https://www.boamp.fr/pages/avis/?q=idweb:16-40931"", ""https://www.boamp.fr/pages/avis/?q=idweb:17-113""]",3258,25,,,,,,,,,,,,,,,,NOT_STARTED,NO_OBSERVED_SUCCESSOR_IN_SCOPE,[],MEDIUM,"[""https://www.boamp.fr/pages/avis/?q=idweb:16-40931"", ""https://www.boamp.fr/pages/avis/?q=idweb:17-113"", ""https://www.boamp.fr/pages/avis/?q=idweb:21-29238"", ""https://www.boamp.fr/pages/avis/?q=idweb:22-43556"", ""https://www.boamp.fr/pages/avis/?q=idweb:20-102302"", ""https://www.boamp.fr/pages/avis/?q=idweb:21-6621""]","No later episode in the supplied BOAMP review candidates matched both the buyer continuity and the anchor's specific functional need. The reviewed candidates concerned materially different procurements. This is a corpus-relative negative, not proof that no renewal occurred.",True,,,SINGLE_EVIDENCE_REVIEW_SUPPLIED_BOAMP_CORPUS,BOAMP supplied corpus and official notice URLs; no exhaustive TED/DECP search,2026-08-11,internship_v1.0
RV-084,LOCKED_TEST,CPV-32|buyer_id|duration,48,12,0.25,4.0,EP-042404646686b7a6,"[""16-36699"", ""16-84108""]",2016-06-10,2017-06-11,130020589.0,Centre Hospitalier des Drs Rosenberg,"[""Normandie""]","[""32541000"", ""32543000"", ""64200000"", ""50334100"", ""50334110"", ""32545000"", ""64120000""]",CPV-32,12.0,"fourniture services de telecommunications et maintenance des systemes telephoniques a lillebonne telephonie marche public de fourniture services de telecommunications et maintenance des systemes telephoniques la telephonie fixe la telephonie mobile les acces internet et vpn la maintenance exploitation et evolution des systemes telephoniques les services de multidiffusion l envoi de lettres recommandees dematerialisees l hebergement de services les services de telephonie hebergee les services audio et web conference 
 telephonie marche public de fourniture services de telecommunications et maintenance des systemes telephoniques la telephonie fixe la telephonie mobile les acces internet et vpn la maintenance exploitation et evolution des systemes telephoniques les services de multidiffusion l envoi de lettres recommandees dematerialisees l hebergement de services les services de telephonie hebergee les services audio et web conference","[""https://www.boamp.fr/pages/avis/?q=idweb:16-36699"", ""https://www.boamp.fr/pages/avis/?q=idweb:16-84108""]",50,25,,,,,,,,,,,,,,,,NOT_STARTED,NO_OBSERVED_SUCCESSOR_IN_SCOPE,[],MEDIUM,"[""https://www.boamp.fr/pages/avis/?q=idweb:16-36699"", ""https://www.boamp.fr/pages/avis/?q=idweb:16-84108"", ""https://www.boamp.fr/pages/avis/?q=idweb:17-145443"", ""https://www.boamp.fr/pages/avis/?q=idweb:17-72783"", ""https://www.boamp.fr/pages/avis/?q=idweb:17-118558"", ""https://www.boamp.fr/pages/avis/?q=idweb:16-174302"", ""https://www.boamp.fr/pages/avis/?q=idweb:17-10982""]","No later episode in the supplied BOAMP review candidates matched both the buyer continuity and the anchor's specific functional need. The reviewed candidates concerned materially different procurements. This is a corpus-relative negative, not proof that no renewal occurred.",True,,,SINGLE_EVIDENCE_REVIEW_SUPPLIED_BOAMP_CORPUS,BOAMP supplied corpus and official notice URLs; no exhaustive TED/DECP search,2026-08-11,internship_v1.0
RV-085,LOCKED_TEST,CPV-72|buyer_id|duration,194,7,0.0360824742268041,27.714285714285715,EP-7b77689973f0862e,"[""19-174926"", ""19-181532""]",2019-12-08,2023-12-08,180020026.0,CAISSE DES DEPOTS,"[""Pays de la Loire""]","[""80500000"", ""72500000"", ""80511000"", ""80530000""]",CPV-72,48.0,"formations en bureautique en presentiel sur catalogue et a distance via une plateforme en ligne la presente consultation concerne des prestations de formations en bureautique en interentreprises sur catalogue et a distance via une plateforme en ligne la consultation est passee par un groupement d achat ayant fait l objet d une convention de groupement conclue entre la caisse des depots et consignations et sa filiale informatique cdc le coordonnateur du groupement est la cdc il aura en charge la passation la signature et la notification de l accord cadre chaque membre liste ci dessous devra suivre l execution de l accord cadre 1 la direction des ressources humaines de l etablissement public caisse des depots et consignations commanditaire no 1 2 la filiale informatique cdc via l ues icdc cnp ti commanditaire no2 la consultation comporte 2 lots et seul le lot 2 est ouvert a informatique cdc formations microsoft office 2016 et access en interentreprises sur catalogue en presentiel chez le prestataire ou dans les locaux de la cdc formations pack microsoft office 2016 via une plateforme d apprentissage en ligne a distance 
 formations en bureautique en presentiel sur catalogue et a distance via une plateforme en ligne formations microsoft office 2016 et access en interentreprises sur catalogue en presentiel chez le prestataire ou dans les locaux de la cdc formations pack microsoft office 2016 via une plateforme d apprentissage en ligne a distance formations microsoft office 2016 et access en interentreprises sur catalogue","[""https://www.boamp.fr/pages/avis/?q=idweb:19-174926"", ""https://www.boamp.fr/pages/avis/?q=idweb:19-181532""]",24,24,,,,,,,,,,,,,,,,NOT_STARTED,NO_OBSERVED_SUCCESSOR_IN_SCOPE,[],MEDIUM,"[""https://www.boamp.fr/pages/avis/?q=idweb:19-174926"", ""https://www.boamp.fr/pages/avis/?q=idweb:19-181532"", ""https://www.boamp.fr/pages/avis/?q=idweb:24-26015"", ""https://www.boamp.fr/pages/avis/?q=idweb:23-164130"", ""https://www.boamp.fr/pages/avis/?q=idweb:24-14314"", ""https://www.boamp.fr/pages/avis/?q=idweb:24-127792""]","No later episode in the supplied BOAMP review candidates matched both the buyer continuity and the anchor's specific functional need. The reviewed candidates concerned materially different procurements. This is a corpus-relative negative, not proof that no renewal occurred.",True,,,SINGLE_EVIDENCE_REVIEW_SUPPLIED_BOAMP_CORPUS,BOAMP supplied corpus and official notice URLs; no exhaustive TED/DECP search,2026-08-11,internship_v1.0
RV-086,LOCKED_TEST,CPV-48|buyer_id_missing|duration_missing,113,8,0.0707964601769911,14.125,EP-df17711a48398e77,"[""15-76294"", ""15-98502""]",2015-06-29,,,Côtes d'Armor Habitat,"[""Bretagne""]","[""48900000""]",CPV-48,,"fourniture installation et maintenance d une ged pour le compte des cotes d armor habitat a ploufragan fourniture installation et maintenance d une g e d 
 fourniture installation et maintenance d une g e d pour cotes d armor habitat a ploufragan fourniture installation et maintenance d une g e d","[""https://www.boamp.fr/pages/avis/?q=idweb:15-76294"", ""https://www.boamp.fr/pages/avis/?q=idweb:15-98502""]",26,25,,,,,,,,,,,,,,,,NOT_STARTED,NO_OBSERVED_SUCCESSOR_IN_SCOPE,[],MEDIUM,"[""https://www.boamp.fr/pages/avis/?q=idweb:15-76294"", ""https://www.boamp.fr/pages/avis/?q=idweb:15-98502"", ""https://www.boamp.fr/pages/avis/?q=idweb:16-3779"", ""https://www.boamp.fr/pages/avis/?q=idweb:16-127894"", ""https://www.boamp.fr/pages/avis/?q=idweb:16-183628"", ""https://www.boamp.fr/pages/avis/?q=idweb:15-149194"", ""https://www.boamp.fr/pages/avis/?q=idweb:15-193801""]","No later episode in the supplied BOAMP review candidates matched both the buyer continuity and the anchor's specific functional need. The reviewed candidates concerned materially different procurements. This is a corpus-relative negative, not proof that no renewal occurred.",True,,,SINGLE_EVIDENCE_REVIEW_SUPPLIED_BOAMP_CORPUS,BOAMP supplied corpus and official notice URLs; no exhaustive TED/DECP search,2026-08-11,internship_v1.0
RV-087,LOCKED_TEST,CPV-48|buyer_id|duration,106,8,0.0754716981132075,13.25,EP-75db195acec62c86,"[""20-61728"", ""20-143848""]",2020-11-26,2024-11-26,228500013.0,Conseil général de la Vendée,"[""Pays de la Loire""]","[""72212110"", ""48481000""]",CPV-48,48.0,renouvellement des solutions informatiques de billetteries et boutiques du departement les prestations faisant l objet de la presente consultation consistent dans la mise a disposition de solutions informatiques de billetteries et boutiques du departement l hebergement l exploitation et la maintenance de ces solutions ainsi que dans la realisation de prestations associees elles comprennent egalement la fourniture de materiels il s agira pour chaque lot d un marche ordinaire traite a prix unitaires l ensemble des prestations sur la duree maximale du marche 8 ans est estime a 1 400 000 euro s ht tous lots confondus date previsionnelle de debut d execution septembre 2020 informatisation de la billetterie des spectacles et evenements la projection annuelle est de 60 000 billets edites et 70 75 evenements par an informatisation des billetteries et boutiques des sites culturels le lot 2 n a donne lieu a aucun marche de mise a disposition d une solution informatique pour les billetteries et boutiques des sites culturels actuellement solution client serveur installee en local sur chaque site concerne la projection annuelle est de l ordre de 200 000 billets edites et de 50 000 transactions boutique,"[""https://www.boamp.fr/pages/avis/?q=idweb:20-61728"", ""https://www.boamp.fr/pages/avis/?q=idweb:20-143848""]",194,25,,,,,,,,,,,,,,,,NOT_STARTED,NO_OBSERVED_SUCCESSOR_IN_SCOPE,[],MEDIUM,"[""https://www.boamp.fr/pages/avis/?q=idweb:20-61728"", ""https://www.boamp.fr/pages/avis/?q=idweb:20-143848"", ""https://www.boamp.fr/pages/avis/?q=idweb:24-67295"", ""https://www.boamp.fr/pages/avis/?q=idweb:24-103145"", ""https://www.boamp.fr/pages/avis/?q=idweb:24-16910"", ""https://www.boamp.fr/pages/avis/?q=idweb:24-60266"", ""https://www.boamp.fr/pages/avis/?q=idweb:24-47715"", ""https://www.boamp.fr/pages/avis/?q=idweb:25-31338""]","No later episode in the supplied BOAMP review candidates matched both the buyer continuity and the anchor's specific functional need. The reviewed candidates concerned materially different procurements. This is a corpus-relative negative, not proof that no renewal occurred.",True,,,SINGLE_EVIDENCE_REVIEW_SUPPLIED_BOAMP_CORPUS,BOAMP supplied corpus and official notice URLs; no exhaustive TED/DECP search,2026-08-11,internship_v1.0
RV-088,LOCKED_TEST,CPV-72|buyer_id|duration_missing,26,7,0.2692307692307692,3.7142857142857135,EP-363bf61e50c06eb8,"[""20-9483""]",2020-01-23,,261400931.0,CENTRE HOSPITALIER UNIVERSITAIRE,"[""Normandie""]","[""72250000""]",CPV-72,,maintenance logiciels maincare solutions suivi des logiciels integres au systeme d information edites par la societe maincare solutions avec les logiciels systemes abonnements de modules integres a ces applications et assistance pour certaines de ces applications maintenance logiciels suivi des logiciels integres au systeme d information edites par la societe maincare solutions,"[""https://www.boamp.fr/pages/avis/?q=idweb:20-9483""]",674,25,,,,,,,,,,,,,,,,NOT_STARTED,OBSERVED_SUCCESSOR,"[""EP-31a82c9d37fe9d86""]",HIGH,"[""https://www.boamp.fr/pages/avis/?q=idweb:20-9483"", ""https://www.boamp.fr/pages/avis/?q=idweb:25-8260""]",Same buyer and a later procedure continuing support for the same Maincare software family integrated into the information system.,True,,,SINGLE_EVIDENCE_REVIEW_SUPPLIED_BOAMP_CORPUS,BOAMP supplied corpus and official notice URLs; no exhaustive TED/DECP search,2026-08-11,internship_v1.0
RV-089,LOCKED_TEST,CPV-32|buyer_id|duration,48,12,0.25,4.0,EP-ec136cf347ee0b31,"[""17-62975"", ""17-146553""]",2017-10-19,2018-10-20,200069839.0,Cté de Cnes de la Côte d'Albatre,"[""Normandie""]","[""37310000"", ""37313000"", ""37314000"", ""37312000"", ""37311000"", ""37316000"", ""32342410"", ""37000000"", ""37313300""]",CPV-32,12.0,acquisition d instruments et materiels de musique le conservatoire musique et danse de la cote d albatre est un etablissement classe par l etat a rayonnement intercommunal ayant pour mission centrale la sensibilisation et la formation aux pratiques artistiques et culturelles ainsi il est necessaire de lancer une consultation pour la mise en place d un accord cadre multi attributaires pour l acquisition d instruments et materiels de musique l accord cadre est decompose en 9 lots le nombre d operateurs economiques retenus pour chaque lot sera au nombre de 3 sous reserves d un nombre suffisant de candidats et d offres les marches subsequents conclus sur la base de l accord cadre sont fractionnes a bons de commande ces marches subsequents seront attribues apres mise en concurrence des titulaires des differents lots et selon survenance du besoin instruments a cordes instruments a cordes violon d etude adapte aux debutants et violon 1 8 1 4 1 2 3 4 et entier livres avec etui archet et colophane alto d etude adapte aux debutants et alto 1 8 1 4 1 2 3 4 et entier livres avec etui archet et colophane violoncelle d etude adapte aux debutants et violoncelle sculpte main d etude 1 8 1 4 1 2 3 4 et entier livres avec housse archet et colophane contrebasse d etude et contrebasse 1 4 1 2 3 4 et entier laminees fond bombe eclisses flammees garniture en bois dur mecanique tyrolienne livree avec housse archet et colophane instruments a vent bois instruments a vent bois flute piccolo flute petite main d etude flute d etude flute en sol modele professionnel flute basse hautbois d etude cor anglais clarinette sib d etude clarinette sib instrument haute qualite dans la gamme etude clarinette en ut petite main en ut clarinette en la 440 saxophone soprano professionnel clarinette mib clarinette basse sib saxophone soprano saxophone alto d etude saxophone alto saxophone tenor d etude saxophone baryton basson d etude en fa basson bois instruments a vent cuivre instruments a vent cuivre trompette piccolo trompette piccolo professionnelle trompette petite main sib trompette sib modele d etude trompette ut ou sib professionnelle cornet a pistons d etude cornet a pistons bugle sib d etude trombone d initiation trombone petite main trombone etude complet trombone basse cor petite main d etude cor simple cor naturel petites mains cor naturel a tons cor double modele semi professionnel saxhorn baryton euphonium miniature tuba en sib tuba ut tuba en mib soubassophone tonalite claviers claviers piano numerique piano droit d etude tabouret piano piano a queue 1 4 piano a queue 3 4 piano a queue de concert accordeon instruments de percussions et materiels instruments de percussions et materiels batterie jeu de timbales jeu de flight case pour timbales xylophone vibraphone marimba tam tam gong thailandais portique pour gongs tam tam chinois cymbales d orchestre glockenspiel caisse claire grosse caisse materiels de sonorisations lumieres materiels de sonorisations lumieres micros boite de direct active d i console lumiere flight pour console lumiere bloc de puissance tourelle pour pied tube aluminium enregistreur stage pass valise de transport adaptee au stage pass pieds pour enceintes stages pass lecteur dvd pied de projecteur tourelle pour fixation de projecteur sur pied projecteurs 650 w materiels de danse materiels de danse barre de danse tapis de danse miroir de danse guitares guitares ampli guitare basse guitare basse pour enfant guitare basse guitare acoustique 1 2 guitare acoustique 3 4 guitare structures sonores structures sonores l etoile le disque le chandelier le double ressort le tige courbe le tige droite l escalier les cordes l arc la grille le ressort le sifflant le trois croix le cristal,"[""https://www.boamp.fr/pages/avis/?q=idweb:17-62975"", ""https://www.boamp.fr/pages/avis/?q=idweb:17-146553""]",189,25,,,,,,,,,,,,,,,,NOT_STARTED,OUTSIDE_SCOPE,[],HIGH,"[""https://www.boamp.fr/pages/avis/?q=idweb:17-62975"", ""https://www.boamp.fr/pages/avis/?q=idweb:17-146553""]",Musical instruments and music equipment are not part of the intended public-sector digital procurement scope.,False,,Anchor is outside the intended digital-procurement scope.,SINGLE_EVIDENCE_REVIEW_SUPPLIED_BOAMP_CORPUS,BOAMP supplied corpus and official notice URLs; no exhaustive TED/DECP search,2026-08-11,internship_v1.0
RV-090,LOCKED_TEST,CPV-32|buyer_id_missing|duration_missing,24,12,0.5,2.0,EP-e6caf620fb41b13c,"[""16-124075""]",2016-08-25,,,Seine-Maritime Numerique,"[""Normandie""]","[""45232300"", ""45232332"", ""45314000"", ""32523000"", ""32520000"", ""32421000"", ""32412100"", ""32423000""]",CPV-32,,construction d un reseau de desserte en fibre optique ftth sur la communaute d agglomeration de caux vallee de seine construction d un reseau de desserte en fibre optique ftth sur la communaute d agglomeration de caux vallee de seine la presente consultation porte sur les prestations suivantes constructiondu reseau de transport liens nro sro constructiondu reseau de distribution liens sro pbo genie civil et equipements d infrastructures le present lot est relatif aux travaux de construction des infrastructures d accueil du reseau ftth sur la communaute de communes de caux valleede seine cables et equipements d optique le present lot est relatif aux prestations de deploiement du reseau ftth sur la communaute de communes de caux vallee de seine,"[""https://www.boamp.fr/pages/avis/?q=idweb:16-124075""]",12,12,,,,,,,,,,,,,,,,NOT_STARTED,MULTIPLE_SUCCESSORS,"[""EP-86c9faeca01fdd7f"", ""EP-7c3d24a546e68d01"", ""EP-c6cf99e1fe50b923"", ""EP-5ea5d028454a1667""]",HIGH,"[""https://www.boamp.fr/pages/avis/?q=idweb:16-124075"", ""https://www.boamp.fr/pages/avis/?q=idweb:21-74350"", ""https://www.boamp.fr/pages/avis/?q=idweb:21-155792"", ""https://www.boamp.fr/pages/avis/?q=idweb:17-64459"", ""https://www.boamp.fr/pages/avis/?q=idweb:17-122753"", ""https://www.boamp.fr/pages/avis/?q=idweb:17-125949"", ""https://www.boamp.fr/pages/avis/?q=idweb:18-23479""]",The same Seine-Maritime Numérique buyer continued the FTTH deployment through several later geographic phases and an extension framework.,True,,,SINGLE_EVIDENCE_REVIEW_SUPPLIED_BOAMP_CORPUS,BOAMP supplied corpus and official notice URLs; no exhaustive TED/DECP search,2026-08-11,internship_v1.0
RV-091,LOCKED_TEST,CPV-32|buyer_id_missing|duration_missing,24,12,0.5,2.0,EP-761edbbeeb2a728d,"[""15-60462"", ""16-14694"", ""16-31574""]",2016-02-03,,,Conseil Général de l'Eure,"[""Normandie""]","[""45000000"", ""45342000"", ""45421148"", ""45262522"", ""45421000"", ""45311200"", ""45442100"", ""45330000"", ""45223210"", ""45233292"", ""45343220"", ""45261210"", ""45112500"", ""45313100"", ""39221000"", ""45441000"", ""45112710"", ""45442300"", ""45262210"", ""45212200"", ""45452000"", ""32560000""]",CPV-32,,"travaux de maintenance dans les colleges du departement de l eure travaux de maintenance dans les colleges la presente consultation concerne les travaux de maintenance dans les colleges le present marche est un marche a bons de commande sans montant minimum et sans montant maximum pour chacun des lots conformement a l article 77 du code des marches publics le present marche est decompose en 19 lots dont 8 lots sont divises en quatre sous lots le marche entre en vigueur a compter de la date de l accuse de reception de sa notification pour une duree de douze 12 mois le marche est reconductible tacitement dans la limite de trois 3 reconductions d une duree de douze 12 mois lorsque l autorite competente du pouvoir adjudicateur decide de ne pas reconduire le present marche elle notifie sa decision par ecrit au titulaire deux 2 mois au plus tard avant la date d echeance du marche en aucun cas et conformement a l article 16 du code des marches publics le titulaire ne saurait refuser la reconduction le delai d execution des prestations sera defini dans chaque bon de commande emis par le pouvoir adjudicateur clotures portails motorisation controle d acces maconnerie ce lot est divise en 4 sous lots comme suit 2 1 secteur 1 2 2 secteur 2 2 3 secteur 3 2 4 secteur 4 les offres peuvent concerner un ou plusieurs sous lots etant precise que chaque sous lot donnera lieu a un acte d engagement distinct l attribution se fera par sous lot menuiserie ce lot est divise en 4 sous lots comme suit 3 1 secteur 1 3 2 secteur 2 3 3 secteur 3 3 4 secteur 4 les offres peuvent concerner un ou plusieurs sous lots etant precise que chaque sous lot donnera lieu a un acte d engagement distinct l attribution se fera par sous lot electricite ce lot est divise en 4 sous lots comme suit 4 1 secteur 1 4 2 secteur 2 4 3 secteur 3 4 4 secteur 4 les offres peuvent concerner un ou plusieurs sous lots etant precise que chaque sous lot donnera lieu a un acte d engagement distinct l attribution se fera par sous lot peinture et revetement de sol ce lot est divise en 4 sous lots comme suit 5 1 secteur 1 5 2 secteur 2 5 3 secteur 3 5 4 secteur 4 les offres peuvent concerner un ou plusieurs sous lots etant precise que chaque sous lot donnera lieu a un acte d engagement distinct l attribution se fera par sous lot plomberie et sanitaires ce lot est divise en 4 sous lots comme suit 6 1 secteur 1 6 2 secteur 2 6 3 secteur 3 6 4 secteur 4 les offres peuvent concerner un ou plusieurs sous lots etant precise que chaque sous lot donnera lieu a un acte d engagement distinct l attribution se fera par sous lot metallerie securite incendie extincteurs plans d intervention couverture etancheite ce lot est divise en 4 sous lots comme suit 9 1 secteur 1 9 2 secteur 2 9 3 secteur 3 9 4 secteur 4 les offres peuvent concerner un ou plusieurs sous lots etant precise que chaque sous lot donnera lieu a un acte d engagement distinct l attribution se fera par sous lot ascenseurs cuisinistes miroiterie rideaux pare soleil entretien d espaces verts ce lot est divise en 4 sous lots comme suit 14 1 secteur 1 14 2 secteur 2 14 3 secteur 3 14 4 secteur 4 les offres peuvent concerner un ou plusieurs sous lots etant precise que chaque sous lot donnera lieu a un acte d engagement distinct l attribution se fera par sous lot mise en securite de facades et divers chantiers preau abris couvert equipements sportifs nettoyage des vitrages facades et sols ce lot est divise en 4 sous lots comme suit 18 1 secteur 1 18 2 secteur 2 18 3 secteur 3 18 4 secteur 4 les offres peuvent concerner un ou plusieurs sous lots etant precise que chaque sous lot donnera lieu a un acte d engagement distinct l attribution se fera par sous lot adduction de la fibre optique 
 travaux de maintenance dans les colleges du departement de l eure travaux de maintenance dans les colleges la presente consultation concerne les travaux de maintenance dans les colleges le present marche est un marche a bons de commande sans montant minimum et sans montant maximum pour chacun des lots conformement a l article 77 du code des marches publics le present marche est decompose en 19 lots dont 8 lots sont divises en quatre sous lots le marche entre en vigueur a compter de la date de l accuse de reception de sa notification pour une duree de douze 12 mois le marche est reconductible tacitement dans la limite de trois 3 reconductions d une duree de douze 12 mois lorsque l autorite competente du pouvoir adjudicateur decide de ne pas reconduire le present marche elle notifie sa decision par ecrit au titulaire deux 2 mois au plus tard avant la date d echeance du marche en aucun cas et conformement a l article 16 du code des marches publics le titulaire ne saurait refuser la reconduction le delai d execution des prestations sera defini dans chaque bon de commande emis par le pouvoir adjudicateur","[""https://www.boamp.fr/pages/avis/?q=idweb:15-60462"", ""https://www.boamp.fr/pages/avis/?q=idweb:16-14694"", ""https://www.boamp.fr/pages/avis/?q=idweb:16-31574""]",207,25,,,,,,,,,,,,,,,,NOT_STARTED,OUTSIDE_SCOPE,[],HIGH,"[""https://www.boamp.fr/pages/avis/?q=idweb:15-60462"", ""https://www.boamp.fr/pages/avis/?q=idweb:16-14694"", ""https://www.boamp.fr/pages/avis/?q=idweb:16-31574""]",General building-maintenance works are outside the intended digital procurement scope.,False,,Anchor is outside the intended digital-procurement scope.,SINGLE_EVIDENCE_REVIEW_SUPPLIED_BOAMP_CORPUS,BOAMP supplied corpus and official notice URLs; no exhaustive TED/DECP search,2026-08-11,internship_v1.0
RV-092,LOCKED_TEST,CPV-72|buyer_id_missing|duration_missing,148,7,0.0472972972972973,21.142857142857142,EP-6fe8d1fac9549609,"[""17-20863"", ""17-108254""]",2017-07-27,,,Syndicat d'Energies du Morbihan,"[""Bretagne""]","[""79311100"", ""73420000"", ""71241000"", ""72212321""]",CPV-72,,acquisition d un systeme de gestion de production d energie,"[""https://www.boamp.fr/pages/avis/?q=idweb:17-20863"", ""https://www.boamp.fr/pages/avis/?q=idweb:17-108254""]",28,25,,,,,,,,,,,,,,,,NOT_STARTED,NO_OBSERVED_SUCCESSOR_IN_SCOPE,[],MEDIUM,"[""https://www.boamp.fr/pages/avis/?q=idweb:17-20863"", ""https://www.boamp.fr/pages/avis/?q=idweb:17-108254"", ""https://www.boamp.fr/pages/avis/?q=idweb:19-184915"", ""https://www.boamp.fr/pages/avis/?q=idweb:19-173579"", ""https://www.boamp.fr/pages/avis/?q=idweb:19-147771""]","No later episode in the supplied BOAMP review candidates matched both the buyer continuity and the anchor's specific functional need. The reviewed candidates concerned materially different procurements. This is a corpus-relative negative, not proof that no renewal occurred.",True,,,SINGLE_EVIDENCE_REVIEW_SUPPLIED_BOAMP_CORPUS,BOAMP supplied corpus and official notice URLs; no exhaustive TED/DECP search,2026-08-11,internship_v1.0
RV-093,LOCKED_TEST,CPV-48|buyer_id_missing|duration,333,8,0.024024024024024,41.625,EP-1bf59427055ac414,"[""18-6138"", ""18-74291""]",2018-06-02,2022-06-02,,SDIS 44,"[""Pays de la Loire""]","[""48000000""]",CPV-48,48.0,"fourniture de logiciels bureautiques maintenance et prestations associees pour les besoins du sdis 44 fourniture de logiciels bureautiques maintenance et prestations associees pour les besoins du sdis 44 la presente consultation est passee sous la forme d un appel d offres ouvert conformement aux articles 25 66 67 et 68 du decret no 2016 360 du 25 mars 2016 il s agit d un accord cadre ne fixant pas toutes les stipulations contractuelles s executant par la conclusion de marches subsequents avec un seul operateur economique avec un minimum pour 4 ans 400 000 euros ht et un maximum pour 4 ans 1 200 000 euros ht les variantes ne sont pas autorisees le present accord cadre est conclu pour une duree de 4 ans fermes le delai de livraison est fixe a 20 jours calendaires 
 fourniture de logiciels bureautiques maintenance et prestations associees pour les besoins du sdis 44 fourniture de logiciels bureautiques maintenance et prestations associees pour les besoins du sdis 44 la presente consultation est passee sous la forme d un appel d offres ouvert conformement aux articles 25 66 67 et 68 du decret no 2016 360 du 25 mars 2016 il s agit d un accord cadre ne fixant pas toutes les stipulations contractuelles s executant par la conclusion de marches subsequents avec un seul operateur economique avec un minimum pour 4 ans 400 000 euros ht et un maximum pour 4 ans 1 200 000 euros ht les variantes ne sont pas autorisees le present accord cadre est conclu pour une duree de 4 ans fermes le delai de livraison est fixe a 20 jours calendaires fourniture de logiciels bureautiques maintenance et prestations associees pour les besoins du sdis 44","[""https://www.boamp.fr/pages/avis/?q=idweb:18-6138"", ""https://www.boamp.fr/pages/avis/?q=idweb:18-74291""]",116,25,,,,,,,,,,,,,,,,NOT_STARTED,OBSERVED_SUCCESSOR,"[""EP-dcc84ebf9a1123d1""]",HIGH,"[""https://www.boamp.fr/pages/avis/?q=idweb:18-6138"", ""https://www.boamp.fr/pages/avis/?q=idweb:18-74291"", ""https://www.boamp.fr/pages/avis/?q=idweb:22-17364"", ""https://www.boamp.fr/pages/avis/?q=idweb:22-37710""]","Same SDIS 44 buyer and a later procedure with the same office-software supply, maintenance and associated-services need.",True,,,SINGLE_EVIDENCE_REVIEW_SUPPLIED_BOAMP_CORPUS,BOAMP supplied corpus and official notice URLs; no exhaustive TED/DECP search,2026-08-11,internship_v1.0
RV-094,LOCKED_TEST,CPV-48|buyer_id|duration,106,8,0.0754716981132075,13.25,EP-a3bb1f9dffc39033,"[""16-78018"", ""16-81783"", ""17-119803""]",2017-08-26,2023-08-27,277200036.0,O.P.H LE MANS HABITAT,"[""Pays de la Loire""]","[""72600000"", ""48611000"", ""48613000"", ""72212451""]",CPV-48,72.0,"fourniture d un progiciel de gestion d immobilier social de prestations de services associees et maintenance pour le mans habitat appel a candidatures pour la fourniture d un progiciel de gestion d immobilier social de prestations de services associees et maintenance le passage de l office en comptabilite commerciale au 1er janvier 2018 necessite le remplacement du progiciel de gestion d immobilier social actuel la strategie de transformation sera progressive elle se construira en 4 etapes avec l objectif a chaque phase de privilegier l appropriation et l implementation d une valeur ajoutee en lien avec la politique et la strategie de l organisme chacune des etapes alimentera dans sa mise en oeuvre un schema directeur global de modernisation des systemes d information qui se deroulera sur une duree d environ 6 ans 
 fourniture d un progiciel de gestion d immobilier social de prestations de services associees et maintenance pour le mans habitat rectificatif appel a candidatures pour la fourniture d un progiciel de gestion d immobilier social de prestation le passage de l office en comptabilite commerciale au 1er janvier 2018 necessite le remplacement du progiciel de gestion d immobilier social actuel la strategie de transformation sera progressive elle se construira en 4 etapes avec l objectif a chaque phase de privilegier l appropriation et l implementation d une valeur ajoutee en lien avec la politique et la strategie de l organisme chacune des etapes alimentera dans sa mise en oeuvre un schema directeur global de modernisation des systemes d information qui se deroulera sur une duree d environ 6 ans 
 appel a candidatures pour la fourniture d un progiciel de gestion d immobilier social de prestations de services associees et maintenance appel a candidatures pour la fourniture d un progiciel de gestion d immobilier social de prestation le passage de l office en comptabilite commerciale au 1er janvier 2018 necessite le remplacement du progiciel de gestion d immobilier social actuel la strategie de transformation sera progressive elle se construira en 4 etapes avec l objectif a chaque phase de privilegier l appropriation et l implementation d une valeur ajoutee en lien avec la politique et la strategie de l organisme chacune des etapes alimentera dans sa mise en oeuvre un schema directeur global de modernisation des systemes d information qui se deroulera sur une duree d environ 6 ans","[""https://www.boamp.fr/pages/avis/?q=idweb:16-78018"", ""https://www.boamp.fr/pages/avis/?q=idweb:16-81783"", ""https://www.boamp.fr/pages/avis/?q=idweb:17-119803""]",2,2,,,,,,,,,,,,,,,,NOT_STARTED,NO_OBSERVED_SUCCESSOR_IN_SCOPE,[],MEDIUM,"[""https://www.boamp.fr/pages/avis/?q=idweb:16-78018"", ""https://www.boamp.fr/pages/avis/?q=idweb:16-81783"", ""https://www.boamp.fr/pages/avis/?q=idweb:17-119803"", ""https://www.boamp.fr/pages/avis/?q=idweb:18-99990"", ""https://www.boamp.fr/pages/avis/?q=idweb:18-148475"", ""https://www.boamp.fr/pages/avis/?q=idweb:18-56577""]","No later episode in the supplied BOAMP review candidates matched both the buyer continuity and the anchor's specific functional need. The reviewed candidates concerned materially different procurements. This is a corpus-relative negative, not proof that no renewal occurred.",True,,,SINGLE_EVIDENCE_REVIEW_SUPPLIED_BOAMP_CORPUS,BOAMP supplied corpus and official notice URLs; no exhaustive TED/DECP search,2026-08-11,internship_v1.0
RV-095,LOCKED_TEST,CPV-72|buyer_id_missing|duration,473,7,0.014799154334038,67.57142857142857,EP-fd634b8395d8eb80,"[""18-25267"", ""18-102656""]",2018-07-21,2020-07-21,,Saint-Brieuc Agglomération,"[""Bretagne""]","[""72400000""]",CPV-72,24.0,"fourniture de services d acces a internet et d un reseau ip vpn d interconnexions de sites fourniture de services d acces a internet et d un reseau ip vpn d interconnexions de sites le present marche concerne la fourniture d acces internet haut debit lot 1 et d un reseau d interconnexion ip vpn mpls lot 2 la mise en service le management la maintenance des services pour les collectivites de l agglomeration de saint brieuc avec dans un premier temps les collectivites de saint brieuc armor agglomeration sbaa la ville de saint brieuc ainsi que la ville de ploufragan fourniture d acces internet haut debit fourniture mise en uvre d acces internet haut debit qui vehiculeront les flux internet au minimum sur des acces a debit asymetrique ou symetrique garanti ou non garanti sur differents supports les sites concernes par la consultation avec leurs adresses et numeros de telephone sont precises en annexe 1 du cctp fourniture d un reseau d interconnexion ip vpn mpls fourniture mise en uvre et management d une solution voix et data optimisee en exploitant les capacites de la technologie de reseau vpn mpls la nouvelle infrastructure d interconnexions devra permettre de satisfaire aux besoins actuels de la d m s i decrits dans le present document mais egalement de repondre aux besoins futurs les sites concernes par la consultation avec leurs adresses et numeros de telephone sont precises en annexe 2 
 fourniture de services d acces a internet et d un reseau ip vpn d interconnexions de sites fourniture de services d acces a internet et d un reseau ip vpn d interconnexions de sites le present marche concerne la fourniture d acces internet haut debit lot 1 et d un reseau d interconnexion ip vpn mpls lot 2 la mise en service le management la maintenance des services pour les collectivites de l agglomeration de saint brieuc avec dans un premier temps les collectivites de saint brieuc armor agglomeration sbaa la ville de saint brieuc ainsi que la ville de ploufragan fourniture d acces internet haut debit fourniture mise en uvre d acces internet haut debit qui vehiculeront les flux internet au minimum sur des acces a debit asymetrique ou symetrique garanti ou non garanti sur differents supports les sites concernes par la consultation avec leurs adresses et numeros de telephone sont precises en annexe 1 du cctp fourniture d un reseau d interconnexion ip vpn mpls fourniture mise en uvre et management d une solution voix et data optimisee en exploitant les capacites de la technologie de reseau vpn mpls la nouvelle infrastructure d interconnexions devra permettre de satisfaire aux besoins actuels de la d m s i decrits dans le present document mais egalement de repondre aux besoins futurs","[""https://www.boamp.fr/pages/avis/?q=idweb:18-25267"", ""https://www.boamp.fr/pages/avis/?q=idweb:18-102656""]",347,25,,,,,,,,,,,,,,,,NOT_STARTED,NO_OBSERVED_SUCCESSOR_IN_SCOPE,[],MEDIUM,"[""https://www.boamp.fr/pages/avis/?q=idweb:18-25267"", ""https://www.boamp.fr/pages/avis/?q=idweb:18-102656"", ""https://www.boamp.fr/pages/avis/?q=idweb:22-61103"", ""https://www.boamp.fr/pages/avis/?q=idweb:20-67301"", ""https://www.boamp.fr/pages/avis/?q=idweb:20-73392""]","No later episode in the supplied BOAMP review candidates matched both the buyer continuity and the anchor's specific functional need. The reviewed candidates concerned materially different procurements. This is a corpus-relative negative, not proof that no renewal occurred.",True,,,SINGLE_EVIDENCE_REVIEW_SUPPLIED_BOAMP_CORPUS,BOAMP supplied corpus and official notice URLs; no exhaustive TED/DECP search,2026-08-11,internship_v1.0
RV-096,LOCKED_TEST,CPV-72|buyer_id|duration,194,7,0.0360824742268041,27.714285714285715,EP-4c42a98a51dd42fb,"[""19-48030"", ""19-109802""]",2019-08-25,2023-08-25,224900019.0,Département de Maine-et-Loire,"[""Pays de la Loire""]","[""72268000""]",CPV-72,48.0,fourniture de licences pour logiciels et services en ligne microsoft pour les services departementaux fourniture de licences pour logiciels et services en ligne microsoft pour les services departementaux fourniture de licences pour logiciels et services en ligne microsoft pour les services departementaux accord cadre a bons de commande marche passe sans minimum ni maximum fourniture de licences pour logiciels et services en ligne microsoft pour les services departementaux,"[""https://www.boamp.fr/pages/avis/?q=idweb:19-48030"", ""https://www.boamp.fr/pages/avis/?q=idweb:19-109802""]",508,25,,,,,,,,,,,,,,,,NOT_STARTED,OBSERVED_SUCCESSOR,"[""EP-b2dd275d6df723c9""]",HIGH,"[""https://www.boamp.fr/pages/avis/?q=idweb:19-48030"", ""https://www.boamp.fr/pages/avis/?q=idweb:19-109802"", ""https://www.boamp.fr/pages/avis/?q=idweb:25-38470"", ""https://www.boamp.fr/pages/avis/?q=idweb:25-67468""]",Same Maine-et-Loire department and a later procedure with the same Microsoft licences and online-services need.,True,,,SINGLE_EVIDENCE_REVIEW_SUPPLIED_BOAMP_CORPUS,BOAMP supplied corpus and official notice URLs; no exhaustive TED/DECP search,2026-08-11,internship_v1.0
RV-097,LOCKED_TEST,CPV-72|buyer_id|duration_missing,26,7,0.2692307692307692,3.7142857142857135,EP-861c31513037f7b6,"[""20-14658""]",2020-01-31,,225300011.0,DEPARTEMENT DE LA MAYENNE,"[""Pays de la Loire""]","[""72267100""]",CPV-72,,prestations de maintenance et d assistance pour le logiciel astre gf accord cadre avec minimum et maximum passe en application des articles r2162 1 a r2162 6 du code de la commande publique il donnera lieu a l emission de bons de commande les montants minimum et maximum ht pour la duree de l accord cadre 270 000 euro s 340 000 euro s l accord cadre prend effet au 1er janvier 2020 pour une duree ferme de quatre ans la procedure de passation utilisee est la procedure sans publicite ni mise en concurrence prealables passe en application des articles r2122 3 3 du code de la commande publique,"[""https://www.boamp.fr/pages/avis/?q=idweb:20-14658""]",412,25,,,,,,,,,,,,,,,,NOT_STARTED,NO_OBSERVED_SUCCESSOR_IN_SCOPE,[],MEDIUM,"[""https://www.boamp.fr/pages/avis/?q=idweb:20-14658"", ""https://www.boamp.fr/pages/avis/?q=idweb:22-169806"", ""https://www.boamp.fr/pages/avis/?q=idweb:23-90833"", ""https://www.boamp.fr/pages/avis/?q=idweb:23-131368"", ""https://www.boamp.fr/pages/avis/?q=idweb:21-156348"", ""https://www.boamp.fr/pages/avis/?q=idweb:21-169440"", ""https://www.boamp.fr/pages/avis/?q=idweb:22-40392""]","No later episode in the supplied BOAMP review candidates matched both the buyer continuity and the anchor's specific functional need. The reviewed candidates concerned materially different procurements. This is a corpus-relative negative, not proof that no renewal occurred.",True,,,SINGLE_EVIDENCE_REVIEW_SUPPLIED_BOAMP_CORPUS,BOAMP supplied corpus and official notice URLs; no exhaustive TED/DECP search,2026-08-11,internship_v1.0
RV-098,LOCKED_TEST,CPV-48|buyer_id_missing|duration_missing,113,8,0.0707964601769911,14.125,EP-6f611c0a0edc99cf,"[""16-11084"", ""16-13032"", ""16-32559"", ""16-58738"", ""17-105499""]",2017-08-06,,,SMITRED Ouest d'Armor,"[""Bretagne""]","[""43328000"", ""45311200"", ""44163121"", ""48921000"", ""44163140"", ""42511100"", ""42165000"", ""38420000"", ""45231112""]",CPV-48,,"realisation de travaux dans le cadre d une operation de raccordement d une nouvelle serre legumiere et remise en activite de deux serres a pluzunet raccordement d une nouvelle serre legumiere et remise en activite de deux serres dans le cadre de l extension du reseau de chaleur valorys lots no2 no3 et no4 realisation de travaux dans le cadre d une operation de raccordement d une nouvelle serre legumiere et remise en activite de deux serres dans le cadre de l extension du reseau de chaleur valorys l objet de l operation est d assurer une augmentation de la production de chaleur pour raccorder une nouvelle serre legumiere au reseau hydraulique chauffage travaux de modifications de reseaux hydrauliques de distribution de chaleur dans le cadre d une operation de remplacement d un hydrocondenseur et l extension d un reseau de chaleur electricite controle commande travaux de modifications d installations electriques de distribution de chaleur dans le cadre d une operation de remplacement d un hydrocondenseur et l extension d un reseau de chaleur reseau de chaleur travaux mise en place de reseaux de chaleur enterres dans le cadre d une operation de remplacement d un hydrocondenseur et l extension d un reseau de chaleur 
 realisation de travaux dans le cadre d une operation de raccordement d une nouvelle serre legumiere et remise en activite de deux serres a pluzunet rectificatif raccordement d une nouvelle serre legumiere et remise en activite de deux serres dans le cadre de l extension du reseau de chaleur valorys lots no2 no3 et no4 realisation de travaux dans le cadre d une operation de raccordement d une nouvelle serre legumiere et remise en activite de deux serres dans le cadre de l extension du reseau de chaleur valorys l objet de l operation est d assurer une augmentation de la production de chaleur pour raccorder une nouvelle serre legumiere au reseau 
 realisation de travaux dans le cadre d une operation de raccordement d une nouvelle serre legumiere et remise en activite de deux serres a pluzunet raccordement d une nouvelle serre legumiere et remise en activite de deux serres dans le cadre de l extension du reseau de chaleur valorys lots no2 no3 et no4 realisation de travaux dans le cadre d une operation de raccordement d une nouvelle serre legumiere et remise en activite de deux serres dans le cadre de l extension du reseau de chaleur valorys l objet de l operation est d assurer une augmentation de la production de chaleur pour raccorder une nouvelle serre legumiere au reseau 
 raccordement d une nouvelle serre legumiere et remise en activite de deux serres dans le cadre de l extension du reseau de chaleur valorys lots no2 no3 et no4 a pluzunet rectificatif raccordement d une nouvelle serre legumiere et remise en activite de deux serres dans le cadre de l extension du reseau de chaleur valorys lots no2 no3 et no4 realisation de travaux dans le cadre d une operation de raccordement d une nouvelle serre legumiere et remise en activite de deux serres dans le cadre de l extension du reseau de chaleur valorys l objet de l operation est d assurer une augmentation de la production de chaleur pour raccorder une nouvelle serre legumiere au reseau 
 raccordement d une nouvelle serre legumiere et remise en activite de deux serres dans le cadre de l extension du reseau de chaleur valorys lots no2 no3 et no4 raccordement d une nouvelle serre legumiere et remise en activite de deux serres dans le cadre de l extension du reseau de chaleur valorys lots no2 no3 et no4 realisation de travaux dans le cadre d une operation de raccordement d une nouvelle serre legumiere et remise en activite de deux serres dans le cadre de l extension du reseau de chaleur valorys l objet de l operation est d assurer une augmentation de la production de chaleur pour raccorder une nouvelle serre legumiere au reseau hydraulique chauffage travaux de modifications de reseaux hydrauliques de distribution de chaleur dans le cadre d une operation de remplacement d un hydrocondenseur et l extension d un reseau de chaleur electricite controle commande travaux de modifications d installations electriques de distribution de chaleur dans le cadre d une operation de remplacement d un hydrocondenseur et l extension d un reseau de chaleur reseau de chaleur travaux mise en place de reseaux de chaleur enterres dans le cadre d une operation de remplacement d un hydrocondenseur et l extension d un reseau de chaleur","[""https://www.boamp.fr/pages/avis/?q=idweb:16-11084"", ""https://www.boamp.fr/pages/avis/?q=idweb:16-13032"", ""https://www.boamp.fr/pages/avis/?q=idweb:16-32559"", ""https://www.boamp.fr/pages/avis/?q=idweb:16-58738"", ""https://www.boamp.fr/pages/avis/?q=idweb:17-105499""]",134,25,,,,,,,,,,,,,,,,NOT_STARTED,OUTSIDE_SCOPE,[],HIGH,"[""https://www.boamp.fr/pages/avis/?q=idweb:16-11084"", ""https://www.boamp.fr/pages/avis/?q=idweb:16-13032"", ""https://www.boamp.fr/pages/avis/?q=idweb:16-32559"", ""https://www.boamp.fr/pages/avis/?q=idweb:16-58738"", ""https://www.boamp.fr/pages/avis/?q=idweb:17-105499""]",Electrical works for a heating-network/greenhouse project are outside the intended digital procurement scope.,False,,Anchor is outside the intended digital-procurement scope.,SINGLE_EVIDENCE_REVIEW_SUPPLIED_BOAMP_CORPUS,BOAMP supplied corpus and official notice URLs; no exhaustive TED/DECP search,2026-08-11,internship_v1.0
RV-099,LOCKED_TEST,CPV-32|buyer_id_missing|duration_missing,24,12,0.5,2.0,EP-4c4dafdfde8b8d09,"[""19-154648""]",2019-10-13,,,Département d'Ille et Vilaine,"[""Bretagne""]","[""32400000"", ""32412100"", ""32412110""]",CPV-32,,conception mise en oeuvre et infogerance du reseau de telecommunication metropolitain dedie aux colleges publics departementaux,"[""https://www.boamp.fr/pages/avis/?q=idweb:19-154648""]",517,25,,,,,,,,,,,,,,,,NOT_STARTED,OBSERVED_SUCCESSOR,"[""EP-924be67e100483d8""]",HIGH,"[""https://www.boamp.fr/pages/avis/?q=idweb:19-154648"", ""https://www.boamp.fr/pages/avis/?q=idweb:23-77654""]",Same department and college network; the later procurement continues operation of the metropolitan telecommunications network.,True,,,SINGLE_EVIDENCE_REVIEW_SUPPLIED_BOAMP_CORPUS,BOAMP supplied corpus and official notice URLs; no exhaustive TED/DECP search,2026-08-11,internship_v1.0
RV-100,LOCKED_TEST,CPV-48|buyer_id_missing|duration_missing,113,8,0.0707964601769911,14.125,EP-2972f3a7991e4b26,"[""19-141521"", ""20-1320""]",2020-01-06,,,SDIS49,"[""Pays de la Loire""]","[""30211300"", ""30211400"", ""48820000""]",CPV-48,,fourniture et mise en oeuvre d une plateforme virtualisee pour les services operationnels et consolidation des serveurs des sites distants fourniture et mise en oeuvre d une plateforme virtualisee pour les services operationnels et consolidation des serveurs des sites distants,"[""https://www.boamp.fr/pages/avis/?q=idweb:19-141521"", ""https://www.boamp.fr/pages/avis/?q=idweb:20-1320""]",41,25,,,,,,,,,,,,,,,,NOT_STARTED,NO_OBSERVED_SUCCESSOR_IN_SCOPE,[],MEDIUM,"[""https://www.boamp.fr/pages/avis/?q=idweb:19-141521"", ""https://www.boamp.fr/pages/avis/?q=idweb:20-1320"", ""https://www.boamp.fr/pages/avis/?q=idweb:21-144057"", ""https://www.boamp.fr/pages/avis/?q=idweb:22-113261"", ""https://www.boamp.fr/pages/avis/?q=idweb:22-170620"", ""https://www.boamp.fr/pages/avis/?q=idweb:22-88388"", ""https://www.boamp.fr/pages/avis/?q=idweb:22-140648""]","No later episode in the supplied BOAMP review candidates matched both the buyer continuity and the anchor's specific functional need. The reviewed candidates concerned materially different procurements. This is a corpus-relative negative, not proof that no renewal occurred.",True,,,SINGLE_EVIDENCE_REVIEW_SUPPLIED_BOAMP_CORPUS,BOAMP supplied corpus and official notice URLs; no exhaustive TED/DECP search,2026-08-11,internship_v1.0
RV-101,LOCKED_TEST,CPV-32|buyer_id_missing|duration,112,12,0.1071428571428571,9.333333333333334,EP-6001ae6b973b99e6,"[""16-179887"", ""17-28422""]",2017-03-02,2020-03-02,,CentraleSupelec,"[""Bretagne""]","[""45314000"", ""32550000"", ""50332000"", ""32524000""]",CPV-32,36.0,"solution evolutive de communications unifiees et services associes fourniture des solutions prestations d integration et d accompagnement ainsi que maintenance de l ensemble afin d ameliorer l experience telephonique offerte aux usagers et de pouvoir etendre ce service sur les 3 campus gif metz et rennes centralesupelec a decide de faire evoluer son systeme de communications existant les principaux objectifs attendus par cette evolution attendus se resument ainsi offrir a terme 2019 un service telephonique unifie aux usagers de tous nos campus integrer la telephonie au sein du systeme d information afin d en automatiser les operations disposer d une architecture de communication fiable et evolutive optimiser les couts de fonctionnement d exploitation et de maintenance fourniture des solutions prestations d integration et d accompagnement ainsi que maintenance de l ensemble afin d ameliorer l experience telephonique offerte aux usagers et de pouvoir etendre ce service sur les 3 campus gif metz et rennes centralesupelec a decide de faire evoluer son systeme de communications existant les principaux objectifs attendus par cette evolution attendus se resument ainsi offrir a terme 2019 un service telephonique unifie aux usagers de tous nos campus integrer la telephonie au sein du systeme d information afin d en automatiser les operations disposer d une architecture de communication fiable et evolutive optimiser les couts de fonctionnement d exploitation et de maintenance 
 solution evolutive de communications unifiees et services associes fourniture des solutions prestations d integration et d accompagnement ainsi que maintenance de l ensemble afin d ameliorer l experience telephonique offerte aux usagers et de pouvoir etendre ce service sur les 3 campus gif metz et rennes centralesupelec a decide de faire evoluer son systeme de communications existant les principaux objectifs attendus par cette evolution attendus se resument ainsi offrir a terme 2019 un service telephonique unifie aux usagers de tous nos campus integrer la telephonie au sein du systeme d information afin d en automatiser les operations disposer d une architecture de communication fiable et evolutive optimiser les couts de fonctionnement d exploitation et de maintenance solution evolutive de communications unifiees et services associes","[""https://www.boamp.fr/pages/avis/?q=idweb:16-179887"", ""https://www.boamp.fr/pages/avis/?q=idweb:17-28422""]",10,10,,,,,,,,,,,,,,,,NOT_STARTED,NO_OBSERVED_SUCCESSOR_IN_SCOPE,[],MEDIUM,"[""https://www.boamp.fr/pages/avis/?q=idweb:16-179887"", ""https://www.boamp.fr/pages/avis/?q=idweb:17-28422"", ""https://www.boamp.fr/pages/avis/?q=idweb:20-84412"", ""https://www.boamp.fr/pages/avis/?q=idweb:20-150421"", ""https://www.boamp.fr/pages/avis/?q=idweb:19-150845"", ""https://www.boamp.fr/pages/avis/?q=idweb:19-177422"", ""https://www.boamp.fr/pages/avis/?q=idweb:22-11015"", ""https://www.boamp.fr/pages/avis/?q=idweb:22-91122""]","No later episode in the supplied BOAMP review candidates matched both the buyer continuity and the anchor's specific functional need. The reviewed candidates concerned materially different procurements. This is a corpus-relative negative, not proof that no renewal occurred.",True,,,SINGLE_EVIDENCE_REVIEW_SUPPLIED_BOAMP_CORPUS,BOAMP supplied corpus and official notice URLs; no exhaustive TED/DECP search,2026-08-11,internship_v1.0
RV-102,LOCKED_TEST,CPV-48|buyer_id_missing|duration_missing,113,8,0.0707964601769911,14.125,EP-11604a9023aacb35,"[""15-131565"", ""16-98893""]",2016-07-06,,,Ville de Rouen,"[""Normandie""]","[""72590000"", ""32412120"", ""72212200"", ""50324100"", ""80533100"", ""48220000""]",CPV-48,,"fourniture mise en oeuvre et maintenance d un portail intranet a rouen fourniture mise en oeuvre et maintenance d un portail intranet pour la ville de rouen dialogue competitif selection de candidatures fourniture mise en oeuvre et maintenance d un portail intranet pour la ville de rouen 
 fourniture mise en oeuvre et maintenance d un portail intranet pour la ville de rouen fourniture mise en oeuvre et maintenance d un portail intranet pour la ville de rouen","[""https://www.boamp.fr/pages/avis/?q=idweb:15-131565"", ""https://www.boamp.fr/pages/avis/?q=idweb:16-98893""]",483,25,,,,,,,,,,,,,,,,NOT_STARTED,NO_OBSERVED_SUCCESSOR_IN_SCOPE,[],MEDIUM,"[""https://www.boamp.fr/pages/avis/?q=idweb:15-131565"", ""https://www.boamp.fr/pages/avis/?q=idweb:16-98893"", ""https://www.boamp.fr/pages/avis/?q=idweb:20-40521"", ""https://www.boamp.fr/pages/avis/?q=idweb:20-50365"", ""https://www.boamp.fr/pages/avis/?q=idweb:19-188755"", ""https://www.boamp.fr/pages/avis/?q=idweb:20-30400"", ""https://www.boamp.fr/pages/avis/?q=idweb:18-23117""]","No later episode in the supplied BOAMP review candidates matched both the buyer continuity and the anchor's specific functional need. The reviewed candidates concerned materially different procurements. This is a corpus-relative negative, not proof that no renewal occurred.",True,,,SINGLE_EVIDENCE_REVIEW_SUPPLIED_BOAMP_CORPUS,BOAMP supplied corpus and official notice URLs; no exhaustive TED/DECP search,2026-08-11,internship_v1.0
RV-103,LOCKED_TEST,CPV-35|buyer_id_missing|duration,9,9,1.0,1.0,EP-eca417932afe9a59,"[""19-157805"", ""20-35434""]",2020-03-09,2021-03-10,,DEPARTEMENT DU CALVADOS,"[""Normandie""]","[""35800000"", ""30200000""]",CPV-35,12.0,"materiels assises ergonomiques et equipements informatiques adaptes 2019dap11 achats de differents types d assises materiels et equipements informatiques dedies aux personnels en situation de handicap ou souffrant de restrictions medicales invalidantes 2019dap144 assises assises ergonomiques materiel ergonomique equipements informatiques 
 achats de differents types d assises materiels et equipements informatiques adaptes 2019dap144 achats de differents types d assises materiels et equipements informatiques dedies aux personnels en situation de handicap ou souffrant de restrictions medicales invalidantes 2019dap144","[""https://www.boamp.fr/pages/avis/?q=idweb:19-157805"", ""https://www.boamp.fr/pages/avis/?q=idweb:20-35434""]",492,25,,,,,,,,,,,,,,,,NOT_STARTED,NO_OBSERVED_SUCCESSOR_IN_SCOPE,[],MEDIUM,"[""https://www.boamp.fr/pages/avis/?q=idweb:19-157805"", ""https://www.boamp.fr/pages/avis/?q=idweb:20-35434"", ""https://www.boamp.fr/pages/avis/?q=idweb:21-26346"", ""https://www.boamp.fr/pages/avis/?q=idweb:21-71986"", ""https://www.boamp.fr/pages/avis/?q=idweb:21-3828"", ""https://www.boamp.fr/pages/avis/?q=idweb:21-49265""]","No later episode in the supplied BOAMP review candidates matched both the buyer continuity and the anchor's specific functional need. The reviewed candidates concerned materially different procurements. This is a corpus-relative negative, not proof that no renewal occurred.",True,,,SINGLE_EVIDENCE_REVIEW_SUPPLIED_BOAMP_CORPUS,BOAMP supplied corpus and official notice URLs; no exhaustive TED/DECP search,2026-08-11,internship_v1.0
RV-104,LOCKED_TEST,CPV-72|buyer_id|duration,194,7,0.0360824742268041,27.714285714285715,EP-c39af7d89c1d32a5,"[""21-126360"", ""21-153526""]",2021-11-21,2022-05-23,883247108.0,MASH,"[""Pays de la Loire""]","[""72224000""]",CPV-72,6.0,"mission d amo technique et juridique des marches et procedures du projet energiesprong pays de la loire mission d assistance a maitrise d ouvrage amo des marches et des procedures du projet energiesprong pays de la loire l objet de la prestation d assistance a maitrise d ouvrage est plus precisement d accompagner la centrale d achat et ses membres adherents dans la mise au point des marches subsequents avec le titulaire designe pour chaque accord cadre jusqu a leurs notifications 
 mission d amo technique et juridique des marches et procedures du projet energiesprong pays de la loire mission d assistance a maitrise d ouvrage amo des marches et des procedures du projet energiesprong pays de la loire l objet de la prestation d assistance a maitrise d ouvrage est plus precisement d accompagner la centrale d achat et ses membres adherents dans la mise au point des marches subsequents avec le titulaire designe pour chaque accord cadre jusqu a leurs notifications mission d amo des marches et des procedures du projet energiesprong pays de la loire","[""https://www.boamp.fr/pages/avis/?q=idweb:21-126360"", ""https://www.boamp.fr/pages/avis/?q=idweb:21-153526""]",9,9,,,,,,,,,,,,,,,,NOT_STARTED,OUTSIDE_SCOPE,[],HIGH,"[""https://www.boamp.fr/pages/avis/?q=idweb:21-126360"", ""https://www.boamp.fr/pages/avis/?q=idweb:21-153526""]",Technical and legal assistance for an energy-renovation programme is outside the intended digital procurement scope.,False,,Anchor is outside the intended digital-procurement scope.,SINGLE_EVIDENCE_REVIEW_SUPPLIED_BOAMP_CORPUS,BOAMP supplied corpus and official notice URLs; no exhaustive TED/DECP search,2026-08-11,internship_v1.0
RV-105,LOCKED_TEST,CPV-32|buyer_id_missing|duration,112,12,0.1071428571428571,9.333333333333334,EP-1283b2bf7747d838,"[""17-43574"", ""17-85710""]",2017-07-01,2019-07-02,,Département des Côtes d'Armor,"[""Bretagne""]","[""32522000""]",CPV-32,24.0,"evolution des installations telephoniques et services associes pour le departement des cotes d armor evolution des installations telephoniques et services associes pour le departement des cotes d armor le present marche a pour objet l evolution des installations telephoniques existantes sur les sites du conseil departemental des cotes d armor la fourniture l installation et la mise en service de nouveaux systemes de telephonie et la realisation de prestations associees en particulier la maintenance des systemes de telephonie installes les principales fournitures et prestations objet de ce marche sont l evolution des installations telephoniques pour atteindre les objectifs definis ci dessus la fourniture de postes telephoniques equipements et extensions divers la maintenance des installations existantes et nouvelles diverses prestations techniques et prestations de formation 
 evolution des installations telephoniques et services associes pour le departement des cotes d armor evolution des installations telephoniques et services associes pour le departement des cotes d armor","[""https://www.boamp.fr/pages/avis/?q=idweb:17-43574"", ""https://www.boamp.fr/pages/avis/?q=idweb:17-85710""]",436,25,,,,,,,,,,,,,,,,NOT_STARTED,OBSERVED_SUCCESSOR,"[""EP-a90c2e3e614014da""]",MEDIUM,"[""https://www.boamp.fr/pages/avis/?q=idweb:17-43574"", ""https://www.boamp.fr/pages/avis/?q=idweb:17-85710"", ""https://www.boamp.fr/pages/avis/?q=idweb:20-2856"", ""https://www.boamp.fr/pages/avis/?q=idweb:20-74235""]",Same Côtes-d'Armor department and a later communications-infrastructure contract continuing maintenance and evolution of the telephony environment.,True,,,SINGLE_EVIDENCE_REVIEW_SUPPLIED_BOAMP_CORPUS,BOAMP supplied corpus and official notice URLs; no exhaustive TED/DECP search,2026-08-11,internship_v1.0
RV-106,LOCKED_TEST,CPV-72|buyer_id_missing|duration,473,7,0.014799154334038,67.57142857142857,EP-c7c689106275c52c,"[""15-82035"", ""15-155885""]",2015-10-14,2019-10-13,,Conseil Général du Calvados,"[""Normandie""]","[""72267100"", ""72610000""]",CPV-72,47.967,prestations de maintenance des licences evolution de la solution et prestations de services autour de business objects pour le conseil departemental du calvados a caen prestations de maintenance des licences evolution de la solution et prestations de services autour de business objects pour le conseil departemental du calvados 15dsi007,"[""https://www.boamp.fr/pages/avis/?q=idweb:15-82035"", ""https://www.boamp.fr/pages/avis/?q=idweb:15-155885""]",352,25,,,,,,,,,,,,,,,,NOT_STARTED,NO_OBSERVED_SUCCESSOR_IN_SCOPE,[],MEDIUM,"[""https://www.boamp.fr/pages/avis/?q=idweb:15-82035"", ""https://www.boamp.fr/pages/avis/?q=idweb:15-155885"", ""https://www.boamp.fr/pages/avis/?q=idweb:16-8598"", ""https://www.boamp.fr/pages/avis/?q=idweb:18-35324"", ""https://www.boamp.fr/pages/avis/?q=idweb:18-83408"", ""https://www.boamp.fr/pages/avis/?q=idweb:17-146086"", ""https://www.boamp.fr/pages/avis/?q=idweb:18-11026""]","No later episode in the supplied BOAMP review candidates matched both the buyer continuity and the anchor's specific functional need. The reviewed candidates concerned materially different procurements. This is a corpus-relative negative, not proof that no renewal occurred.",True,,,SINGLE_EVIDENCE_REVIEW_SUPPLIED_BOAMP_CORPUS,BOAMP supplied corpus and official notice URLs; no exhaustive TED/DECP search,2026-08-11,internship_v1.0
RV-107,LOCKED_TEST,CPV-48|buyer_id|duration_missing,14,7,0.5,2.0,EP-c444c0eb82260685,"[""15-50651"", ""15-135049""]",2015-09-03,,212902324.0,Ville de Quimper,"[""Bretagne""]","[""48450000"", ""48219300"", ""48000000"", ""72267000""]",CPV-48,,fourniture installation mise en oeuvre et suivi d une solution globale et integree de gestion des absences des temps de travail et de l activite a quimper fourniture installation mise en oeuvre et suivi d une solution globale et integree de gestion des absences des temps de travail et de l activite le present appel d offres ouvert est soumis aux dispositions des articles 33 3o 57 a 59 et 72 du code des marches publics la description des prestations et les objectifs sont precises aux cctp et ccap il sera conclu a compter de sa date de notification sa duree se decompose en 1 tranche ferme relative a la gestion des absences et des temps de travail pour l ensemble des agents et planification et gestion de l activite pour certains services d une duree de 24 mois a compter de la reunion de lancement 3 tranches conditionnelles sont prevues et decrites au point ii ci dessous aucune prestation supplementaire ou alternative n est prevue une audition est prevue dans les conditions fixees au reglement date previsionnelle de commencement des prestations septembre 2015,"[""https://www.boamp.fr/pages/avis/?q=idweb:15-50651"", ""https://www.boamp.fr/pages/avis/?q=idweb:15-135049""]",306,25,,,,,,,,,,,,,,,,NOT_STARTED,NO_OBSERVED_SUCCESSOR_IN_SCOPE,[],MEDIUM,"[""https://www.boamp.fr/pages/avis/?q=idweb:15-50651"", ""https://www.boamp.fr/pages/avis/?q=idweb:15-135049"", ""https://www.boamp.fr/pages/avis/?q=idweb:19-12253"", ""https://www.boamp.fr/pages/avis/?q=idweb:21-84144"", ""https://www.boamp.fr/pages/avis/?q=idweb:17-109645""]","No later episode in the supplied BOAMP review candidates matched both the buyer continuity and the anchor's specific functional need. The reviewed candidates concerned materially different procurements. This is a corpus-relative negative, not proof that no renewal occurred.",True,,,SINGLE_EVIDENCE_REVIEW_SUPPLIED_BOAMP_CORPUS,BOAMP supplied corpus and official notice URLs; no exhaustive TED/DECP search,2026-08-11,internship_v1.0
RV-108,LOCKED_TEST,CPV-72|buyer_id_missing|duration_missing,148,7,0.0472972972972973,21.142857142857142,EP-775db2d814d533c3,"[""17-40324"", ""17-106008""]",2017-07-24,,,Le Mans Métropole - Communauté Urbaine,"[""Pays de la Loire""]","[""72411000""]",CPV-72,,fourniture de services de transport de donnees et services associes annees 2017 2018 renouvelable en 2019 et 2020,"[""https://www.boamp.fr/pages/avis/?q=idweb:17-40324"", ""https://www.boamp.fr/pages/avis/?q=idweb:17-106008""]",583,25,,,,,,,,,,,,,,,,NOT_STARTED,NO_OBSERVED_SUCCESSOR_IN_SCOPE,[],MEDIUM,"[""https://www.boamp.fr/pages/avis/?q=idweb:17-40324"", ""https://www.boamp.fr/pages/avis/?q=idweb:17-106008"", ""https://www.boamp.fr/pages/avis/?q=idweb:21-27874"", ""https://www.boamp.fr/pages/avis/?q=idweb:21-68688"", ""https://www.boamp.fr/pages/avis/?q=idweb:22-26063"", ""https://www.boamp.fr/pages/avis/?q=idweb:22-16534"", ""https://www.boamp.fr/pages/avis/?q=idweb:23-14196""]","No later episode in the supplied BOAMP review candidates matched both the buyer continuity and the anchor's specific functional need. The reviewed candidates concerned materially different procurements. This is a corpus-relative negative, not proof that no renewal occurred.",True,,,SINGLE_EVIDENCE_REVIEW_SUPPLIED_BOAMP_CORPUS,BOAMP supplied corpus and official notice URLs; no exhaustive TED/DECP search,2026-08-11,internship_v1.0
RV-109,LOCKED_TEST,CPV-32|buyer_id_missing|duration,112,12,0.1071428571428571,9.333333333333334,EP-4feafad241f1609c,"[""22-86037"", ""22-131751""]",2022-10-06,2023-10-07,,CCAS de Châteauneuf du Faou,"[""Bretagne""]","[""39100000"", ""39130000"", ""39000000"", ""33100000"", ""33000000"", ""39700000"", ""39221000"", ""39500000"", ""32000000"", ""30230000""]",CPV-32,12.0,"acquisition de mobiliers et d equipements divers pour chambres et espaces de vie du futur ehpad residence le verger sur la commune de chateauneuf du faou acquisition de mobiliers et d equipements divers pour chambres et espaces de vie du futur ehpad residence le verger sur la commune de chateauneuf du faou dans le cadre de l ouverture en novembre 2022 du nouvel ehpad residence le verger il convient de prevoir ses equipements mobilier de bureau fournitures de bureaux tables caissons chaises fauteuil armoire rangements petits mobiliers mobilier pour ehpad fournitures de tables chaises fauteuils assises armoires et mobiliers de rangement mobiliers particuliers dispositifs medicaux fournitures de fauteuils roulants manuels d assis debout de leve personne de verticalisateur electrique de montaubans de chaises de tabourets de douche d adaptable lit literie et accessoires fournitures de lits medicalises de matelas a memoire de forme d accessoires potence poignee veilleuse electro menager fourniture de micro ondes lave vaisselle cafetiere percolateur bouilloire aspirateur entretien et ustensiles fournitures de chariots d equipements rampe de linge tapis poubelle de vaisselle textile fournitures de voilage torchons bavoirs serviettes de table chemises ouvertes couvres lit oreiller traversin couvertures polaires sacs de linge vestiaire fournitures de vestiaires monobloc casiers bancs audiovisuel fournitures pour sonorisation videoprojection television informatique fournitures d ordinateurs d ordinateurs portables d ecrans tablettes scanner copieurs 
 acquisition de mobiliers et d equipements divers pour chambres et espaces de vie du futur ehpad residence le verger sur la commune de chateauneuf du faou acquisition de mobiliers et d equipements divers pour chambres et espaces de vie du futur ehpad residence le verger sur la commune de chateauneuf du faou dans le cadre de l ouverture en novembre 2022 du nouvel ehpad residence le verger il convient de prevoir des equipements mobilier de bureau dans le cadre de l ouverture en novembre 2022 du nouvel ehpad residence le verger il convient de prevoir ses equipements mobilier pour ehpad dans le cadre de l ouverture en novembre 2022 du nouvel ehpad residence le verger ilconvient de prevoir ses equipements dispositifs medicaux dispositifs et mobilier de chambre electro menager entretien et ustensiles textile vestiaire audiovisuel informatique mobilier de bureau mobilier pour ehpad dispositifs medicaux dispositifs et mobilier de chambre electro menager entretien et ustensiles textile vestiaire informatique","[""https://www.boamp.fr/pages/avis/?q=idweb:22-86037"", ""https://www.boamp.fr/pages/avis/?q=idweb:22-131751""]",1,1,,,,,,,,,,,,,,,,NOT_STARTED,OUTSIDE_SCOPE,[],HIGH,"[""https://www.boamp.fr/pages/avis/?q=idweb:22-86037"", ""https://www.boamp.fr/pages/avis/?q=idweb:22-131751""]",Furniture and equipment for an elderly-care facility are outside the intended digital procurement scope.,False,,Anchor is outside the intended digital-procurement scope.,SINGLE_EVIDENCE_REVIEW_SUPPLIED_BOAMP_CORPUS,BOAMP supplied corpus and official notice URLs; no exhaustive TED/DECP search,2026-08-11,internship_v1.0
RV-110,LOCKED_TEST,CPV-72|buyer_id_missing|duration,473,7,0.014799154334038,67.57142857142857,EP-b6b021f837dda6d4,"[""19-181049"", ""20-130567""]",2020-11-06,2021-11-07,,CCI de région Bretagne,"[""Bretagne"", ""Pays de la Loire""]","[""72212445"", ""72227000"", ""72212333""]",CPV-72,12.0,"grc2019 procedure relancee acquisition mise en oeuvre hebergement et maintenance d un outil de gestion relation clients de marketing automation et inbound marketing pour le reseau des cci de bretagne 
 grc2019 procedure relancee acquisition mise en oeuvre hebergement et maintenance d un outil de gestion relation clients de marketing automation et inbound marketing pour le reseau des cci de bretagne grc proceudre relancee","[""https://www.boamp.fr/pages/avis/?q=idweb:19-181049"", ""https://www.boamp.fr/pages/avis/?q=idweb:20-130567""]",500,25,,,,,,,,,,,,,,,,NOT_STARTED,NO_OBSERVED_SUCCESSOR_IN_SCOPE,[],MEDIUM,"[""https://www.boamp.fr/pages/avis/?q=idweb:19-181049"", ""https://www.boamp.fr/pages/avis/?q=idweb:20-130567"", ""https://www.boamp.fr/pages/avis/?q=idweb:22-146285"", ""https://www.boamp.fr/pages/avis/?q=idweb:22-153572"", ""https://www.boamp.fr/pages/avis/?q=idweb:21-119642"", ""https://www.boamp.fr/pages/avis/?q=idweb:21-126918""]","No later episode in the supplied BOAMP review candidates matched both the buyer continuity and the anchor's specific functional need. The reviewed candidates concerned materially different procurements. This is a corpus-relative negative, not proof that no renewal occurred.",True,,,SINGLE_EVIDENCE_REVIEW_SUPPLIED_BOAMP_CORPUS,BOAMP supplied corpus and official notice URLs; no exhaustive TED/DECP search,2026-08-11,internship_v1.0
RV-111,LOCKED_TEST,CPV-32|buyer_id_missing|duration_missing,24,12,0.5,2.0,EP-4a7fc51d3a566d03,"[""16-36253"", ""16-151800""]",2016-10-20,,,INRIA,"[""Bretagne""]","[""32321300""]",CPV-32,,"mise a niveau du systeme immersif de la plate forme immersia a rennes mise a niveau du systeme immersif de la plate forme immersia la procedure porte sur la mise a niveau du systeme immersif de la plate forme immersia il s agit de la fourniture de l installation et de la maintenance de nouveaux equipements le marche comporte une tranche ferme et une tranche conditionnelle tranche fermeposte 1 systeme de visualisationtranche conditionnelleposte 2 systeme de suivi de mouvementposte 3 systeme informatique 
 mise a niveau du systeme immersif plate forme immersia mise a niveau du systeme immersif plate forme immersia","[""https://www.boamp.fr/pages/avis/?q=idweb:16-36253"", ""https://www.boamp.fr/pages/avis/?q=idweb:16-151800""]",33,25,,,,,,,,,,,,,,,,NOT_STARTED,NO_OBSERVED_SUCCESSOR_IN_SCOPE,[],MEDIUM,"[""https://www.boamp.fr/pages/avis/?q=idweb:16-36253"", ""https://www.boamp.fr/pages/avis/?q=idweb:16-151800"", ""https://www.boamp.fr/pages/avis/?q=idweb:18-106635"", ""https://www.boamp.fr/pages/avis/?q=idweb:18-159892"", ""https://www.boamp.fr/pages/avis/?q=idweb:21-45130"", ""https://www.boamp.fr/pages/avis/?q=idweb:20-118233"", ""https://www.boamp.fr/pages/avis/?q=idweb:21-30068""]","No later episode in the supplied BOAMP review candidates matched both the buyer continuity and the anchor's specific functional need. The reviewed candidates concerned materially different procurements. This is a corpus-relative negative, not proof that no renewal occurred.",True,,,SINGLE_EVIDENCE_REVIEW_SUPPLIED_BOAMP_CORPUS,BOAMP supplied corpus and official notice URLs; no exhaustive TED/DECP search,2026-08-11,internship_v1.0
RV-112,LOCKED_TEST,CPV-35|buyer_id|duration,3,3,1.0,1.0,EP-049556daadb75d1c,"[""17-123584"", ""18-5589""]",2018-01-17,2018-08-19,200006971.0,Communauté de Communes du Perche,"[""Normandie"", ""Pays de la Loire""]","[""45000000"", ""45223220"", ""44142000"", ""39511100"", ""44316500"", ""45262650"", ""45241100"", ""44111520"", ""44220000"", ""44112300"", ""45421146"", ""44810000"", ""45431000"", ""45430000"", ""44423300"", ""09310000"", ""35110000"", ""45331000"", ""42512000"", ""45213210"", ""42416100"", ""09134200"", ""42996000"", ""45262660""]",CPV-35,7.0,"rehabilitation des anciens abattoirs de nogent le rotrou pour y accueillir un atelier de decoupe de viandes lot 3 gros oeuvre reseaux dallage cf cctp lot 4a charpente metallique lot 5a couverture lot 4b serrurerie portes coupe feu lot 5b bardage lot 6 equipements de quais portes sectionelles lot 7 panneaux isolants menuiseries thermiques portes relevantes lot 8 menuiseries aluminium lot 9a cloisons platres secs cloisons moulaires menuiseries bois lot 9b faux plafons lot 10 peinture lot 11 carrelage gres cerame lot 12 sols industriels lot 13 manutention aerienne lot 14 electricite cfo cfa reseau ondule informatique lot 15 systeme de securite incendie lot 16 ventilation tuyauterie sanitaires chauffage lot 17 climatisation lot 18 installations frigorifiques lot 19 ascenseur lot 20 equipements petroliers lot 21 traitement des eaux usees lot 2a desamiantage deconstruction 
 rehabilitation des anciens abattoirs de nogent le rotrou pour y accueillir un atelier de decoupe de viandes attribution des marches rehabilitation des anciens abattoirs de nogent le rotrou pour y accueillir un atelier de decoupe de viandes lot 3 gros oeuvre reseaux dallage cf cctp lot 4a charpente metallique lot 5a couverture lot 4b serrurerie portes coupe feu lot 5b bardage lot 6 equipements de quais portes sectionelles lot 7 panneaux isolants menuiseries thermiques portes relevantes lot 8 menuiseries aluminium lot 9a cloisons platres secs cloisons moulaires menuiseries bois lot 9b faux plafonds lot 10 peinture lot 11 carrelage gres cerame lot 12 sols industriels lot 13 manutention aerienne lot 14 electricite cfo cfa reseau ondule informatique lot 15 systeme de securite incendie lot 16 ventilation tuyauterie sanitaires chauffage lot 17 climatisation lot 18 installations frigorifiques lot 19 ascenseur lot 20 equipements petroliers lot 21 traitement des eaux usees lot 2a desamiantage deconstruction lot 3 gros oeuvre lot 4a charpente metallique lot 4b serrurerie lot 5a couverture lot 5b bardage lot 6 equipements de quais portes sectionnelles lot 7 panneaux isolants menuiseries isothermiques portes relevantes rapides lot 8 menuiseries aluminium lot 9a cloisons platres secs cloisons modulaires menuiseries bois lot 9b faux plafonds lot 10 peinture lot 11 carrelage gres cerame lot 12 sols industriels lot 13 manutention aerienne lot 14 electricite reseau ondule informatique lot 15 systeme de securite incendie lot 16 ventilation tuyauterie sanitaires chauffage lot 17 climatisation lot 18 installations frigorifiques lot 19 ascenseur lot 20 equipements petroliers lot 21 traitement des eaux usees lot 2a desamiantage","[""https://www.boamp.fr/pages/avis/?q=idweb:17-123584"", ""https://www.boamp.fr/pages/avis/?q=idweb:18-5589""]",33,25,,,,,,,,,,,,,,,,NOT_STARTED,OUTSIDE_SCOPE,[],HIGH,"[""https://www.boamp.fr/pages/avis/?q=idweb:17-123584"", ""https://www.boamp.fr/pages/avis/?q=idweb:18-5589""]",Building rehabilitation and construction works are outside the intended digital procurement scope.,False,,Anchor is outside the intended digital-procurement scope.,SINGLE_EVIDENCE_REVIEW_SUPPLIED_BOAMP_CORPUS,BOAMP supplied corpus and official notice URLs; no exhaustive TED/DECP search,2026-08-11,internship_v1.0
RV-113,LOCKED_TEST,CPV-48|buyer_id_missing|duration,333,8,0.024024024024024,41.625,EP-3ab4f7f14886ad86,"[""16-172321"", ""17-858"", ""17-87426""]",2017-06-23,2021-06-23,,Cté d'Agglomération du Pays de Vannes,"[""Bretagne""]","[""48160000""]",CPV-48,48.0,"acquisition et mise en oeuvre d un systeme integre de gestion de bibliotheque et d un portail pour la mise en reseau des bibliotheques et la creation du portail de lecture publique acquisition et mise en oeuvre d un systeme integre de gestion de bibliotheque et d un portail pour la mise en reseau des bibliotheques et la creation du portail de lecture publique accord cadre a bons de commande avec minimum et maximum attribution d un marche unique montant total des prestations pour la duree de l accord cadre minimum ht 100 000 00 euro s maximum ht 450 000 00 euro s 
 acquisition et mise en oeuvre d un systeme integre de gestion de bibliotheque et d un portail pour la mise en reseau des bibliotheques et la creation du portail de lecture publique rectificatif acquisition et mise en oeuvre d un systeme integre de gestion de bibliotheque et d un portail pour la mise en reseau des bibliotheques et la creation du portail de lecture publique 
 acquisition et mise en oeuvre d un systeme integre de gestion de bibliotheque et d un portail pour la mise en reseau des bibliotheques et la creation du portail de lecture publique acquisition et mise en oeuvre d un systeme integre de gestion de bibliotheque et d un portail pour la mise en reseau des bibliotheques et la creation du portail de lecture publique acquisition et mise en uvre d un systeme integre de gestion de bibliotheque et d un portail pour la mise en reseau des bibliotheques et la creation du portail de lecture publique","[""https://www.boamp.fr/pages/avis/?q=idweb:16-172321"", ""https://www.boamp.fr/pages/avis/?q=idweb:17-858"", ""https://www.boamp.fr/pages/avis/?q=idweb:17-87426""]",108,25,,,,,,,,,,,,,,,,NOT_STARTED,NO_OBSERVED_SUCCESSOR_IN_SCOPE,[],MEDIUM,"[""https://www.boamp.fr/pages/avis/?q=idweb:16-172321"", ""https://www.boamp.fr/pages/avis/?q=idweb:17-858"", ""https://www.boamp.fr/pages/avis/?q=idweb:17-87426"", ""https://www.boamp.fr/pages/avis/?q=idweb:21-79993"", ""https://www.boamp.fr/pages/avis/?q=idweb:21-151139"", ""https://www.boamp.fr/pages/avis/?q=idweb:21-69871"", ""https://www.boamp.fr/pages/avis/?q=idweb:22-178"", ""https://www.boamp.fr/pages/avis/?q=idweb:21-48805"", ""https://www.boamp.fr/pages/avis/?q=idweb:21-109275""]","No later episode in the supplied BOAMP review candidates matched both the buyer continuity and the anchor's specific functional need. The reviewed candidates concerned materially different procurements. This is a corpus-relative negative, not proof that no renewal occurred.",True,,,SINGLE_EVIDENCE_REVIEW_SUPPLIED_BOAMP_CORPUS,BOAMP supplied corpus and official notice URLs; no exhaustive TED/DECP search,2026-08-11,internship_v1.0
RV-114,LOCKED_TEST,CPV-32|buyer_id_missing|duration,112,12,0.1071428571428571,9.333333333333334,EP-c5dbe75a246e1eb7,"[""18-126121"", ""19-335""]",2019-01-04,2021-01-04,,Brest métropole,"[""Bretagne""]","[""64200000"", ""64212000"", ""32250000"", ""32522000""]",CPV-32,23.984,"services et fournitures de telecommunications relance des lots no 2 et 3 services de telephonie mobile equipements de telephonie mobile accords cadres mono attributaires s executant au fur et a mesure de l emission de bons de commande concernant des prestations de services et fournitures de telephonie mobile la mise en oeuvre et le maintien en condition operationnelle de ces services et materiels brest metropole est coordonnateur du groupement de commandes constitue pour l achat de fournitures et services dans le domaine de l informatique et des telecommunications obligation de mise a disposition d une carte sim pour tests du reseau du candidat pour le lot no2 et de materiels pour tests d utilisation pour le lot no 3 duree pour les 2 lots du 1er janvier 2019 ou de la date de notification si elle est posterieure au 31 decembre 2020 pour la periode initiale pour tous les membres du groupement sauf pour la ville du relecq kerhuon pour laquelle l accord cadre est conclu du 1er avril 2020 ou de la date de notification si elle est posterieure au 31 decembre 2020 pour la periode initiale services et fournitures de telecommunications lot no2 services de telephonie mobile services et fournitures de telecommunications lot no3 equipements de telephonie mobile 
 services et fournitures de telecommunications relance des lots no 2 et 3 services de telephonie mobile equipements de telephonie mobile accords cadres mono attributaires s executant au fur et a mesure de l emission de bons de commande concernant des prestations de services et fournitures de telephonie mobile la mise en oeuvre et le maintien en condition operationnelle de ces services et materiels brest metropole est coordonnateur du groupement de commandes constitue pour l achat de fournitures et services dans le domaine de l informatique et des telecommunications obligation de mise a disposition d une carte sim pour tests du reseau du candidat pour le lot no2 et de materiels pour tests d utilisation pour le lot no 3 duree pour les 2 lots du 1er janvier 2019 ou de la date de notification si elle est posterieure au 31 decembre 2020 pour la periode initiale pour tous les membres du groupement sauf pour la ville du relecq kerhuon pour laquelle l accord cadre est conclu du 1er avril 2020 ou de la date de notification si elle est posterieure au 31 decembre 2020 pour la periode initiale services et fournitures de telecommunications lot no2 services de telephonie mobile services et fournitures de telecommunications lot no3 equipements de telephonie mobile services de telephonie mobile equipements de telephonie mobile","[""https://www.boamp.fr/pages/avis/?q=idweb:18-126121"", ""https://www.boamp.fr/pages/avis/?q=idweb:19-335""]",404,25,,,,,,,,,,,,,,,,NOT_STARTED,OBSERVED_SUCCESSOR,"[""EP-61602762e94b15d4""]",HIGH,"[""https://www.boamp.fr/pages/avis/?q=idweb:18-126121"", ""https://www.boamp.fr/pages/avis/?q=idweb:19-335"", ""https://www.boamp.fr/pages/avis/?q=idweb:22-58440"", ""https://www.boamp.fr/pages/avis/?q=idweb:22-78991"", ""https://www.boamp.fr/pages/avis/?q=idweb:22-151258""]",Same buyer and a later framework for the same telecommunications-services need.,True,,,SINGLE_EVIDENCE_REVIEW_SUPPLIED_BOAMP_CORPUS,BOAMP supplied corpus and official notice URLs; no exhaustive TED/DECP search,2026-08-11,internship_v1.0
RV-115,LOCKED_TEST,CPV-32|buyer_id_missing|duration_missing,24,12,0.5,2.0,EP-1d7a072f7352ac7d,"[""16-68157""]",2016-05-14,,,Commune des Herbiers,"[""Pays de la Loire""]","[""32424000""]",CPV-32,,marche public relatif a l acquisition et la maintenance d equipements d infrastr marche public relatif a l acquisition et la maintenance d equipements d infrastructure reseaux lan et wifi et telephonie marche a bons de commande marche public relatif a l acquisition et la maintenance d equipements d infrastructure reseaux lan et wifi et telephonie marche a bons de commande montant minimum annuel de 6 000 euros ht et montant maximum annuel de 90 000 euros ht,"[""https://www.boamp.fr/pages/avis/?q=idweb:16-68157""]",43,25,,,,,,,,,,,,,,,,NOT_STARTED,NO_OBSERVED_SUCCESSOR_IN_SCOPE,[],MEDIUM,"[""https://www.boamp.fr/pages/avis/?q=idweb:16-68157"", ""https://www.boamp.fr/pages/avis/?q=idweb:20-82963"", ""https://www.boamp.fr/pages/avis/?q=idweb:20-85371"", ""https://www.boamp.fr/pages/avis/?q=idweb:20-91352"", ""https://www.boamp.fr/pages/avis/?q=idweb:20-124117"", ""https://www.boamp.fr/pages/avis/?q=idweb:21-2051"", ""https://www.boamp.fr/pages/avis/?q=idweb:21-57020"", ""https://www.boamp.fr/pages/avis/?q=idweb:20-892""]","No later episode in the supplied BOAMP review candidates matched both the buyer continuity and the anchor's specific functional need. The reviewed candidates concerned materially different procurements. This is a corpus-relative negative, not proof that no renewal occurred.",True,,,SINGLE_EVIDENCE_REVIEW_SUPPLIED_BOAMP_CORPUS,BOAMP supplied corpus and official notice URLs; no exhaustive TED/DECP search,2026-08-11,internship_v1.0
RV-116,LOCKED_TEST,CPV-48|buyer_id|duration,106,8,0.0754716981132075,13.25,EP-8997254e267a10d9,"[""18-101085"", ""19-24293""]",2019-02-16,2024-02-17,274900034.0,MAINE LOIRE HABITAT OFFICE PUB HABITAT,"[""Pays de la Loire""]","[""72700000"", ""48800000""]",CPV-48,60.0,hebergement et infogerance de serveurs groupement de commande hebergement et infogerance de serveurs,"[""https://www.boamp.fr/pages/avis/?q=idweb:18-101085"", ""https://www.boamp.fr/pages/avis/?q=idweb:19-24293""]",63,25,,,,,,,,,,,,,,,,NOT_STARTED,OBSERVED_SUCCESSOR,"[""EP-4b6003c67c4ce66a""]",HIGH,"[""https://www.boamp.fr/pages/avis/?q=idweb:18-101085"", ""https://www.boamp.fr/pages/avis/?q=idweb:19-24293"", ""https://www.boamp.fr/pages/avis/?q=idweb:23-72834"", ""https://www.boamp.fr/pages/avis/?q=idweb:23-143704""]",Same buyer group and a later procurement with the same server hosting and managed-services need.,True,,,SINGLE_EVIDENCE_REVIEW_SUPPLIED_BOAMP_CORPUS,BOAMP supplied corpus and official notice URLs; no exhaustive TED/DECP search,2026-08-11,internship_v1.0
RV-117,LOCKED_TEST,CPV-35|buyer_id|duration,3,3,1.0,1.0,EP-901eb94042c4e9a0,"[""22-165897"", ""23-61919""]",2023-05-07,2024-05-07,193509361.0,Université de Rennes 1,"[""Bretagne""]","[""35613000"", ""34700000"", ""34711200"", ""34741000"", ""38433000"", ""38341000"", ""38296000"", ""38126300"", ""50210000""]",CPV-35,12.0,"acquisition d equipements de mesures par drones et instrumentation au sol des changements environnementaux et paysagers pour l observatoire des sciences de l univers de rennes osur cette consultation a pour objet la fourniture la livraison la mise en service et la formation a la mise en oeuvre d equipements d acquisition de donnees d observations a distance et in situ des changements environnementaux et paysagers le descriptif des prestations attendues est detaille dans le cctp le lieu de la livraison de la fourniture est pour tous les lots universite de rennes 2 letg rennes place du recteur henri le moal 35043 rennes cedex programme de financement cper feder les equipements scientifiques faisant l objet du present marche s inserent dans le cadre du projet glaz porte par l universite de rennes 1 et finance dans le cadre du dispositif cper 2021 2027 integrant des financements de l union europeenne feder capteur superspectral ou hyperspectral pour drone la plateforme d2t dispose d un drone de type trinity f90 et d un matrice 300 rtk sur lesquels il est souhaite un capteur multispectral couvrant a minima le domaine 0 9 1 7 m swir et complete soit d un capteur multispectral visnir 0 4 0 7 m soit d un capteur thermique 7 14 m le descriptif des prestations attendues est detaille au cctp spectroradiometre de terrain la plateforme d2t souhaite s equiper d un spectroradiometre de terrain repondant aux specificites suivantes spectroradiometre vis nir swir portable dedie a des mesures de terrain pour des applications analytiques sur sols roches environnements urbains champs plantes et egalement utilisable pour des mesures en laboratoire l instrument doit pouvoir fonctionner sur des echantillons bruts sans aucune preparation d echantillon au prealable nous souhaitons une gamme spectrale vnir swir 350 2500nm avec une precision en longueur d onde de 0 5 nm et un intervalle de mesure tous les 2 nm sur toute la gamme de meme la resolution spectrale devra etre a minima de 3nm sur la gamme vnir et de 10nm sur la gamme swir l instrument seul doit etre portable et robuste son poids doit etre leger si possible inferieur a 6kg pour des mesures fiables et precises sans contact il sera indispensable que l instrument soit dote d un cable de fibres optiques directement relie aux detecteurs internes pas de connexion externe type sma 905 le descriptif des prestations attendues est detaille au cctp drone multicoptere pour le milieu urbain pour l acquisition de donnees 3d la plateforme d2t souhaite s equiper d un drone et de capteurs permettant l acquisition de donnees 3d en milieu urbain et repondant aux caracteristiques suivantes drone multicoptere neuf ou d occasion d une autonomie superieure a 30 35 min homologue s1 s2 et s3 capacite d emport charge utile superieure a 1kg avec capteurs interchangeables logiciel de planification de vol et telecommande manuelle avec retour video kit de securite s3 parachutes systeme de coupure independante etc capteur lidar capteur photogrammetrique rgb 35mpx possibilite d alimenter de futurs capteurs independants materiel et accessoires facilitant son utilisation batteries supplementaires valise de transport le descriptif des prestations attendues est detaille au cctp instrumentation de terrain pour la mesure de la vegetation lai et par la plateforme d2t souhaite s equiper d un instrument de mesure qui permettra de capturer simultanement des images de la canopee des plantes de mesurer l indice foliaire des feuilles leaf area index lai et le niveau de la radiation photosynthetiquement active par a partir d un simple scan de la canopee cet instrument de mesure devra avoir les caracteristiques techniques suivantes ecran tactile de visualisation declencheur a retardateur possible mesures possibles a l aide de champs de visee differents mesure des coefficients de transmission de la radiation diffuse facteur de vue du ciel et des coefficients d extinction de la canopee des plantes pour chaque mesure appareil leger 1kg et compacte camera grand angle 140 un etui de transport protegeant le materielle descriptif des prestations attendues est detaille au cctp instrumentation de terrain pour la mesure de l humidite du sol la plateforme d2t souhaite s equiper d un instrument de mesure permettant de mesurer l humidite et la temperature du sol cet instrument de mesure devra avoir les caracteristiques techniques suivantes mesure directe l humidite volumique du sol valeur brute et relative possibilite d installer plusieurs longueurs de broche et de les remplacer possibilite de mesures en surface mobile et de facon permanente ainsi que des mesures verticales et horizontales possibilite de realiser un etalonnage specifique selon les conditions de sol possibilite de realiser des mesures jusqu a des conductivites electriques de l ordre de 10ms cm un etui de transport protegeant le materiel le descriptif des prestations attendues est detaille au cctp instrumentation de terrain pour la mesure de temperature de surface la plateforme d2t souhaite s equiper d un instrument de mesure de temperature de surface cet instrument de mesure devra avoir les caracteristiques techniques suivantes acquisition de donnees de temperature de surface dans le domaine 7 14 m petite dimension et poids inferieur a 800g pour de la mesure mobile possibilite d integration sur perche pour de la mesure nadir deportee et ou sur drone precision de la mesure de 20 a 40mk resolution des images au minimum 640 x 480 pixels logiciel d exploitation inclus acquisition possible soit manuellement soit par intervallometre ou autre gps optique inferieure ouverture de champs a 25 possibilite de changer d optique ouverture de champs le descriptif des prestations attendues est detaille au cctp accessoire et capteur thermique pour drone leger de type aile rigide la plateforme d2t dispose d un drone de type ebee x sur lequel il est souhaite les accessoires et capteur suivants une camera thermique domaine infrarouge thermique resolution capteur 640x512 pixels avec sa valise de transport et accessoires une solution de geopositionnement centimetrique en temps reel rtk ou en post traitement ppk le descriptif des prestations attendues est detaille au cctp capteur thermique pour drone lourd de type aile rigide la plateforme d2t dispose d un drone trinity f90 sur lequel il est souhaite le capteur suivant une camera thermique domaine infrarouge thermique 7 14 m couplee a minima avec une camera rgb avec sa valise de transport et accessoires le descriptif des prestations attendues est detaille au cctp suite logicielle de pretraitement de donnees lidar la plateforme d2t dispose d un capteur qube240 equipant son drone trinity f90 et souhaite acquerir un logiciel une suite logicielle avec licence perpetuelle de pre traitement des donnees lidar ce logiciel est destine a aligner les donnees acquises par lignes de vol les mosaiquer et les rendre exploitables dans des logiciels de traitement de nuages de points le descriptif des prestations attendues est detaille au cctp dpgs centimetrique la plateforme d2t souhaite s equiper d un gps differentiel dgps repondant aux specificites suivantes precision centimetrique 1 a 3cm en rtk et ou post traitement capacite a acquerir de la donnee centimetrique en zone blanche pas de reseau mobile absence de base centipede par exemple ou a l international logiciel d exploitation du dgps compatibilite du materiel a etre une base ou un element mobile compatible avec des dgps trimble geo7x dont dispose deja la plateforme d2t accessoires ameliorant l autonomie 3 batteries au total interchangeables a chaud et la protection du materiel valise etancheite normes ip54 ou 65 le descriptif des prestations attendues est detaille au cctp 
 acquisition d equipements de mesures par drones et instrumentation au sol des changements environnementaux et paysagers pour l observatoire des sciences de l univers de rennes osur cette consultation a pour objet la fourniture la livraison la mise en service et la formation a la mise en oeuvre d equipements d acquisition de donnees d observations a distance et in situ des changements environnementaux et paysagers le descriptif des prestations attendues est detaille dans le cctp le lieu de la livraison de la fourniture est pour tous les lots universite de rennes 2 letg rennes place du recteur henri le moal 35043 rennes cedex programme de financement cper feder les equipements scientifiques faisant l objet du present marche s inserent dans le cadre du projet glaz porte par l universite de rennes et finance dans le cadre du dispositif cper 2021 2027 integrant des financements de l union europeenne feder capteur superspectral ou hyperspectral pour drone la plateforme d2t dispose d un drone de type trinity f90 et d un matrice 300 rtk sur lesquels il est souhaite un capteur multispectral couvrant a minima le domaine 0 9 1 7 m swir et complete soit d un capteur multispectral visnir 0 4 0 7 m soit d un capteur thermique 7 14 m le descriptif des prestations attendues est detaille au cctp spectroradiometre de terrain la plateforme d2t souhaite s equiper d un spectroradiometre de terrain repondant aux specificites suivantes spectroradiometre vis nir swir portable dedie a des mesures de terrain pour des applications analytiques sur sols roches environnements urbains champs plantes et egalement utilisable pour des mesures en laboratoire l instrument doit pouvoir fonctionner sur des echantillons bruts sans aucune preparation d echantillon au prealable nous souhaitons une gamme spectrale vnir swir 350 2500nm avec une precision en longueur d onde de 0 5 nm et un intervalle de mesure tous les 2 nm sur toute la gamme de meme la resolution spectrale devra etre a minima de 3nm sur la gamme vnir et de 10nm sur la gamme swir l instrument seul doit etre portable et robuste son poids doit etre leger si possible inferieur a 6kg pour des mesures fiables et precises sans contact il sera indispensable que l instrument soit dote d un cable de fibres optiques directement relie aux detecteurs internes pas de connexion externe type sma 905 le descriptif des prestations attendues est detaille au cctp drone multicoptere pour le milieu urbain pour l acquisition de donnees 3d la plateforme d2t souhaite s equiper d un drone et de capteurs permettant l acquisition de donnees 3d en milieu urbain et repondant aux caracteristiques suivantes drone multicoptere neuf ou d occasion d une autonomie superieure a 30 35 min homologue s1 s2 et s3 capacite d emport charge utile superieure a 1kg avec capteurs interchangeables logiciel de planification de vol et telecommande manuelle avec retour video kit de securite s3 parachutes systeme de coupure independante etc capteur lidar capteur photogrammetrique rgb 35mpx possibilite d alimenter de futurs capteurs independants materiel et accessoires facilitant son utilisation batteries supplementaires valise de transport le descriptif des prestations attendues est detaille au cctp instrumentation de terrain pour la mesure de la vegetation lai et par la plateforme d2t souhaite s equiper d un instrument de mesure qui permettra de capturer simultanement des images de la canopee des plantes de mesurer l indice foliaire des feuilles leaf area index lai et le niveau de la radiation photosynthetiquement active par a partir d un simple scan de la canopee cet instrument de mesure devra avoir les caracteristiques techniques suivantes ecran tactile de visualisation declencheur a retardateur possible mesures possibles a l aide de champs de visee differents mesure des coefficients de transmission de la radiation diffuse facteur de vue du ciel et des coefficients d extinction de la canopee des plantes pour chaque mesure appareil leger 1kg et compacte camera grand angle 140 un etui de transport protegeant le materielle descriptif des prestations attendues est detaille au cctp instrumentation de terrain pour la mesure de l humidite du sol la plateforme d2t souhaite s equiper d un instrument de mesure permettant de mesurer l humidite et la temperature du sol cet instrument de mesure devra avoir les caracteristiques techniques suivantes mesure directe l humidite volumique du sol valeur brute et relative possibilite d installer plusieurs longueurs de broche et de les remplacer possibilite de mesures en surface mobile et de facon permanente ainsi que des mesures verticales et horizontales possibilite de realiser un etalonnage specifique selon les conditions de sol possibilite de realiser des mesures jusqu a des conductivites electriques de l ordre de 10ms cm un etui de transport protegeant le materiel le descriptif des prestations attendues est detaille au cctp instrumentation de terrain pour la mesure de temperature de surface la plateforme d2t souhaite s equiper d un instrument de mesure de temperature de surface cet instrument de mesure devra avoir les caracteristiques techniques suivantes acquisition de donnees de temperature de surface dans le domaine 7 14 m petite dimension et poids inferieur a 800g pour de la mesure mobile possibilite d integration sur perche pour de la mesure nadir deportee et ou sur drone precision de la mesure de 20 a 40mk resolution des images au minimum 640 x 480 pixels logiciel d exploitation inclus acquisition possible soit manuellement soit par intervallometre ou autre gps optique inferieure ouverture de champs a 25 possibilite de changer d optique ouverture de champs le descriptif des prestations attendues est detaille au cctp accessoire et capteur thermique pour drone leger de type aile rigide la plateforme d2t dispose d un drone de type ebee x sur lequel il est souhaite les accessoires et capteur suivants une camera thermique domaine infrarouge thermique resolution capteur 640x512 pixels avec sa valise de transport et accessoires une solution de geopositionnement centimetrique en temps reel rtk ou en post traitement ppk le descriptif des prestations attendues est detaille au cctp capteur thermique pour drone lourd de type aile rigide la plateforme d2t dispose d un drone trinity f90 sur lequel il est souhaite le capteur suivant une camera thermique domaine infrarouge thermique 7 14 m couplee a minima avec une camera rgb avec sa valise de transport et accessoires le descriptif des prestations attendues est detaille au cctp suite logicielle de pretraitement de donnees lidar la plateforme d2t dispose d un capteur qube240 equipant son drone trinity f90 et souhaite acquerir un logiciel une suite logicielle avec licence perpetuelle de pre traitement des donnees lidar ce logiciel est destine a aligner les donnees acquises par lignes de vol les mosaiquer et les rendre exploitables dans des logiciels de traitement de nuages de points le descriptif des prestations attendues est detaille au cctp dpgs centimetrique la plateforme d2t souhaite s equiper d un gps differentiel dgps repondant aux specificites suivantes precision centimetrique 1 a 3cm en rtk et ou post traitement capacite a acquerir de la donnee centimetrique en zone blanche pas de reseau mobile absence de base centipede par exemple ou a l international logiciel d exploitation du dgps compatibilite du materiel a etre une base ou un element mobile compatible avec des dgps trimble geo7x dont dispose deja la plateforme d2t accessoires ameliorant l autonomie 3 batteries au total interchangeables a chaud et la protection du materiel valise etancheite normes ip54 ou 65 le descriptif des prestations attendues est detaille au cctp lot 1 capteur superspectral ou hyperspectral pour drone lot 2 spectroradiometre de terrain lot 3 drone multicoptere pour le milieu urbain pour l acquisition de donnees 3d lot 4 instrumentation de terrain pour la mesure de la vegetation lai et par lot 5 instrumentation de terrain pour la mesure de l humidite du sol lot 6 instrumentation de terrain pour la mesure de temperature de surface lot 7 accessoire et capteur thermique pour drone leger de type aile rigide lot 8 capteur thermique pour drone lourd de type aile rigide lot 9 suite logicielle de pretraitement de donnees lidar lot 10 dpgs centimetrique","[""https://www.boamp.fr/pages/avis/?q=idweb:22-165897"", ""https://www.boamp.fr/pages/avis/?q=idweb:23-61919""]",148,25,,,,,,,,,,,,,,,,NOT_STARTED,NO_OBSERVED_SUCCESSOR_IN_SCOPE,[],MEDIUM,"[""https://www.boamp.fr/pages/avis/?q=idweb:22-165897"", ""https://www.boamp.fr/pages/avis/?q=idweb:23-61919"", ""https://www.boamp.fr/pages/avis/?q=idweb:23-177737"", ""https://www.boamp.fr/pages/avis/?q=idweb:23-166095"", ""https://www.boamp.fr/pages/avis/?q=idweb:23-136047"", ""https://www.boamp.fr/pages/avis/?q=idweb:23-151348"", ""https://www.boamp.fr/pages/avis/?q=idweb:24-3108""]","No later episode in the supplied BOAMP review candidates matched both the buyer continuity and the anchor's specific functional need. The reviewed candidates concerned materially different procurements. This is a corpus-relative negative, not proof that no renewal occurred.",True,,,SINGLE_EVIDENCE_REVIEW_SUPPLIED_BOAMP_CORPUS,BOAMP supplied corpus and official notice URLs; no exhaustive TED/DECP search,2026-08-11,internship_v1.0
RV-118,LOCKED_TEST,CPV-32|buyer_id|duration,48,12,0.25,4.0,EP-b1eea7e2fd5459b4,"[""18-26654"", ""19-111967""]",2019-07-20,,130018559.0,GIP Vendée Numérique,"[""Pays de la Loire""]","[""32424000"", ""32562000"", ""45200000"", ""50332000""]",CPV-32,144.0,"conception realisation exploitation maintenance du reseau de communications electroniques d initiative publique vendeen a tres haut debit en fibre optique 100 ftth le marche public global de performance porte sur la conception la realisation l exploitation y compris maintenance d un reseau de fibre optique d environ 260 000 prises pour assurer la couverture 100 ftth du rip dans la continuite du 1er marche crem de 75 000 prises ftth environ les orientations sur les engagements de performance les principales donnees du marche et la description des tranches sont presentes dans la notice descriptive jointe la date de demarrage previsionnel du marche est avril 2019 le debut des travaux est prevu dans un delai de 8 mois apres la notification du marche et pour une duree previsionnelle de travaux maximum de 6 ans 2020 25 le dce sera envoye aux candidats agrees apres analyse et selection de leurs candidatures en avril 2018 pour une remise des offres en septembre octobre 2018 la prime relative aux etudes pour l offre s eleve a maximum 200 000 euro s ht suivant les modalites definies dans la notice 
 conception realisation exploitation maintenance du reseau de communications electroniques d initiative publique vendeen a tres haut debit en fibre optique 100 ftth conception realisation exploitation maintenance du reseau de communications electroniques d initi le marche public global de performance porte sur la conception la realisation l exploitation y compris maintenance d un reseau de fibre optique d environ 260 000 prises pour assurer la couverture 100 ftth du rip dans la continuite du 1er marche crem de 75 000 prises ftth environ les orientations sur les engagements de performance les principales donnees du marche et la description des tranches sont presentes dans la notice descriptive jointe la date de demarrage previsionnel du marche est avril 2019 le debut des travaux est prevu dans un delai de 8 mois apres la notification du marche et pour une duree previsionnelle de travaux maximum de 6 ans 2020 25 le dce sera envoye aux candidats agrees apres analyse et selection de leurs candidatures en avril 2018 pour une remise des offres en septembre octobre 2018 la prime relative aux etudes pour l offre s eleve a","[""https://www.boamp.fr/pages/avis/?q=idweb:18-26654"", ""https://www.boamp.fr/pages/avis/?q=idweb:19-111967""]",2,2,,,,,,,,,,,,,,,,NOT_STARTED,NO_OBSERVED_SUCCESSOR_IN_SCOPE,[],MEDIUM,"[""https://www.boamp.fr/pages/avis/?q=idweb:18-26654"", ""https://www.boamp.fr/pages/avis/?q=idweb:19-111967"", ""https://www.boamp.fr/pages/avis/?q=idweb:23-23385"", ""https://www.boamp.fr/pages/avis/?q=idweb:23-140591"", ""https://www.boamp.fr/pages/avis/?q=idweb:23-168680""]","No later episode in the supplied BOAMP review candidates matched both the buyer continuity and the anchor's specific functional need. The reviewed candidates concerned materially different procurements. This is a corpus-relative negative, not proof that no renewal occurred.",True,,,SINGLE_EVIDENCE_REVIEW_SUPPLIED_BOAMP_CORPUS,BOAMP supplied corpus and official notice URLs; no exhaustive TED/DECP search,2026-08-11,internship_v1.0
RV-119,LOCKED_TEST,CPV-32|buyer_id_missing|duration,112,12,0.1071428571428571,9.333333333333334,EP-a9b0cb511a30cb9f,"[""22-70224"", ""22-138674""]",2022-10-19,2023-04-20,,Ville de Vernon,"[""Normandie""]","[""32323500"", ""45314320""]",CPV-32,6.0,"extension du dispositif de video protection urbaine de la ville de vernon m2022 013 extension du dispositif de video protection urbaine de la ville de vernon phase 5 la ville de vernon 27 a implante un systeme de video protection urbaine sur son territoire le dispositif comprend actuellement 79 cameras reliees en technologie radio ou fibre optique vers un dispositif d enregistrement centralise la ville souhaite maintenant realiser une extension de son systeme constituant la phase no 5 objet du present marche elle a fait realiser une etude technique par un bureau d etudes specialise afin de determiner les emplacements des equipements d acquisition d images et les liaisons le projet prevoit dans cette phase la mise en place de 23 nouvelles cameras extension du systeme de video protection urbaine partie video interconnexion des sites en fibre optique par location blo 
 extension du dispositif de video protection urbaine de la ville de vernon phase 5 m2022 013 extension du dispositif de video protection urbaine de la ville de vernon phase 5 la ville de vernon 27 a implante un systeme de video protection urbaine sur son territoire le dispositif comprend actuellement 79 cameras reliees en technologie radio ou fibre optique vers un dispositif d enregistrement centralise la ville souhaite maintenant realiser une extension de son systeme constituant la phase no 5 objet du present marche elle a fait realiser une etude technique par un bureau d etudes specialise afin de determiner les emplacements des equipements d acquisition d images et les liaisons le projet prevoit dans cette phase la mise en place de 23 nouvelles cameras extension du systeme de video protection urbaine partie video interconnexion des sites en fibre optique par location blo","[""https://www.boamp.fr/pages/avis/?q=idweb:22-70224"", ""https://www.boamp.fr/pages/avis/?q=idweb:22-138674""]",32,25,,,,,,,,,,,,,,,,NOT_STARTED,OBSERVED_SUCCESSOR,"[""EP-dee7bbe13c438700""]",HIGH,"[""https://www.boamp.fr/pages/avis/?q=idweb:22-70224"", ""https://www.boamp.fr/pages/avis/?q=idweb:22-138674"", ""https://www.boamp.fr/pages/avis/?q=idweb:23-89021""]",The later group procurement explicitly includes Vernon and continues acquisition or extension of the municipal video-protection system.,True,,,SINGLE_EVIDENCE_REVIEW_SUPPLIED_BOAMP_CORPUS,BOAMP supplied corpus and official notice URLs; no exhaustive TED/DECP search,2026-08-11,internship_v1.0
RV-120,LOCKED_TEST,CPV-72|buyer_id|duration_missing,26,7,0.2692307692307692,3.7142857142857135,EP-c43e3c1bc71270ca,"[""19-35582""]",2019-03-08,,200084952.0,CU AGL HAVRAISE CANT CRIQUETOT ESNEVAL,"[""Normandie""]","[""72212600"", ""72212100""]",CPV-72,,refonte informatique du reseau d alerte a la population de la codah refonte informatique et logicielle de la supervision des sirenes mise a niveau des automates motorola,"[""https://www.boamp.fr/pages/avis/?q=idweb:19-35582""]",430,25,,,,,,,,,,,,,,,,NOT_STARTED,NO_OBSERVED_SUCCESSOR_IN_SCOPE,[],MEDIUM,"[""https://www.boamp.fr/pages/avis/?q=idweb:19-35582"", ""https://www.boamp.fr/pages/avis/?q=idweb:23-33033"", ""https://www.boamp.fr/pages/avis/?q=idweb:23-36398"", ""https://www.boamp.fr/pages/avis/?q=idweb:23-30968"", ""https://www.boamp.fr/pages/avis/?q=idweb:23-155981"", ""https://www.boamp.fr/pages/avis/?q=idweb:22-97563""]","No later episode in the supplied BOAMP review candidates matched both the buyer continuity and the anchor's specific functional need. The reviewed candidates concerned materially different procurements. This is a corpus-relative negative, not proof that no renewal occurred.",True,,,SINGLE_EVIDENCE_REVIEW_SUPPLIED_BOAMP_CORPUS,BOAMP supplied corpus and official notice URLs; no exhaustive TED/DECP search,2026-08-11,internship_v1.0
